municipality_code,station_name,operator,line,latitude,longitude,passengers,address_distance_km
02201,大釈迦,東日本旅客鉄道,奥羽線,40.756669,140.587814,0,0.171
02201,奥内,東日本旅客鉄道,津軽線,40.903118,140.67225,0,0.225
02201,小柳,青い森鉄道,青い森鉄道線,40.81795,140.797691,1034,0.191
02201,左堰,東日本旅客鉄道,津軽線,40.917485,140.665812,0,1.044
02201,後潟,東日本旅客鉄道,津軽線,40.931347,140.662529,0,1.117
02201,新青森,北海道旅客鉄道,北海道新幹線,40.828099,140.69345,0,0.162
02201,新青森,東日本旅客鉄道,東北新幹線,40.828099,140.69345,0,0.162
02201,新青森,東日本旅客鉄道,奥羽線,40.827563,140.693364,8780,0.198
02201,東青森,青い森鉄道,青い森鉄道線,40.810512,140.783379,1278,0.105
02201,油川,東日本旅客鉄道,津軽線,40.856653,140.690618,0,0.304
02201,津軽宮田,東日本旅客鉄道,津軽線,40.887027,140.674438,0,0.087
02201,津軽新城,東日本旅客鉄道,奥羽線,40.827823,140.671499,0,0.955
02201,浅虫温泉,青い森鉄道,青い森鉄道線,40.891407,140.862472,616,0.016
02201,浪岡,東日本旅客鉄道,奥羽線,40.710443,140.580947,1608,0.166
02201,矢田前,青い森鉄道,青い森鉄道線,40.833781,140.807111,1387,0.072
02201,筒井,青い森鉄道,青い森鉄道線,40.805721,140.769453,1550,0.197
02201,野内,青い森鉄道,青い森鉄道線,40.846086,140.816896,965,0.316
02201,青森,東日本旅客鉄道,奥羽線,40.830323,140.73467,0,0.253
02201,青森,東日本旅客鉄道,津軽線,40.830323,140.73467,15357,0.253
02201,青森,青い森鉄道,青い森鉄道線,40.830323,140.73467,0,0.253
02201,鶴ヶ坂,東日本旅客鉄道,奥羽線,40.791167,140.635149,0,0.819
02202,中央弘前,弘南鉄道,大鰐線,40.599161,140.472286,411,0.097
02202,千年,弘南鉄道,大鰐線,40.567301,140.480311,92,0.136
02202,小栗山,弘南鉄道,大鰐線,40.564302,140.486662,10,0.125
02202,弘前,弘南鉄道,弘南線,40.598558,140.485847,2209,0.105
02202,弘前,東日本旅客鉄道,奥羽線,40.599991,140.484903,7790,0.176
02202,弘前学院大前,弘南鉄道,大鰐線,40.583371,140.470655,162,0.166
02202,弘前東高前,弘南鉄道,弘南線,40.592008,140.489109,194,0.157
02202,弘高下,弘南鉄道,大鰐線,40.592969,140.468252,58,0.089
02202,撫牛子,東日本旅客鉄道,奥羽線,40.621526,140.497799,0,0.171
02202,新里,弘南鉄道,弘南線,40.587396,140.520051,49,0.274
02202,松木平,弘南鉄道,大鰐線,40.560683,140.497155,15,0.204
02202,津軽大沢,弘南鉄道,大鰐線,40.55783,140.51651,109,0.052
02202,石川,弘南鉄道,大鰐線,40.550901,140.541465,109,0.131
02202,石川,東日本旅客鉄道,奥羽線,40.556135,140.530758,0,0.09
02202,石川プール前,弘南鉄道,大鰐線,40.543156,140.550456,28,0.087
02202,義塾高校前,弘南鉄道,大鰐線,40.555809,140.527518,84,0.134
02202,聖愛中高前,弘南鉄道,大鰐線,40.577162,140.472715,97,0.204
02202,運動公園前,弘南鉄道,弘南線,40.589401,140.503013,205,0.271
02203,プレイピア白浜,東日本旅客鉄道,八戸線,40.524451,141.581583,0,0.344
02203,八戸,東日本旅客鉄道,東北新幹線,40.509329,141.430929,0,0.055
02203,八戸,東日本旅客鉄道,八戸線,40.509199,141.431401,11386,0.028
02203,八戸,青い森鉄道,青い森鉄道線,40.509199,141.431401,2738,0.028
02203,北高岩,青い森鉄道,青い森鉄道線,40.475322,141.40578,27,0.064
02203,大久喜,東日本旅客鉄道,八戸線,40.495134,141.622953,0,0.114
02203,小中野,東日本旅客鉄道,八戸線,40.518774,141.510108,0,0.085
02203,本八戸,東日本旅客鉄道,八戸線,40.516377,141.488993,1954,0.23
02203,白銀,東日本旅客鉄道,八戸線,40.52202,141.541736,0,0.099
02203,種差海岸,東日本旅客鉄道,八戸線,40.506915,141.607354,0,0.133
02203,金浜,東日本旅客鉄道,八戸線,40.476007,141.637309,0,0.23
02203,長苗代,東日本旅客鉄道,八戸線,40.521352,141.46584,0,0.221
02203,陸奥市川,青い森鉄道,青い森鉄道線,40.563047,141.439061,272,0.189
02203,陸奥湊,東日本旅客鉄道,八戸線,40.523179,141.527402,0,0.045
02203,陸奥白浜,東日本旅客鉄道,八戸線,40.516638,141.59229,0,0.186
02203,鮫,東日本旅客鉄道,八戸線,40.530241,141.554976,494,0.098
02204,境松,弘南鉄道,弘南線,40.64885,140.575755,37,0.182
02204,黒石,弘南鉄道,弘南線,40.648346,140.591033,1202,0.076
02205,五所川原,東日本旅客鉄道,五能線,40.808807,140.447974,1414,0.1
02205,五農校前,津軽鉄道,津軽鉄道線,40.821019,140.478466,165,0.25
02205,十川,津軽鉄道,津軽鉄道線,40.817544,140.457051,9,0.355
02205,嘉瀬,津軽鉄道,津軽鉄道線,40.880976,140.469368,43,0.279
02205,川倉,津軽鉄道,津軽鉄道線,40.926322,140.443704,8,0.849
02205,毘沙門,津軽鉄道,津軽鉄道線,40.858065,140.477736,2,0.395
02205,津軽五所川原,津軽鉄道,津軽鉄道線,40.810106,140.448682,512,0.176
02205,津軽飯詰,津軽鉄道,津軽鉄道線,40.829593,140.47941,18,0.239
02205,芦野公園,津軽鉄道,津軽鉄道線,40.912232,140.451643,67,1.277
02205,金木,津軽鉄道,津軽鉄道線,40.902955,140.459948,182,2.251
02206,ひがし野団地,十和田観光電鉄,十和田観光電鉄線,40.626591,141.223798,0,0.312
02206,三農校前,十和田観光電鉄,十和田観光電鉄線,40.636785,141.267443,0,0.866
02206,北里大学前,十和田観光電鉄,十和田観光電鉄線,40.628497,141.236458,0,0.416
02206,十和田市,十和田観光電鉄,十和田観光電鉄線,40.623741,141.214035,0,0.143
02206,工業高校前,十和田観光電鉄,十和田観光電鉄線,40.627324,141.229291,0,0.104
02206,高清水,十和田観光電鉄,十和田観光電鉄線,40.634848,141.258945,0,0.359
02207,三沢,十和田観光電鉄,十和田観光電鉄線,40.6684,141.35366,0,0.212
02207,三沢,青い森鉄道,青い森鉄道線,40.669832,141.353617,2243,0.149
02208,下北,東日本旅客鉄道,大湊線,41.282838,141.189873,332,0.308
02208,大湊,東日本旅客鉄道,大湊線,41.280354,141.161785,210,0.424
02208,赤川,東日本旅客鉄道,大湊線,41.267953,141.209249,0,0.235
02208,近川,東日本旅客鉄道,大湊線,41.191315,141.279287,0,0.238
02208,金谷沢,東日本旅客鉄道,大湊線,41.228975,141.248367,0,2.558
02209,木造,東日本旅客鉄道,五能線,40.802408,140.387957,372,0.126
02209,越水,東日本旅客鉄道,五能線,40.787317,140.297942,0,0.873
02209,陸奥森田,東日本旅客鉄道,五能線,40.781695,140.339162,102,0.643
02210,尾上高校前,弘南鉄道,弘南線,40.626656,140.576999,150,0.488
02210,平賀,弘南鉄道,弘南線,40.584968,140.561078,744,0.113
02210,柏農高校前,弘南鉄道,弘南線,40.601865,140.564446,129,0.053
02210,津軽尾上,弘南鉄道,弘南線,40.613904,140.576098,329,0.206
02210,津軽湯の沢,東日本旅客鉄道,奥羽線,40.44213,140.632317,0,2.152
02210,館田,弘南鉄道,弘南線,40.585148,140.538697,111,0.212
02301,小湊,青い森鉄道,青い森鉄道線,40.929645,140.954032,550,0.208
02301,清水川,青い森鉄道,青い森鉄道線,40.921966,141.02437,109,0.083
02301,西平内,青い森鉄道,青い森鉄道線,40.91815,140.913112,115,0.235
02303,今別,東日本旅客鉄道,津軽線,41.179671,140.490568,0,0.594
02303,大川平,東日本旅客鉄道,津軽線,41.163148,140.507648,0,1.614
02303,奥津軽いまべつ,北海道旅客鉄道,北海道新幹線,41.144843,140.515716,42,0.164
02303,津軽二股,東日本旅客鉄道,津軽線,41.145909,140.514257,0,0.15
02303,津軽今別,北海道旅客鉄道,海峡線,41.145004,140.515566,0,0.156
02303,津軽浜名,東日本旅客鉄道,津軽線,41.180544,140.471835,0,1.292
02304,中沢,東日本旅客鉄道,津軽線,40.949258,140.656114,0,1.479
02304,瀬辺地,東日本旅客鉄道,津軽線,41.007755,140.648282,0,0.843
02304,蓬田,東日本旅客鉄道,津軽線,40.969157,140.654526,0,1.412
02304,郷沢,東日本旅客鉄道,津軽線,40.987754,140.652401,0,1.127
02307,三厩,東日本旅客鉄道,津軽線,41.185421,140.444455,0,0.389
02307,中小国,北海道旅客鉄道,海峡線,41.051654,140.596848,0,0.627
02307,中小国,東日本旅客鉄道,津軽線,41.051654,140.596848,0,0.627
02307,体験坑道,一般財団法人青函トンネル記念館,青函トンネル竜飛斜坑線,41.256501,140.347638,123,0.197
02307,吉岡海底,北海道旅客鉄道,海峡線,41.441263,140.240049,0,22.254
02307,大平,東日本旅客鉄道,津軽線,41.065876,140.559511,0,0.37
02307,竜飛海底,北海道旅客鉄道,海峡線,41.25692,140.348003,0,0.153
02307,蟹田,東日本旅客鉄道,津軽線,41.038319,140.642552,218,0.173
02307,青函トンネル記念館,一般財団法人青函トンネル記念館,青函トンネル竜飛斜坑線,41.254323,140.34708,123,0.397
02321,陸奥赤石,東日本旅客鉄道,五能線,40.761821,140.162437,0,0.146
02321,鰺ヶ沢,東日本旅客鉄道,五能線,40.775358,140.220695,382,0.055
02321,鳴沢,東日本旅客鉄道,五能線,40.782182,140.267515,0,0.587
02323,ウェスパ椿山,東日本旅客鉄道,五能線,40.593051,139.871278,0,0.978
02323,北金ヶ沢,東日本旅客鉄道,五能線,40.746103,140.095081,0,1.623
02323,十二湖,東日本旅客鉄道,五能線,40.551586,139.941938,0,0.593
02323,千畳敷,東日本旅客鉄道,五能線,40.767737,140.054698,0,1.697
02323,大戸瀬,東日本旅客鉄道,五能線,40.759497,140.033755,0,1.283
02323,大間越,東日本旅客鉄道,五能線,40.492425,139.95007,0,2.757
02323,広戸,東日本旅客鉄道,五能線,40.674617,139.955714,0,1.333
02323,松神,東日本旅客鉄道,五能線,40.535182,139.946637,0,1.428
02323,横磯,東日本旅客鉄道,五能線,40.629979,139.890912,0,0.932
02323,深浦,東日本旅客鉄道,五能線,40.650299,139.929428,0,2.206
02323,白神岳登山口,東日本旅客鉄道,五能線,40.513506,139.950349,0,0.494
02323,艫作,東日本旅客鉄道,五能線,40.608544,139.864905,0,0.754
02323,追良瀬,東日本旅客鉄道,五能線,40.686528,139.970005,0,2.482
02323,陸奥岩崎,東日本旅客鉄道,五能線,40.583322,139.924214,0,1.308
02323,陸奥柳田,東日本旅客鉄道,五能線,40.741031,140.124586,0,1.443
02323,陸奥沢辺,東日本旅客鉄道,五能線,40.586174,139.89501,0,1.303
02323,風合瀬,東日本旅客鉄道,五能線,40.732169,139.994617,0,1.28
02323,驫木,東日本旅客鉄道,五能線,40.707385,139.983265,0,0.399
02361,北常盤,東日本旅客鉄道,奥羽線,40.670613,140.54374,788,0.417
02361,林崎,東日本旅客鉄道,五能線,40.675252,140.480547,0,0.192
02361,藤崎,東日本旅客鉄道,五能線,40.653636,140.500095,0,0.17
02362,大鰐,弘南鉄道,大鰐線,40.521808,140.566936,250,0.184
02362,大鰐温泉,東日本旅客鉄道,奥羽線,40.521564,140.567043,362,0.174
02362,宿川原,弘南鉄道,大鰐線,40.525283,140.557601,5,0.132
02362,碇ヶ関,東日本旅客鉄道,奥羽線,40.479027,140.622425,130,2.209
02362,長峰,東日本旅客鉄道,奥羽線,40.516067,140.603092,0,0.28
02362,鯖石,弘南鉄道,大鰐線,40.535574,140.552752,58,0.084
02367,川部,東日本旅客鉄道,奥羽線,40.647076,140.521617,0,0.248
02367,川部,東日本旅客鉄道,五能線,40.647076,140.521617,0,0.248
02367,田んぼアート,弘南鉄道,弘南線,40.632666,140.573781,25,0.185
02367,田舎館,弘南鉄道,弘南線,40.636867,140.57127,162,0.127
02381,板柳,東日本旅客鉄道,五能線,40.69725,140.461879,0,0.105
02384,中田,東日本旅客鉄道,五能線,40.787576,140.36474,0,0.453
02384,陸奥鶴田,東日本旅客鉄道,五能線,40.757221,140.435379,0,0.253
02384,鶴泊,東日本旅客鉄道,五能線,40.736055,140.437524,0,0.048
02387,大沢内,津軽鉄道,津軽鉄道線,40.940182,140.437396,34,1.078
02387,津軽中里,津軽鉄道,津軽鉄道線,40.964896,140.441,174,1.753
02387,深郷田,津軽鉄道,津軽鉄道線,40.951284,140.441108,18,0.956
02401,北野辺地,東日本旅客鉄道,大湊線,40.871144,141.134212,0,0.197
02401,有戸,東日本旅客鉄道,大湊線,40.913999,141.189315,0,0.118
02401,狩場沢,青い森鉄道,青い森鉄道線,40.900458,141.071212,43,2.067
02401,野辺地,東日本旅客鉄道,大湊線,40.855127,141.119642,0,0.266
02401,野辺地,青い森鉄道,青い森鉄道線,40.855127,141.119642,1367,0.266
02402,七戸十和田,東日本旅客鉄道,東北新幹線,40.719925,141.153889,1370,0.523
02405,七百,十和田観光電鉄,十和田観光電鉄線,40.64364,141.305852,0,0.493
02405,古里,十和田観光電鉄,十和田観光電鉄線,40.638723,141.284716,0,0.626
02405,大曲,十和田観光電鉄,十和田観光電鉄線,40.648052,141.343102,0,1.029
02405,柳沢,十和田観光電鉄,十和田観光電鉄線,40.642924,141.320915,0,0.621
02406,吹越,東日本旅客鉄道,大湊線,41.021938,141.246521,0,0.564
02406,有畑,東日本旅客鉄道,大湊線,41.132011,141.276498,0,0.109
02406,陸奥横浜,東日本旅客鉄道,大湊線,41.086646,141.249826,0,0.051
02408,上北町,青い森鉄道,青い森鉄道線,40.733226,141.264503,481,0.153
02408,乙供,青い森鉄道,青い森鉄道線,40.780119,141.213198,345,0.109
02408,千曳,青い森鉄道,青い森鉄道線,40.804595,141.152945,11,0.563
02408,小川原,青い森鉄道,青い森鉄道線,40.709792,141.299951,19,0.116
02412,下田,青い森鉄道,青い森鉄道線,40.591975,141.407733,393,0.288
02412,向山,青い森鉄道,青い森鉄道線,40.630239,141.370246,56,0.608
02423,十字街,函館市,宝来・谷地頭線,41.764078,140.718684,0,31.234
02423,十字街,函館市,本線,41.764078,140.718684,1666,31.234
02423,大町,函館市,本線,41.770191,140.709136,193,32.235
02423,宝来町,函館市,宝来・谷地頭線,41.760973,140.720057,207,30.882
02423,市役所前,函館市,本線,41.769183,140.725508,347,31.419
02423,末広町,函館市,本線,41.766655,140.712419,462,31.757
02423,札苅,道南いさりび鉄道,道南いさりび鉄道線,41.699272,140.468123,20,42.192
02423,松風町,函館市,大森線,41.771344,140.733254,0,31.3
02423,松風町,函館市,湯の川線,41.771344,140.733254,750,31.3
02423,泉沢,道南いさりび鉄道,道南いさりび鉄道線,41.700842,140.506725,10,39.445
02423,渡島当別,道南いさりび鉄道,道南いさりび鉄道線,41.737312,140.579145,40,36.754
02423,茂辺地,道南いさりび鉄道,道南いさりび鉄道線,41.766543,140.600646,40,37.616
02423,谷地頭,函館市,宝来・谷地頭線,41.753209,140.716538,427,30.321
02423,釜谷,道南いさりび鉄道,道南いさりび鉄道線,41.712136,140.537131,10,37.926
02423,青柳町,函館市,宝来・谷地頭線,41.756507,140.718706,155,30.527
02423,魚市場通,函館市,本線,41.766494,140.722826,371,31.279
02441,目時,アイジーアールいわて銀河鉄道,いわて銀河鉄道線,40.352055,141.289587,0,1.032
02441,目時,青い森鉄道,青い森鉄道線,40.352055,141.289587,18,1.032
02445,三戸,青い森鉄道,青い森鉄道線,40.395751,141.27315,352,0.068
02445,剣吉,青い森鉄道,青い森鉄道線,40.448972,141.346729,208,1.631
02445,苫米地,青い森鉄道,青い森鉄道線,40.466931,141.374989,109,1.067
02445,諏訪ノ平,青い森鉄道,青い森鉄道線,40.415012,141.30471,59,0.791
02446,大蛇,東日本旅客鉄道,八戸線,40.467209,141.650827,0,0.342
02446,平内,東日本旅客鉄道,八戸線,40.425568,141.699235,0,3.036
02446,角の浜,東日本旅客鉄道,八戸線,40.444465,141.681769,0,0.656
02446,階上,東日本旅客鉄道,八戸線,40.456891,141.664903,0,0.217
03201,上盛岡,東日本旅客鉄道,山田線,39.711479,141.148009,0,0.288
03201,上米内,東日本旅客鉄道,山田線,39.743907,141.203799,0,0.311
03201,仙北町,東日本旅客鉄道,東北線,39.687688,141.148739,0,0.211
03201,前潟,東日本旅客鉄道,田沢湖線,39.713063,141.100867,0,0.2
03201,厨川,アイジーアールいわて銀河鉄道,いわて銀河鉄道線,39.744072,141.128869,2987,0.202
03201,大志田,東日本旅客鉄道,山田線,39.741778,141.280897,0,0.259
03201,好摩,アイジーアールいわて銀河鉄道,いわて銀河鉄道線,39.874159,141.173673,1453,0.222
03201,好摩,東日本旅客鉄道,花輪線,39.874159,141.173673,0,0.222
03201,山岸,東日本旅客鉄道,山田線,39.7161,141.171463,0,0.358
03201,岩手飯岡,東日本旅客鉄道,東北線,39.653747,141.146593,4258,0.129
03201,浅岸,東日本旅客鉄道,山田線,39.711231,141.33909,0,1.162
03201,渋民,アイジーアールいわて銀河鉄道,いわて銀河鉄道線,39.834756,141.154232,570,0.439
03201,盛岡,アイジーアールいわて銀河鉄道,いわて銀河鉄道線,39.701194,141.136379,9974,0.188
03201,盛岡,東日本旅客鉄道,山田線,39.701194,141.136379,0,0.188
03201,盛岡,東日本旅客鉄道,東北線,39.701194,141.136379,32204,0.188
03201,盛岡,東日本旅客鉄道,田沢湖線,39.701194,141.136379,0,0.188
03201,盛岡,東日本旅客鉄道,田沢湖線,39.701557,141.136529,0,0.202
03201,盛岡,東日本旅客鉄道,東北新幹線,39.701557,141.136529,0,0.202
03201,青山,アイジーアールいわて銀河鉄道,いわて銀河鉄道線,39.724683,141.118312,3195,0.179
03202,一の渡,三陸鉄道,北リアス線,39.686863,141.942673,15,0.556
03202,中里,東日本旅客鉄道,岩泉線,39.661792,141.7361,0,0.971
03202,佐羽根,三陸鉄道,北リアス線,39.711148,141.935892,5,2.104
03202,八木沢・宮古短大,三陸鉄道,リアス線,39.619293,141.946363,43,0.22
03202,区界,東日本旅客鉄道,山田線,39.651731,141.351428,0,0.79
03202,千徳,東日本旅客鉄道,山田線,39.63225,141.911945,0,0.119
03202,宮古,三陸鉄道,リアス線,39.639901,141.947372,0,0.085
03202,宮古,三陸鉄道,北リアス線,39.639901,141.947372,715,0.085
03202,宮古,東日本旅客鉄道,山田線,39.639901,141.947372,0,0.085
03202,山口団地,三陸鉄道,北リアス線,39.646296,141.933231,18,0.134
03202,岩手刈屋,東日本旅客鉄道,岩泉線,39.642644,141.759403,0,3.44
03202,岩手和井内,東日本旅客鉄道,岩泉線,39.67996,141.715672,0,2.031
03202,川内,東日本旅客鉄道,山田線,39.64076,141.597612,0,1.295
03202,平津戸,東日本旅客鉄道,山田線,39.623359,141.511266,0,0.604
03202,払川,三陸鉄道,リアス線,39.564395,141.932824,42,0.295
03202,押角,東日本旅客鉄道,岩泉線,39.724023,141.693141,0,1.149
03202,新田老,三陸鉄道,北リアス線,39.735607,141.967263,47,0.101
03202,松草,東日本旅客鉄道,山田線,39.635853,141.437452,0,0.658
03202,津軽石,三陸鉄道,リアス線,39.581498,141.93778,67,0.186
03202,田老,三陸鉄道,北リアス線,39.731845,141.964667,68,0.198
03202,磯鶏,三陸鉄道,リアス線,39.630399,141.960933,76,0.113
03202,箱石,東日本旅客鉄道,山田線,39.617111,141.625807,0,1.576
03202,腹帯,東日本旅客鉄道,山田線,39.604531,141.767428,0,2.721
03202,花原市,東日本旅客鉄道,山田線,39.630416,141.861413,0,0.37
03202,茂市,東日本旅客鉄道,山田線,39.620598,141.799314,0,0.772
03202,茂市,東日本旅客鉄道,岩泉線,39.620598,141.799314,0,0.772
03202,蟇目,東日本旅客鉄道,山田線,39.629292,141.838839,0,1.568
03202,陸中川井,東日本旅客鉄道,山田線,39.597339,141.681511,0,1.888
03203,三陸,三陸鉄道,南リアス線,39.117242,141.809978,28,1.177
03203,下船渡,東日本旅客鉄道,大船渡線,39.038286,141.721015,0,0.169
03203,吉浜,三陸鉄道,南リアス線,39.151163,141.836436,27,2.654
03203,大船渡,東日本旅客鉄道,大船渡線,39.063182,141.720693,0,0.067
03203,大船渡魚市場前,東日本旅客鉄道,大船渡線,39.051219,141.720779,0,0.096
03203,小友,東日本旅客鉄道,大船渡線,38.989269,141.6996,0,0.926
03203,恋し浜,三陸鉄道,南リアス線,39.074244,141.816008,11,3.011
03203,甫嶺,三陸鉄道,南リアス線,39.093248,141.806717,14,2.733
03203,盛,三陸鉄道,南リアス線,39.085554,141.710887,236,0.045
03203,盛,東日本旅客鉄道,大船渡線,39.085554,141.710887,0,0.045
03203,碁石海岸口,東日本旅客鉄道,大船渡線,39.002777,141.711016,0,0.261
03203,細浦,東日本旅客鉄道,大船渡線,39.015766,141.713548,0,0.206
03203,綾里,三陸鉄道,南リアス線,39.054168,141.799357,62,0.684
03203,陸前赤崎,三陸鉄道,南リアス線,39.068513,141.741056,8,0.283
03205,似内,東日本旅客鉄道,釜石線,39.406854,141.14095,0,0.021
03205,土沢,東日本旅客鉄道,釜石線,39.383307,141.232531,0,0.232
03205,小山田,東日本旅客鉄道,釜石線,39.408578,141.193993,0,0.416
03205,岩根橋,東日本旅客鉄道,釜石線,39.355239,141.318791,0,0.32
03205,新花巻,東日本旅客鉄道,東北新幹線,39.406505,141.17363,0,0.092
03205,新花巻,東日本旅客鉄道,釜石線,39.405809,141.173029,1508,0.183
03205,晴山,東日本旅客鉄道,釜石線,39.366637,141.257808,0,0.296
03205,石鳥谷,東日本旅客鉄道,東北線,39.490894,141.146872,0,0.092
03205,花巻,東日本旅客鉄道,釜石線,39.393755,141.11033,0,0.212
03205,花巻,東日本旅客鉄道,東北線,39.393755,141.11033,6008,0.212
03205,花巻空港,東日本旅客鉄道,東北線,39.442242,141.127303,0,0.215
03206,北上,東日本旅客鉄道,東北新幹線,39.282087,141.122518,0,0.148
03206,北上,東日本旅客鉄道,東北線,39.281417,141.121423,7336,0.06
03206,北上,東日本旅客鉄道,北上線,39.281417,141.121423,0,0.06
03206,和賀仙人,東日本旅客鉄道,北上線,39.308236,140.909743,0,0.111
03206,岩沢,東日本旅客鉄道,北上線,39.301163,140.931566,0,0.356
03206,村崎野,東日本旅客鉄道,東北線,39.322662,141.120501,0,0.511
03206,柳原,東日本旅客鉄道,北上線,39.294637,141.111703,0,0.141
03206,横川目,東日本旅客鉄道,北上線,39.309232,140.972207,0,0.163
03206,江釣子,東日本旅客鉄道,北上線,39.298456,141.075783,0,0.126
03206,立川目,東日本旅客鉄道,北上線,39.307804,140.997248,0,0.126
03206,藤根,東日本旅客鉄道,北上線,39.301096,141.039584,0,0.29
03207,久慈,三陸鉄道,北リアス線,40.190512,141.77084,517,0.035
03207,久慈,東日本旅客鉄道,八戸線,40.190512,141.77084,278,0.035
03207,侍浜,東日本旅客鉄道,八戸線,40.261598,141.760604,0,1.224
03207,陸中夏井,東日本旅客鉄道,八戸線,40.207672,141.791997,0,0.146
03207,陸中宇部,三陸鉄道,北リアス線,40.132429,141.785946,34,0.091
03208,上有住,東日本旅客鉄道,釜石線,39.241992,141.681533,0,4.338
03208,宮守,東日本旅客鉄道,釜石線,39.351075,141.350291,0,0.981
03208,岩手上郷,東日本旅客鉄道,釜石線,39.284556,141.585832,0,0.904
03208,岩手二日町,東日本旅客鉄道,釜石線,39.323492,141.456013,0,1.417
03208,平倉,東日本旅客鉄道,釜石線,39.264673,141.595659,0,1.224
03208,柏木平,東日本旅客鉄道,釜石線,39.306061,141.379859,0,0.899
03208,綾織,東日本旅客鉄道,釜石線,39.328405,141.476827,0,1.444
03208,荒谷前,東日本旅客鉄道,釜石線,39.309913,141.42844,0,0.046
03208,足ヶ瀬,東日本旅客鉄道,釜石線,39.254787,141.64587,0,1.587
03208,遠野,東日本旅客鉄道,釜石線,39.332555,141.530664,540,0.078
03208,青笹,東日本旅客鉄道,釜石線,39.311473,141.568944,0,0.068
03208,鱒沢,東日本旅客鉄道,釜石線,39.30015,141.399257,0,1.487
03209,一ノ関,東日本旅客鉄道,東北新幹線,38.926448,141.139083,0,0.027
03209,一ノ関,東日本旅客鉄道,大船渡線,38.926615,141.138139,0,0.083
03209,一ノ関,東日本旅客鉄道,東北線,38.926615,141.138139,7830,0.083
03209,千厩,東日本旅客鉄道,大船渡線,38.924845,141.345634,0,0.303
03209,小梨,東日本旅客鉄道,大船渡線,38.932474,141.384201,0,0.482
03209,山ノ目,東日本旅客鉄道,東北線,38.951316,141.131959,0,0.09
03209,岩ノ下,東日本旅客鉄道,大船渡線,38.947773,141.245399,0,0.373
03209,折壁,東日本旅客鉄道,大船渡線,38.939417,141.452279,0,0.221
03209,摺沢,東日本旅客鉄道,大船渡線,38.996074,141.321173,0,1.758
03209,柴宿,東日本旅客鉄道,大船渡線,38.996724,141.272185,0,0.144
03209,油島,東日本旅客鉄道,東北線,38.797109,141.175711,0,1.381
03209,清水原,東日本旅客鉄道,東北線,38.854949,141.156335,0,2.171
03209,猊鼻渓,東日本旅客鉄道,大船渡線,38.988619,141.253023,0,0.197
03209,真滝,東日本旅客鉄道,大船渡線,38.908267,141.177964,0,0.136
03209,矢越,東日本旅客鉄道,大船渡線,38.935278,141.429105,0,1.604
03209,花泉,東日本旅客鉄道,東北線,38.833356,141.180003,0,2.447
03209,陸中松川,東日本旅客鉄道,大船渡線,38.977226,141.238046,0,0.354
03209,陸中門崎,東日本旅客鉄道,大船渡線,38.916932,141.251199,0,1.063
03210,奇跡の一本松,東日本旅客鉄道,大船渡線,39.006779,141.624391,0,0.303
03210,竹駒,東日本旅客鉄道,大船渡線,39.033603,141.609778,0,0.361
03210,脇ノ沢,東日本旅客鉄道,大船渡線,39.006562,141.657243,0,0.328
03210,長部,東日本旅客鉄道,大船渡線,38.986184,141.618361,0,0.164
03210,陸前矢作,東日本旅客鉄道,大船渡線,39.022535,141.579416,0,2.314
03210,陸前高田,東日本旅客鉄道,大船渡線,39.012782,141.625829,0,0.164
03210,高田病院,東日本旅客鉄道,大船渡線,39.01845,141.662393,0,0.297
03210,高田高校前,東日本旅客鉄道,大船渡線,39.014949,141.635914,0,0.235
03211,両石,三陸鉄道,リアス線,39.30812,141.889093,1,0.206
03211,唐丹,三陸鉄道,南リアス線,39.201864,141.861198,24,4.542
03211,小佐野,東日本旅客鉄道,釜石線,39.264573,141.836479,0,0.173
03211,平田,三陸鉄道,南リアス線,39.245698,141.886003,10,0.476
03211,松倉,東日本旅客鉄道,釜石線,39.256466,141.801503,0,0.079
03211,洞泉,東日本旅客鉄道,釜石線,39.250451,141.760197,0,0.487
03211,釜石,三陸鉄道,リアス線,39.273295,141.872742,0,0.266
03211,釜石,三陸鉄道,南リアス線,39.273295,141.872742,582,0.266
03211,釜石,東日本旅客鉄道,釜石線,39.273295,141.872742,0,0.266
03211,陸中大橋,東日本旅客鉄道,釜石線,39.280437,141.718504,0,0.798
03211,鵜住居,三陸鉄道,リアス線,39.326729,141.887913,40,0.158
03213,二戸,アイジーアールいわて銀河鉄道,いわて銀河鉄道線,40.25983,141.285982,591,0.078
03213,二戸,東日本旅客鉄道,東北新幹線,40.259764,141.285596,1416,0.101
03213,斗米,アイジーアールいわて銀河鉄道,いわて銀河鉄道線,40.2855,141.290939,176,0.067
03213,金田一温泉,アイジーアールいわて銀河鉄道,いわて銀河鉄道線,40.323072,141.303835,168,0.085
03214,兄畑,東日本旅客鉄道,花輪線,40.115955,140.882943,0,0.098
03214,北森,東日本旅客鉄道,花輪線,39.956481,141.072114,0,0.284
03214,大更,東日本旅客鉄道,花輪線,39.914114,141.100845,376,0.011
03214,安比高原,東日本旅客鉄道,花輪線,40.012628,140.997334,0,1.752
03214,小屋の畑,東日本旅客鉄道,花輪線,40.076446,141.020701,0,0.066
03214,平館,東日本旅客鉄道,花輪線,39.950872,141.085203,0,0.082
03214,東大更,東日本旅客鉄道,花輪線,39.902609,141.142237,0,0.243
03214,松尾八幡平,東日本旅客鉄道,花輪線,39.969243,141.043918,0,0.187
03214,横間,東日本旅客鉄道,花輪線,40.107504,141.02716,0,0.075
03214,田山,東日本旅客鉄道,花輪線,40.139729,140.944076,0,0.086
03214,荒屋新町,東日本旅客鉄道,花輪線,40.097722,141.04924,0,0.727
03214,赤坂田,東日本旅客鉄道,花輪線,40.048511,141.003942,0,0.612
03215,前沢,東日本旅客鉄道,東北線,39.049269,141.126251,978,0.141
03215,水沢,東日本旅客鉄道,東北線,39.139231,141.146314,3184,0.035
03215,水沢江刺,東日本旅客鉄道,東北新幹線,39.145156,141.188715,1744,0.106
03215,陸中折居,東日本旅客鉄道,東北線,39.093981,141.14095,0,0.215
03216,大釜,東日本旅客鉄道,田沢湖線,39.711561,141.072006,0,0.11
03216,小岩井,東日本旅客鉄道,田沢湖線,39.709762,141.024692,0,0.191
03216,巣子,アイジーアールいわて銀河鉄道,いわて銀河鉄道線,39.783378,141.148911,0,0.838
03216,巣子,アイジーアールいわて銀河鉄道,いわて銀河鉄道線,39.783509,141.148739,943,0.856
03216,滝沢,アイジーアールいわて銀河鉄道,いわて銀河鉄道線,39.799008,141.149554,2559,0.781
03301,春木場,東日本旅客鉄道,田沢湖線,39.693401,140.943925,0,0.032
03301,赤渕,東日本旅客鉄道,田沢湖線,39.685079,140.907233,0,0.054
03301,雫石,東日本旅客鉄道,田沢湖線,39.68924,140.974803,904,0.182
03303,いわて沼宮内,アイジーアールいわて銀河鉄道,いわて銀河鉄道線,39.960593,141.21706,717,0.099
03303,いわて沼宮内,東日本旅客鉄道,東北新幹線,39.960609,141.217403,144,0.106
03303,岩手川口,アイジーアールいわて銀河鉄道,いわて銀河鉄道線,39.919233,141.199358,204,0.259
03303,御堂,アイジーアールいわて銀河鉄道,いわて銀河鉄道線,40.004361,141.237059,40,0.101
03321,古館,東日本旅客鉄道,東北線,39.580853,141.154618,0,0.112
03321,日詰,東日本旅客鉄道,東北線,39.538618,141.160562,0,0.149
03321,紫波中央,東日本旅客鉄道,東北線,39.554767,141.159918,2590,0.101
03322,矢幅,東日本旅客鉄道,東北線,39.612797,141.148117,5980,0.156
03366,ほっとゆだ,東日本旅客鉄道,北上線,39.314478,140.775611,214,0.642
03366,ゆだ錦秋湖,東日本旅客鉄道,北上線,39.295533,140.835307,0,0.955
03366,ゆだ高原,東日本旅客鉄道,北上線,39.30108,140.737181,0,0.619
03366,黒沢,東日本旅客鉄道,北上線,39.276202,140.699694,0,2.196
03381,六原,東日本旅客鉄道,東北線,39.227832,141.097798,0,0.168
03381,金ヶ崎,東日本旅客鉄道,東北線,39.199586,141.112947,1162,0.126
03402,平泉,東日本旅客鉄道,東北線,38.987885,141.117818,792,0.072
03461,吉里吉里,三陸鉄道,リアス線,39.369523,141.938639,19,0.118
03461,大槌,三陸鉄道,リアス線,39.356733,141.903148,57,0.14
03461,浪板海岸,三陸鉄道,リアス線,39.383556,141.935098,13,0.139
03482,岩手船越,三陸鉄道,リアス線,39.431337,141.974044,62,0.296
03482,織笠,三陸鉄道,リアス線,39.453774,141.955247,41,0.289
03482,豊間根,三陸鉄道,リアス線,39.534249,141.924713,72,1.356
03482,陸中山田,三陸鉄道,リアス線,39.463582,141.951299,178,0.127
03483,二升石,東日本旅客鉄道,岩泉線,39.836717,141.745799,0,2.268
03483,岩手大川,東日本旅客鉄道,岩泉線,39.800244,141.671941,0,3.559
03483,岩泉,東日本旅客鉄道,岩泉線,39.844939,141.786783,0,0.28
03483,岩泉小本,三陸鉄道,北リアス線,39.842764,141.958466,97,0.078
03483,摂待,三陸鉄道,北リアス線,39.809476,141.962135,17,2.816
03483,浅内,東日本旅客鉄道,岩泉線,39.819513,141.727066,0,1.731
03484,島越,三陸鉄道,北リアス線,39.915711,141.939669,16,1.52
03484,田野畑,三陸鉄道,北リアス線,39.934273,141.933789,73,1.476
03485,堀内,三陸鉄道,北リアス線,40.051895,141.859503,20,0.464
03485,普代,三陸鉄道,北リアス線,40.002651,141.886282,116,0.453
03485,白井海岸,三陸鉄道,北リアス線,40.032593,141.883256,5,0.438
03503,十府ヶ浦海岸,三陸鉄道,北リアス線,40.096835,141.824098,12,0.39
03503,野田玉川,三陸鉄道,北リアス線,40.082751,141.828904,19,1.982
03503,陸中野田,三陸鉄道,北リアス線,40.11607,141.819077,215,0.047
03507,宿戸,東日本旅客鉄道,八戸線,40.366166,141.746764,0,3.893
03507,有家,東日本旅客鉄道,八戸線,40.324038,141.773093,0,1.984
03507,玉川,東日本旅客鉄道,八戸線,40.380421,141.735027,0,4.816
03507,種市,東日本旅客鉄道,八戸線,40.410392,141.7152,0,3.788
03507,陸中中野,東日本旅客鉄道,八戸線,40.305074,141.787748,0,3.755
03507,陸中八木,東日本旅客鉄道,八戸線,40.345416,141.76657,0,2.005
03524,一戸,アイジーアールいわて銀河鉄道,いわて銀河鉄道線,40.210097,141.297419,448,0.085
03524,奥中山高原,アイジーアールいわて銀河鉄道,いわて銀河鉄道線,40.06615,141.228518,287,2.303
03524,小繋,アイジーアールいわて銀河鉄道,いわて銀河鉄道線,40.123093,141.260405,5,0.859
03524,小鳥谷,アイジーアールいわて銀河鉄道,いわて銀河鉄道線,40.171086,141.30774,78,2.143
04101,あおば通,東日本旅客鉄道,仙石線,38.260626,140.878501,39584,0.142
04101,仙台,仙台市,南北線,38.259716,140.879939,157188,0.19
04101,仙台,仙台市,東西線,38.259767,140.880175,0,0.172
04101,仙台,東日本旅客鉄道,東北新幹線,38.260971,140.882149,0,0.191
04101,仙台,東日本旅客鉄道,仙山線,38.25975,140.882492,0,0.068
04101,仙台,東日本旅客鉄道,東北線,38.25975,140.882492,178924,0.068
04101,作並,東日本旅客鉄道,仙山線,38.317771,140.632446,0,1.794
04101,八ツ森,東日本旅客鉄道,仙山線,38.30905,140.615408,0,0.95
04101,勾当台公園,仙台市,南北線,38.266725,140.871184,32856,0.193
04101,北仙台,仙台市,南北線,38.282442,140.868824,16332,0.128
04101,北仙台,東日本旅客鉄道,仙山線,38.281616,140.869961,8388,0.1
04101,北四番丁,仙台市,南北線,38.272099,140.869124,17488,0.265
04101,北山,東日本旅客鉄道,仙山線,38.285137,140.851893,4632,0.229
04101,台原,仙台市,南北線,38.288269,140.878265,11910,0.288
04101,国見,東日本旅客鉄道,仙山線,38.274811,140.83344,5526,0.11
04101,国際センター,仙台市,東西線,38.260205,140.856829,7314,0.013
04101,大町西公園,仙台市,東西線,38.258924,140.864575,5596,0.184
04101,奥新川,東日本旅客鉄道,仙山線,38.325969,140.594444,0,1.915
04101,川内,仙台市,東西線,38.260828,140.85037,7084,0.322
04101,広瀬通,仙台市,南北線,38.26285,140.875647,19618,0.161
04101,愛子,東日本旅客鉄道,仙山線,38.272638,140.761428,8376,0.04
04101,旭ヶ丘,仙台市,南北線,38.295932,140.883715,13374,0.255
04101,東北福祉大前,東日本旅客鉄道,仙山線,38.280448,140.84291,6166,0.274
04101,東照宮,東日本旅客鉄道,仙山線,38.277237,140.886784,7444,0.146
04101,熊ヶ根,東日本旅客鉄道,仙山線,38.297919,140.680704,0,0.178
04101,葛岡,東日本旅客鉄道,仙山線,38.268864,140.818591,0,0.402
04101,西仙台ハイランド,東日本旅客鉄道,仙山線,38.30484,140.664461,0,1.352
04101,陸前白沢,東日本旅客鉄道,仙山線,38.278062,140.702333,0,1.178
04101,陸前落合,東日本旅客鉄道,仙山線,38.27343,140.790031,6616,0.288
04101,青葉山,仙台市,東西線,38.25515,140.83535,9402,0.298
04101,青葉通一番町,仙台市,東西線,38.259666,140.872064,14876,0.106
04102,中野栄,東日本旅客鉄道,仙石線,38.280841,140.985296,10374,0.059
04102,仙台,東日本旅客鉄道,仙石線,38.260188,140.884144,0,0.128
04102,宮城野原,東日本旅客鉄道,仙石線,38.260643,140.904701,11140,0.25
04102,宮城野通,仙台市,東西線,38.258048,140.885818,7334,0.136
04102,小鶴新田,東日本旅客鉄道,仙石線,38.273396,140.934956,12256,0.208
04102,岩切,東日本旅客鉄道,東北線,38.300984,140.955491,8696,0.153
04102,東仙台,東日本旅客鉄道,東北線,38.276361,140.91985,6842,0.221
04102,榴ヶ岡,東日本旅客鉄道,仙石線,38.258756,140.8938,6518,0.074
04102,福田町,東日本旅客鉄道,仙石線,38.274963,140.958302,7378,0.257
04102,苦竹,東日本旅客鉄道,仙石線,38.26878,140.91897,5670,0.221
04102,陸前原ノ町,東日本旅客鉄道,仙石線,38.266085,140.910773,7932,0.235
04102,陸前高砂,東日本旅客鉄道,仙石線,38.273497,140.967636,10142,0.045
04103,五橋,仙台市,南北線,38.251797,140.881097,14084,0.086
04103,六丁の目,仙台市,東西線,38.250937,140.935686,8236,0.349
04103,卸町,仙台市,東西線,38.251561,140.920901,11092,0.321
04103,愛宕橋,仙台市,南北線,38.247382,140.881591,5068,0.086
04103,河原町,仙台市,南北線,38.240641,140.887792,10232,0.217
04103,荒井,仙台市,東西線,38.244888,140.948389,7204,0.034
04103,薬師堂,仙台市,東西線,38.249572,140.906074,11434,0.207
04103,連坊,仙台市,東西線,38.25114,140.893242,8304,0.168
04104,八木山動物公園,仙台市,東西線,38.243337,140.844018,10832,0.16
04104,南仙台,東日本旅客鉄道,東北線,38.197214,140.883286,19036,0.213
04104,太子堂,東日本旅客鉄道,東北線,38.21775,140.883737,8236,0.176
04104,富沢,仙台市,南北線,38.214143,140.870605,16026,0.057
04104,長町,仙台市,南北線,38.228472,140.884788,17742,0.18
04104,長町,東日本旅客鉄道,東北線,38.226955,140.886161,18826,0.255
04104,長町一丁目,仙台市,南北線,38.234304,140.887513,8176,0.015
04104,長町南,仙台市,南北線,38.224713,140.876999,21788,0.215
04105,八乙女,仙台市,南北線,38.312939,140.884101,14744,0.123
04105,泉中央,仙台市,南北線,38.322973,140.880668,46386,0.198
04105,黒松,仙台市,南北線,38.303139,140.88629,8404,0.247
04202,万石浦,東日本旅客鉄道,石巻線,38.428866,141.368723,0,0.118
04202,佳景山,東日本旅客鉄道,石巻線,38.497971,141.239634,0,1.839
04202,前谷地,東日本旅客鉄道,気仙沼線,38.512092,141.194379,0,1.106
04202,前谷地,東日本旅客鉄道,石巻線,38.512092,141.194379,0,1.106
04202,和渕,東日本旅客鉄道,気仙沼線,38.525893,141.220472,0,0.86
04202,曽波神,東日本旅客鉄道,石巻線,38.465821,141.287849,0,0.375
04202,沢田,東日本旅客鉄道,石巻線,38.432346,141.382391,0,0.144
04202,渡波,東日本旅客鉄道,石巻線,38.41999,141.365182,0,0.103
04202,石巻,東日本旅客鉄道,石巻線,38.435354,141.303577,5440,0.164
04202,石巻,東日本旅客鉄道,仙石線,38.435354,141.303577,0,0.164
04202,石巻あゆみ野,東日本旅客鉄道,仙石線,38.436027,141.259203,0,0.287
04202,蛇田,東日本旅客鉄道,仙石線,38.438228,141.277678,1638,0.269
04202,陸前山下,東日本旅客鉄道,仙石線,38.437724,141.288836,1804,0.206
04202,陸前稲井,東日本旅客鉄道,石巻線,38.445422,141.334906,0,0.024
04202,鹿又,東日本旅客鉄道,石巻線,38.485862,141.283236,0,0.832
04203,塩釜,東日本旅客鉄道,東北線,38.309673,141.009543,4696,0.082
04203,本塩釜,東日本旅客鉄道,仙石線,38.31772,141.022482,5032,0.043
04203,東塩釜,東日本旅客鉄道,仙石線,38.325632,141.031687,4188,0.179
04203,西塩釜,東日本旅客鉄道,仙石線,38.311962,141.018362,0,0.154
04205,上鹿折,東日本旅客鉄道,大船渡線,38.960727,141.568236,0,0.93
04205,不動の沢,東日本旅客鉄道,気仙沼線,38.898648,141.562099,0,0.189
04205,南気仙沼,東日本旅客鉄道,気仙沼線,38.894791,141.576862,0,0.095
04205,大谷海岸,東日本旅客鉄道,気仙沼線,38.813847,141.567228,0,0.099
04205,小金沢,東日本旅客鉄道,気仙沼線,38.795738,141.534905,0,0.326
04205,新月,東日本旅客鉄道,大船渡線,38.915613,141.488886,0,0.413
04205,最知,東日本旅客鉄道,気仙沼線,38.853294,141.58139,0,0.135
04205,本吉,東日本旅客鉄道,気仙沼線,38.78602,141.501997,0,0.139
04205,松岩,東日本旅客鉄道,気仙沼線,38.873377,141.58375,0,0.177
04205,気仙沼,東日本旅客鉄道,大船渡線,38.91002,141.558838,278,0.168
04205,気仙沼,東日本旅客鉄道,気仙沼線,38.91002,141.558838,0,0.168
04205,蔵内,東日本旅客鉄道,気仙沼線,38.754,141.524248,0,0.065
04205,陸前小泉,東日本旅客鉄道,気仙沼線,38.766833,141.509056,0,0.044
04205,陸前港,東日本旅客鉄道,気仙沼線,38.738603,141.530879,0,1.39
04205,陸前階上,東日本旅客鉄道,気仙沼線,38.837167,141.580338,0,0.131
04205,鹿折唐桑,東日本旅客鉄道,大船渡線,38.91553,141.579545,0,0.102
04206,東白石,東日本旅客鉄道,東北線,38.035045,140.650964,0,0.522
04206,白石,東日本旅客鉄道,東北線,38.003197,140.626266,5188,0.015
04206,白石蔵王,東日本旅客鉄道,東北新幹線,37.994776,140.632768,1664,0.074
04206,越河,東日本旅客鉄道,東北線,37.933485,140.604583,0,1.101
04207,仙台空港,仙台空港鉄道,仙台空港線,38.137274,140.929763,3804,0.185
04207,名取,仙台空港鉄道,仙台空港線,38.173095,140.88275,0,0.275
04207,名取,東日本旅客鉄道,東北線,38.173095,140.88275,26594,0.275
04207,杜せきのした,仙台空港鉄道,仙台空港線,38.165369,140.895967,5285,0.083
04207,美田園,仙台空港鉄道,仙台空港線,38.159683,140.917447,1833,0.199
04207,館腰,東日本旅客鉄道,東北線,38.143079,140.880153,3818,0.147
04208,南角田,阿武隈急行,阿武隈急行線,37.964907,140.769603,35,0.072
04208,岡,阿武隈急行,阿武隈急行線,38.018937,140.780332,118,0.034
04208,横倉,阿武隈急行,阿武隈急行線,37.996991,140.776041,17,0.149
04208,角田,阿武隈急行,阿武隈急行線,37.979285,140.772414,1279,0.118
04209,下馬,東日本旅客鉄道,仙石線,38.305834,141.014993,6586,0.136
04209,国府多賀城,東日本旅客鉄道,東北線,38.301119,140.994844,2070,0.199
04209,多賀城,東日本旅客鉄道,仙石線,38.291688,141.00538,11190,0.244
04209,陸前山王,東日本旅客鉄道,東北線,38.299603,140.979631,0,0.057
04211,岩沼,東日本旅客鉄道,常磐線,38.111852,140.863652,0,0.147
04211,岩沼,東日本旅客鉄道,東北線,38.111852,140.863652,13038,0.147
04212,のの岳,東日本旅客鉄道,気仙沼線,38.552646,141.225815,0,0.433
04212,御岳堂,東日本旅客鉄道,気仙沼線,38.605737,141.264739,0,0.187
04212,新田,東日本旅客鉄道,東北線,38.711517,141.119449,0,3.45
04212,柳津,東日本旅客鉄道,気仙沼線,38.611824,141.306367,0,0.044
04212,梅ヶ沢,東日本旅客鉄道,東北線,38.68164,141.08531,0,1.041
04212,瀬峰,東日本旅客鉄道,東北線,38.655622,141.073852,776,1.65
04212,石越,東日本旅客鉄道,東北線,38.768824,141.159167,560,0.158
04212,陸前横山,東日本旅客鉄道,気仙沼線,38.630785,141.353939,0,1.103
04212,陸前豊里,東日本旅客鉄道,気仙沼線,38.582325,141.24356,150,0.189
04213,くりこま高原,東日本旅客鉄道,東北新幹線,38.748862,141.071577,1760,0.169
04213,有壁,東日本旅客鉄道,東北線,38.86743,141.120908,0,0.756
04214,東名,東日本旅客鉄道,仙石線,38.375291,141.143932,0,0.132
04214,東矢本,東日本旅客鉄道,仙石線,38.427992,141.222274,0,0.155
04214,矢本,東日本旅客鉄道,仙石線,38.420478,141.209142,2242,0.116
04214,野蒜,東日本旅客鉄道,仙石線,38.378891,141.156592,0,0.103
04214,陸前大塚,東日本旅客鉄道,仙石線,38.379026,141.129191,0,0.175
04214,陸前小野,東日本旅客鉄道,仙石線,38.39603,141.174767,0,0.03
04214,陸前赤井,東日本旅客鉄道,仙石線,38.432413,141.239011,1220,0.043
04214,鹿妻,東日本旅客鉄道,仙石線,38.403278,141.190088,0,0.17
04215,上野目,東日本旅客鉄道,陸羽東線,38.680535,140.859382,0,0.168
04215,中山平温泉,東日本旅客鉄道,陸羽東線,38.726518,140.668023,0,3.245
04215,古川,東日本旅客鉄道,東北新幹線,38.570918,140.967829,0,0.208
04215,古川,東日本旅客鉄道,陸羽東線,38.570599,140.967808,8758,0.206
04215,塚目,東日本旅客鉄道,陸羽東線,38.572495,140.93708,0,0.041
04215,岩出山,東日本旅客鉄道,陸羽東線,38.652489,140.87157,0,0.157
04215,川渡温泉,東日本旅客鉄道,陸羽東線,38.736862,140.779195,0,0.084
04215,有備館,東日本旅客鉄道,陸羽東線,38.658052,140.86436,0,0.14
04215,東大崎,東日本旅客鉄道,陸羽東線,38.60567,140.897062,0,0.479
04215,松山町,東日本旅客鉄道,東北線,38.512697,141.074924,902,1.018
04215,池月,東日本旅客鉄道,陸羽東線,38.709073,140.835629,0,0.44
04215,田尻,東日本旅客鉄道,東北線,38.596262,141.059024,0,0.783
04215,西古川,東日本旅客鉄道,陸羽東線,38.578165,140.895452,0,0.024
04215,西大崎,東日本旅客鉄道,陸羽東線,38.630014,140.88968,0,0.241
04215,鳴子御殿湯,東日本旅客鉄道,陸羽東線,38.744545,140.737481,70,0.214
04215,鳴子温泉,東日本旅客鉄道,陸羽東線,38.743356,140.715959,336,0.191
04215,鹿島台,東日本旅客鉄道,東北線,38.474506,141.09797,2522,0.133
04301,北白川,東日本旅客鉄道,東北線,38.032442,140.692549,0,0.618
04321,大河原,東日本旅客鉄道,東北線,38.047686,140.740592,6110,0.042
04323,東船岡,阿武隈急行,阿武隈急行線,38.050119,140.789816,161,0.202
04323,槻木,東日本旅客鉄道,東北線,38.078872,140.809965,5188,0.147
04323,槻木,阿武隈急行,阿武隈急行線,38.078872,140.809965,920,0.147
04323,船岡,東日本旅客鉄道,東北線,38.059327,140.767393,5836,0.079
04341,あぶくま,阿武隈急行,阿武隈急行線,37.91341,140.685747,5,0.212
04341,丸森,阿武隈急行,阿武隈急行線,37.930727,140.761707,472,0.165
04341,北丸森,阿武隈急行,阿武隈急行線,37.943115,140.771813,22,0.169
04361,亘理,東日本旅客鉄道,常磐線,38.039878,140.861292,3472,0.111
04361,浜吉田,東日本旅客鉄道,常磐線,38.002216,140.890067,800,0.315
04361,逢隈,東日本旅客鉄道,常磐線,38.067622,140.854747,0,0.061
04362,坂元,東日本旅客鉄道,常磐線,37.924092,140.901053,426,0.161
04362,山下,東日本旅客鉄道,常磐線,37.966311,140.888994,1094,0.156
04401,品井沼,東日本旅客鉄道,東北線,38.431648,141.082456,442,0.157
04401,愛宕,東日本旅客鉄道,東北線,38.397644,141.065183,0,0.038
04401,手樽,東日本旅客鉄道,仙石線,38.387099,141.092734,0,0.112
04401,松島,東日本旅客鉄道,東北線,38.379401,141.065397,1348,0.083
04401,松島海岸,東日本旅客鉄道,仙石線,38.368377,141.058831,2748,0.127
04401,陸前富山,東日本旅客鉄道,仙石線,38.386292,141.107261,0,0.236
04401,高城町,東日本旅客鉄道,仙石線,38.382827,141.073551,2454,0.089
04401,高城町,東日本旅客鉄道,東北線,38.382827,141.073551,0,0.089
04406,利府,東日本旅客鉄道,東北線,38.329353,140.984802,5006,0.116
04406,新利府,東日本旅客鉄道,東北線,38.317316,140.973172,0,0.039
04406,陸前浜田,東日本旅客鉄道,仙石線,38.350867,141.041694,0,0.187
04501,上涌谷,東日本旅客鉄道,石巻線,38.549172,141.099579,0,0.298
04501,涌谷,東日本旅客鉄道,石巻線,38.537995,141.127281,0,0.077
04505,北浦,東日本旅客鉄道,陸羽東線,38.559878,141.023126,0,0.151
04505,小牛田,東日本旅客鉄道,石巻線,38.540664,141.06441,0,0.088
04505,小牛田,東日本旅客鉄道,東北線,38.540664,141.06441,3704,0.088
04505,小牛田,東日本旅客鉄道,陸羽東線,38.540664,141.06441,0,0.088
04505,陸前谷地,東日本旅客鉄道,陸羽東線,38.56513,140.999544,0,0.17
04581,女川,東日本旅客鉄道,石巻線,38.446917,141.443181,388,0.221
04581,浦宿,東日本旅客鉄道,石巻線,38.436514,141.421466,0,0.11
04606,ベイサイドアリーナ,東日本旅客鉄道,気仙沼線,38.679882,141.461549,0,0.553
04606,志津川,東日本旅客鉄道,気仙沼線,38.678123,141.442945,0,0.065
04606,歌津,東日本旅客鉄道,気仙沼線,38.717751,141.519198,0,0.833
04606,清水浜,東日本旅客鉄道,気仙沼線,38.690384,141.486804,0,1.506
04606,陸前戸倉,東日本旅客鉄道,気仙沼線,38.647947,141.433353,0,1.849
05201,上飯島,東日本旅客鉄道,奥羽線,39.779338,140.068452,0,0.189
05201,下浜,東日本旅客鉄道,羽越線,39.619689,140.064547,0,0.398
05201,和田,東日本旅客鉄道,奥羽線,39.650872,140.218742,592,0.121
05201,四ツ小屋,東日本旅客鉄道,奥羽線,39.661924,140.144906,0,0.106
05201,土崎,東日本旅客鉄道,奥羽線,39.758903,140.073452,3602,0.1
05201,大張野,東日本旅客鉄道,奥羽線,39.663576,140.274146,0,0.185
05201,新屋,東日本旅客鉄道,羽越線,39.677433,140.087764,1662,0.245
05201,桂根,東日本旅客鉄道,羽越線,39.647518,140.066414,0,0.229
05201,泉外旭川,東日本旅客鉄道,奥羽線,39.737868,140.112441,0,0.101
05201,泉外旭川,東日本旅客鉄道,奥羽線,39.738198,140.112934,0,0.12
05201,秋田,東日本旅客鉄道,奥羽線,39.717553,140.129757,19660,0.095
05201,秋田,東日本旅客鉄道,羽越線,39.717289,140.129478,0,0.059
05201,秋田,東日本旅客鉄道,奥羽線,39.717289,140.129478,0,0.059
05201,羽後牛島,東日本旅客鉄道,羽越線,39.695861,140.116518,1588,0.146
05201,追分,東日本旅客鉄道,奥羽線,39.80997,140.057809,2972,0.347
05201,追分,東日本旅客鉄道,男鹿線,39.80997,140.057809,0,0.347
05202,二ツ井,東日本旅客鉄道,奥羽線,40.21249,140.235651,426,0.181
05202,北能代,東日本旅客鉄道,五能線,40.254098,140.033777,0,0.145
05202,向能代,東日本旅客鉄道,五能線,40.22568,140.039206,0,0.238
05202,富根,東日本旅客鉄道,奥羽線,40.217979,140.172672,0,2.023
05202,東能代,東日本旅客鉄道,奥羽線,40.191578,140.065727,924,0.137
05202,東能代,東日本旅客鉄道,五能線,40.191578,140.065727,0,0.137
05202,能代,東日本旅客鉄道,五能線,40.206476,140.033133,638,0.064
05202,鳥形,東日本旅客鉄道,五能線,40.271422,140.036888,0,0.3
05202,鶴形,東日本旅客鉄道,奥羽線,40.203919,140.11857,0,0.39
05203,十文字,東日本旅客鉄道,奥羽線,39.221366,140.526488,654,0.211
05203,小松川,東日本旅客鉄道,北上線,39.293391,140.646179,0,1.423
05203,平石,東日本旅客鉄道,北上線,39.291697,140.628455,0,0.195
05203,後三年,東日本旅客鉄道,奥羽線,39.365011,140.538397,0,0.196
05203,柳田,東日本旅客鉄道,奥羽線,39.276334,140.553825,0,0.124
05203,横手,東日本旅客鉄道,奥羽線,39.310278,140.560434,2124,0.134
05203,横手,東日本旅客鉄道,北上線,39.310278,140.560434,0,0.134
05203,相野々,東日本旅客鉄道,北上線,39.278095,140.618691,14,0.326
05203,矢美津,東日本旅客鉄道,北上線,39.291299,140.59202,0,0.06
05203,醍醐,東日本旅客鉄道,奥羽線,39.248639,140.538568,0,0.151
05204,下川沿,東日本旅客鉄道,奥羽線,40.276366,140.496683,0,0.193
05204,十二所,東日本旅客鉄道,花輪線,40.214325,140.668173,0,0.058
05204,大滝温泉,東日本旅客鉄道,花輪線,40.20977,140.639613,0,0.134
05204,大館,東日本旅客鉄道,奥羽線,40.28807,140.555778,1340,0.233
05204,大館,東日本旅客鉄道,花輪線,40.28807,140.555778,0,0.233
05204,扇田,東日本旅客鉄道,花輪線,40.2293,140.572515,0,0.145
05204,早口,東日本旅客鉄道,奥羽線,40.271324,140.447459,118,1.811
05204,東大館,東日本旅客鉄道,花輪線,40.26615,140.554683,0,0.169
05204,沢尻,東日本旅客鉄道,花輪線,40.230349,140.693257,0,0.309
05204,白沢,東日本旅客鉄道,奥羽線,40.338121,140.591719,0,0.342
05204,陣場,東日本旅客鉄道,奥羽線,40.399019,140.607641,0,0.564
05206,天王,東日本旅客鉄道,男鹿線,39.898774,139.963803,0,1.129
05206,男鹿,東日本旅客鉄道,男鹿線,39.884648,139.84864,464,0.037
05206,羽立,東日本旅客鉄道,男鹿線,39.904535,139.862008,0,0.331
05206,脇本,東日本旅客鉄道,男鹿線,39.915283,139.902627,0,0.137
05206,船越,東日本旅客鉄道,男鹿線,39.904749,139.94668,0,0.155
05207,三関,東日本旅客鉄道,奥羽線,39.1102,140.483787,0,0.197
05207,上湯沢,東日本旅客鉄道,奥羽線,39.134138,140.485246,0,0.123
05207,下湯沢,東日本旅客鉄道,奥羽線,39.197324,140.502541,0,0.141
05207,横堀,東日本旅客鉄道,奥羽線,39.064698,140.451536,0,0.801
05207,湯沢,東日本旅客鉄道,奥羽線,39.163592,140.487027,1068,0.04
05207,院内,東日本旅客鉄道,奥羽線,39.049619,140.413942,0,1.279
05209,八幡平,東日本旅客鉄道,花輪線,40.142977,140.804451,0,0.121
05209,十和田南,東日本旅客鉄道,花輪線,40.255965,140.770676,228,0.155
05209,土深井,東日本旅客鉄道,花輪線,40.222485,140.713062,0,0.125
05209,末広,東日本旅客鉄道,花輪線,40.22989,140.737331,0,0.113
05209,柴平,東日本旅客鉄道,花輪線,40.230774,140.788057,0,0.071
05209,湯瀬温泉,東日本旅客鉄道,花輪線,40.122371,140.840328,0,0.11
05209,陸中大里,東日本旅客鉄道,花輪線,40.158541,140.793443,0,0.197
05209,鹿角花輪,東日本旅客鉄道,花輪線,40.188529,140.785182,308,0.074
05210,久保田,由利高原鉄道,鳥海山ろく線,39.296214,140.111153,21,0.247
05210,前郷,由利高原鉄道,鳥海山ろく線,39.312835,140.112848,141,1.252
05210,吉沢,由利高原鉄道,鳥海山ろく線,39.268494,140.114951,17,0.344
05210,子吉,由利高原鉄道,鳥海山ろく線,39.350428,140.059934,34,0.108
05210,岩城みなと,東日本旅客鉄道,羽越線,39.546147,140.05487,0,1.483
05210,川辺,由利高原鉄道,鳥海山ろく線,39.248988,140.120401,33,1.478
05210,折渡,東日本旅客鉄道,羽越線,39.476403,140.091133,0,1.565
05210,曲沢,由利高原鉄道,鳥海山ろく線,39.320853,140.102506,3,0.868
05210,矢島,由利高原鉄道,鳥海山ろく線,39.230325,140.139048,269,0.158
05210,羽後亀田,東日本旅客鉄道,羽越線,39.493891,140.063024,0,0.476
05210,羽後岩谷,東日本旅客鉄道,羽越線,39.441612,140.089374,0,0.225
05210,羽後本荘,東日本旅客鉄道,羽越線,39.386856,140.057616,2177,0.132
05210,羽後本荘,由利高原鉄道,鳥海山ろく線,39.386856,140.057616,0,0.132
05210,薬師堂,由利高原鉄道,鳥海山ろく線,39.36808,140.048862,70,0.131
05210,西滝沢,由利高原鉄道,鳥海山ろく線,39.278394,140.116475,63,0.639
05210,西目,東日本旅客鉄道,羽越線,39.347756,140.018756,0,0.286
05210,道川,東日本旅客鉄道,羽越線,39.560591,140.05708,0,1.781
05210,鮎川,由利高原鉄道,鳥海山ろく線,39.328571,140.071392,48,0.663
05210,黒沢,由利高原鉄道,鳥海山ろく線,39.320421,140.093129,10,0.955
05211,上二田,東日本旅客鉄道,男鹿線,39.868971,140.004079,0,0.406
05211,二田,東日本旅客鉄道,男鹿線,39.881437,139.987321,566,0.64
05211,井川さくら,東日本旅客鉄道,奥羽線,39.911662,140.075984,474,0.881
05211,出戸浜,東日本旅客鉄道,男鹿線,39.844428,140.024593,0,0.5
05211,大久保,東日本旅客鉄道,奥羽線,39.870914,140.063066,0,0.107
05211,羽後飯塚,東日本旅客鉄道,奥羽線,39.898971,140.073366,190,0.07
05212,刈和野,東日本旅客鉄道,奥羽線,39.548133,140.371864,430,0.249
05212,北大曲,東日本旅客鉄道,田沢湖線,39.489503,140.498056,0,0.18
05212,大曲,東日本旅客鉄道,奥羽線,39.465851,140.479538,3644,0.116
05212,大曲,東日本旅客鉄道,田沢湖線,39.465851,140.479538,0,0.116
05212,峰吉川,東日本旅客鉄道,奥羽線,39.566761,140.323033,104,1.189
05212,神宮寺,東日本旅客鉄道,奥羽線,39.495398,140.425851,344,0.088
05212,羽後四ツ屋,東日本旅客鉄道,田沢湖線,39.501607,140.511982,0,0.208
05212,羽後境,東日本旅客鉄道,奥羽線,39.619194,140.320559,274,0.609
05212,羽後長野,東日本旅客鉄道,田沢湖線,39.546064,140.540929,154,0.091
05212,鑓見内,東日本旅客鉄道,田沢湖線,39.519271,140.527689,0,0.113
05212,鶯野,東日本旅客鉄道,田沢湖線,39.568564,140.557945,0,0.117
05213,上杉,秋田内陸縦貫鉄道,秋田内陸線,40.146388,140.349784,12,0.323
05213,前山,東日本旅客鉄道,奥羽線,40.214718,140.312362,0,1.067
05213,前田南,秋田内陸縦貫鉄道,秋田内陸線,40.050532,140.402462,10,0.584
05213,合川,秋田内陸縦貫鉄道,秋田内陸線,40.161296,140.330129,89,0.023
05213,大野台,秋田内陸縦貫鉄道,秋田内陸線,40.186906,140.3406,9,0.726
05213,奥阿仁,秋田内陸縦貫鉄道,秋田内陸線,39.910987,140.488486,1,2.122
05213,小渕,秋田内陸縦貫鉄道,秋田内陸線,40.033743,140.401196,6,0.69
05213,岩野目,秋田内陸縦貫鉄道,秋田内陸線,39.921174,140.430679,0,1.826
05213,桂瀬,秋田内陸縦貫鉄道,秋田内陸線,40.101431,140.417805,17,1.073
05213,比立内,秋田内陸縦貫鉄道,秋田内陸線,39.904979,140.453188,24,2.183
05213,笑内,秋田内陸縦貫鉄道,秋田内陸線,39.935062,140.413105,4,0.349
05213,米内沢,秋田内陸縦貫鉄道,秋田内陸線,40.128425,140.373409,81,0.084
05213,糠沢,東日本旅客鉄道,奥羽線,40.250675,140.397506,0,0.143
05213,縄文小ヶ田,秋田内陸縦貫鉄道,秋田内陸線,40.205066,140.349226,7,0.097
05213,荒瀬,秋田内陸縦貫鉄道,秋田内陸線,39.98003,140.40242,4,1.304
05213,萱草,秋田内陸縦貫鉄道,秋田内陸線,39.958537,140.412419,1,1.604
05213,西鷹巣,秋田内陸縦貫鉄道,秋田内陸線,40.224778,140.357981,7,0.081
05213,阿仁マタギ,秋田内陸縦貫鉄道,秋田内陸線,39.919529,140.51578,10,1.817
05213,阿仁前田温泉,秋田内陸縦貫鉄道,秋田内陸線,40.061486,140.417826,85,0.125
05213,阿仁合,秋田内陸縦貫鉄道,秋田内陸線,40.000087,140.401239,86,0.91
05213,鷹ノ巣,東日本旅客鉄道,奥羽線,40.232118,140.369267,880,0.227
05213,鷹巣,秋田内陸縦貫鉄道,秋田内陸線,40.232118,140.369267,344,0.227
05214,上浜,東日本旅客鉄道,羽越線,39.16469,139.902906,0,0.309
05214,仁賀保,東日本旅客鉄道,羽越線,39.289788,139.96464,448,0.106
05214,小砂川,東日本旅客鉄道,羽越線,39.1376,139.885719,0,1.585
05214,象潟,東日本旅客鉄道,羽越線,39.20765,139.902263,370,0.174
05214,金浦,東日本旅客鉄道,羽越線,39.256261,139.920774,234,0.052
05215,上桧木内,秋田内陸縦貫鉄道,秋田内陸線,39.81803,140.582557,8,2.847
05215,八津,秋田内陸縦貫鉄道,秋田内陸線,39.687754,140.552838,7,1.734
05215,刺巻,東日本旅客鉄道,田沢湖線,39.668564,140.691948,0,0.106
05215,左通,秋田内陸縦貫鉄道,秋田内陸線,39.801909,140.586119,2,3.771
05215,戸沢,秋田内陸縦貫鉄道,秋田内陸線,39.859072,140.581226,0,2.463
05215,松葉,秋田内陸縦貫鉄道,秋田内陸線,39.744121,140.590324,124,2.921
05215,生田,東日本旅客鉄道,田沢湖線,39.612168,140.601332,0,0.772
05215,田沢湖,東日本旅客鉄道,田沢湖線,39.700462,140.722346,562,0.17
05215,神代,東日本旅客鉄道,田沢湖線,39.622681,140.627489,0,2.329
05215,羽後中里,秋田内陸縦貫鉄道,秋田内陸線,39.771141,140.602748,6,2.144
05215,羽後太田,秋田内陸縦貫鉄道,秋田内陸線,39.627309,140.574253,1,1.069
05215,羽後長戸呂,秋田内陸縦貫鉄道,秋田内陸線,39.727703,140.565412,5,3.88
05215,西明寺,秋田内陸縦貫鉄道,秋田内陸線,39.653169,140.563052,11,0.48
05215,角館,東日本旅客鉄道,田沢湖線,39.5918,140.571184,900,0.256
05215,角館,秋田内陸縦貫鉄道,秋田内陸線,39.5918,140.571184,308,0.256
05348,北金岡,東日本旅客鉄道,奥羽線,40.141845,140.063453,0,1.504
05348,森岳,東日本旅客鉄道,奥羽線,40.10322,140.070791,282,1.471
05348,鯉川,東日本旅客鉄道,奥羽線,39.996339,140.07755,0,0.693
05348,鹿渡,東日本旅客鉄道,奥羽線,40.044257,140.082636,222,1.417
05349,あきた白神,東日本旅客鉄道,五能線,40.386485,139.988029,26,4.429
05349,八森,東日本旅客鉄道,五能線,40.371299,140.017898,0,3.296
05349,岩館,東日本旅客鉄道,五能線,40.406209,139.966292,0,6.228
05349,東八森,東日本旅客鉄道,五能線,40.332102,140.032511,0,3.097
05349,沢目,東日本旅客鉄道,五能線,40.296057,140.037789,0,0.783
05349,滝ノ間,東日本旅客鉄道,五能線,40.379963,140.002277,0,3.582
05363,八郎潟,東日本旅客鉄道,奥羽線,39.947829,140.078516,1078,0.043
05434,飯詰,東日本旅客鉄道,奥羽線,39.406107,140.515394,284,0.364
06201,北山形,東日本旅客鉄道,奥羽線,38.265933,140.332704,3260,0.254
06201,北山形,東日本旅客鉄道,左沢線,38.265512,140.332189,0,0.239
06201,南出羽,東日本旅客鉄道,奥羽線,38.302567,140.344656,0,0.475
06201,山寺,東日本旅客鉄道,仙山線,38.309588,140.434778,828,1.873
06201,山形,東日本旅客鉄道,奥羽線,38.248191,140.327339,19304,0.197
06201,東金井,東日本旅客鉄道,左沢線,38.276934,140.30277,0,0.198
06201,楯山,東日本旅客鉄道,仙山線,38.301674,140.370662,0,0.56
06201,漆山,東日本旅客鉄道,奥羽線,38.314454,140.347681,0,0.361
06201,羽前千歳,東日本旅客鉄道,奥羽線,38.287377,140.342124,0,0.123
06201,羽前千歳,東日本旅客鉄道,仙山線,38.287377,140.342124,0,0.123
06201,蔵王,東日本旅客鉄道,奥羽線,38.205898,140.303371,1952,0.65
06201,高瀬,東日本旅客鉄道,仙山線,38.301506,140.396068,0,0.764
06202,中郡,東日本旅客鉄道,米坂線,37.969187,140.067294,0,0.798
06202,南米沢,東日本旅客鉄道,米坂線,37.896056,140.108278,0,0.271
06202,大沢,東日本旅客鉄道,奥羽線,37.837378,140.20031,0,2.564
06202,峠,東日本旅客鉄道,奥羽線,37.812115,140.235318,0,1.812
06202,峠,東日本旅客鉄道,奥羽線,37.811852,140.236073,0,1.831
06202,峠,東日本旅客鉄道,奥羽線,37.812157,140.235815,0,1.843
06202,成島,東日本旅客鉄道,米坂線,37.943368,140.075555,0,0.709
06202,板谷,東日本旅客鉄道,奥羽線,37.811344,140.268159,0,2.131
06202,米沢,東日本旅客鉄道,奥羽線,37.909415,140.128276,3688,0.064
06202,米沢,東日本旅客鉄道,米坂線,37.909415,140.128276,0,0.064
06202,置賜,東日本旅客鉄道,奥羽線,37.954062,140.142567,0,0.994
06202,西米沢,東日本旅客鉄道,米坂線,37.91727,140.084825,0,0.275
06202,関根,東日本旅客鉄道,奥羽線,37.864588,140.146258,0,1.283
06203,あつみ温泉,東日本旅客鉄道,羽越線,38.624191,139.587865,164,0.162
06203,三瀬,東日本旅客鉄道,羽越線,38.699478,139.673495,0,0.358
06203,五十川,東日本旅客鉄道,羽越線,38.670651,139.616082,0,1.478
06203,小岩川,東日本旅客鉄道,羽越線,38.590421,139.565964,0,1.029
06203,小波渡,東日本旅客鉄道,羽越線,38.69241,139.649684,0,0.481
06203,羽前大山,東日本旅客鉄道,羽越線,38.742135,139.768002,0,0.256
06203,羽前水沢,東日本旅客鉄道,羽越線,38.71356,139.731545,0,0.251
06203,藤島,東日本旅客鉄道,羽越線,38.76864,139.894066,366,0.136
06203,鶴岡,東日本旅客鉄道,羽越線,38.740093,139.835379,2058,0.259
06203,鼠ヶ関,東日本旅客鉄道,羽越線,38.555583,139.548812,0,0.13
06204,南鳥海,東日本旅客鉄道,羽越線,38.987435,139.898722,0,0.475
06204,本楯,東日本旅客鉄道,羽越線,38.968568,139.881964,0,0.201
06204,東酒田,東日本旅客鉄道,羽越線,38.907565,139.875269,0,0.165
06204,砂越,東日本旅客鉄道,羽越線,38.895141,139.907348,0,0.301
06204,酒田,東日本旅客鉄道,羽越線,38.922207,139.845915,1734,0.101
06205,升形,東日本旅客鉄道,陸羽西線,38.751573,140.244255,0,0.886
06205,南新庄,東日本旅客鉄道,陸羽東線,38.721613,140.316203,0,1.235
06205,新庄,東日本旅客鉄道,奥羽線,38.762516,140.306096,2116,0.031
06205,新庄,東日本旅客鉄道,陸羽西線,38.762516,140.306096,0,0.031
06205,新庄,東日本旅客鉄道,陸羽東線,38.762516,140.306096,0,0.031
06205,泉田,東日本旅客鉄道,奥羽線,38.811701,140.310016,0,1.064
06206,南寒河江,東日本旅客鉄道,左沢線,38.355994,140.277407,0,0.068
06206,寒河江,東日本旅客鉄道,左沢線,38.372044,140.274682,1704,0.141
06206,柴橋,東日本旅客鉄道,左沢線,38.380876,140.225823,0,0.144
06206,羽前高松,東日本旅客鉄道,左沢線,38.39751,140.24859,0,0.012
06206,西寒河江,東日本旅客鉄道,左沢線,38.379597,140.266571,0,0.213
06207,かみのやま温泉,東日本旅客鉄道,奥羽線,38.151905,140.278437,2394,0.105
06207,羽前中山,東日本旅客鉄道,奥羽線,38.125121,140.21872,0,1.01
06207,茂吉記念館前,東日本旅客鉄道,奥羽線,38.171358,140.298285,0,0.197
06208,村山,東日本旅客鉄道,奥羽線,38.47711,140.386412,1460,0.196
06208,袖崎,東日本旅客鉄道,奥羽線,38.547964,140.39139,0,0.745
06209,あやめ公園,山形鉄道,フラワー長井線,38.114064,140.03279,76,0.25
06209,今泉,山形鉄道,フラワー長井線,38.056708,140.044227,127,0.342
06209,今泉,東日本旅客鉄道,米坂線,38.056708,140.044227,262,0.342
06209,南長井,山形鉄道,フラワー長井線,38.097619,140.034549,157,0.265
06209,時庭,山形鉄道,フラワー長井線,38.076677,140.029614,8,0.738
06209,白兎,山形鉄道,フラワー長井線,38.149981,140.041094,12,1.474
06209,羽前成田,山形鉄道,フラワー長井線,38.131046,140.035107,38,0.734
06209,長井,山形鉄道,フラワー長井線,38.106534,140.033562,207,0.19
06210,乱川,東日本旅客鉄道,奥羽線,38.386796,140.374761,0,0.181
06210,天童,東日本旅客鉄道,奥羽線,38.360082,140.369439,2474,0.079
06210,天童南,東日本旅客鉄道,奥羽線,38.341976,140.365705,0,0.065
06210,面白山高原,東日本旅客鉄道,仙山線,38.332955,140.497284,0,3.906
06210,高擶,東日本旅客鉄道,奥羽線,38.330716,140.358839,0,0.089
06211,さくらんぼ東根,東日本旅客鉄道,奥羽線,38.428597,140.380747,2724,0.101
06211,東根,東日本旅客鉄道,奥羽線,38.45095,140.384095,0,0.125
06211,神町,東日本旅客鉄道,奥羽線,38.412324,140.378494,0,0.091
06212,芦沢,東日本旅客鉄道,奥羽線,38.655471,140.361071,62,0.467
06213,おりはた,山形鉄道,フラワー長井線,38.066457,140.122461,28,0.496
06213,中川,東日本旅客鉄道,奥羽線,38.093346,140.203485,0,1.381
06213,南陽市役所,山形鉄道,フラワー長井線,38.055509,140.149026,5,0.248
06213,宮内,山形鉄道,フラワー長井線,38.070866,140.135293,190,0.763
06213,梨郷,山形鉄道,フラワー長井線,38.057283,140.098128,15,0.962
06213,赤湯,山形鉄道,フラワー長井線,38.047229,140.149004,140,0.415
06213,赤湯,東日本旅客鉄道,奥羽線,38.047229,140.149004,2198,0.415
06301,羽前山辺,東日本旅客鉄道,左沢線,38.294602,140.271571,0,0.901
06302,羽前金沢,東日本旅客鉄道,左沢線,38.320868,140.270455,0,1.137
06302,羽前長崎,東日本旅客鉄道,左沢線,38.332921,140.273073,668,0.568
06324,左沢,東日本旅客鉄道,左沢線,38.382205,140.208099,502,0.347
06341,北大石田,東日本旅客鉄道,奥羽線,38.629611,140.371263,0,0.604
06341,大石田,東日本旅客鉄道,奥羽線,38.595826,140.375404,1228,0.037
06362,堺田,東日本旅客鉄道,陸羽東線,38.735557,140.612769,0,0.709
06362,大堀,東日本旅客鉄道,陸羽東線,38.76593,140.475419,0,1.595
06362,最上,東日本旅客鉄道,陸羽東線,38.755924,140.517669,166,1.216
06362,瀬見温泉,東日本旅客鉄道,陸羽東線,38.755137,140.419629,0,0.191
06362,立小路,東日本旅客鉄道,陸羽東線,38.742017,140.54271,0,1.215
06362,赤倉温泉,東日本旅客鉄道,陸羽東線,38.730502,140.55361,0,0.826
06362,鵜杉,東日本旅客鉄道,陸羽東線,38.764943,140.453682,0,2.342
06363,東長沢,東日本旅客鉄道,陸羽東線,38.718917,140.382164,0,1.481
06363,舟形,東日本旅客鉄道,奥羽線,38.691724,140.316095,124,0.598
06363,長沢,東日本旅客鉄道,陸羽東線,38.709776,140.365791,0,2.984
06364,及位,東日本旅客鉄道,奥羽線,38.992955,140.361178,0,2.075
06364,大滝,東日本旅客鉄道,奥羽線,38.971455,140.320194,0,3.185
06364,真室川,東日本旅客鉄道,奥羽線,38.858307,140.254877,144,0.709
06364,羽前豊里,東日本旅客鉄道,奥羽線,38.836766,140.242302,0,2.015
06364,釜淵,東日本旅客鉄道,奥羽線,38.932991,140.263996,0,1.737
06367,古口,東日本旅客鉄道,陸羽西線,38.737164,140.146,32,2.013
06367,津谷,東日本旅客鉄道,陸羽西線,38.737599,140.186341,0,0.76
06367,羽前前波,東日本旅客鉄道,陸羽西線,38.747691,140.209494,0,1.225
06367,高屋,東日本旅客鉄道,陸羽西線,38.75251,140.071006,0,1.664
06381,高畠,東日本旅客鉄道,奥羽線,37.992341,140.152802,1298,0.314
06382,犬川,東日本旅客鉄道,米坂線,38.025377,140.052123,0,0.7
06382,羽前小松,東日本旅客鉄道,米坂線,38.004702,140.048561,334,0.906
06382,西大塚,山形鉄道,フラワー長井線,38.055441,140.064654,13,1.298
06401,伊佐領,東日本旅客鉄道,米坂線,38.051048,139.822655,0,0.155
06401,小国,東日本旅客鉄道,米坂線,38.061456,139.750171,136,0.189
06401,羽前松岡,東日本旅客鉄道,米坂線,38.045404,139.780447,0,0.062
06401,羽前沼沢,東日本旅客鉄道,米坂線,38.028791,139.872479,0,0.601
06402,四季の郷,山形鉄道,フラワー長井線,38.185999,140.078623,24,1.427
06402,荒砥,山形鉄道,フラワー長井線,38.188191,140.097549,121,0.53
06402,蚕桑,山形鉄道,フラワー長井線,38.161505,140.04678,20,1.724
06402,鮎貝,山形鉄道,フラワー長井線,38.182575,140.071027,43,1.84
06403,手ノ子,東日本旅客鉄道,米坂線,38.011769,139.961271,0,0.768
06403,羽前椿,東日本旅客鉄道,米坂線,38.038611,139.994273,36,0.981
06403,萩生,東日本旅客鉄道,米坂線,38.061912,140.004294,0,0.964
06428,余目,東日本旅客鉄道,羽越線,38.844354,139.911318,736,0.057
06428,余目,東日本旅客鉄道,陸羽西線,38.844354,139.911318,0,0.057
06428,北余目,東日本旅客鉄道,羽越線,38.867547,139.908121,0,0.262
06428,南野,東日本旅客鉄道,陸羽西線,38.818194,139.944727,0,0.548
06428,清川,東日本旅客鉄道,陸羽西線,38.790168,140.020709,0,0.404
06428,狩川,東日本旅客鉄道,陸羽西線,38.793681,139.976764,74,0.285
06428,西袋,東日本旅客鉄道,羽越線,38.811523,139.907713,0,0.22
06461,吹浦,東日本旅客鉄道,羽越線,39.069996,139.878681,0,0.087
06461,女鹿,東日本旅客鉄道,羽越線,39.098744,139.880977,0,1.372
06461,遊佐,東日本旅客鉄道,羽越線,39.015999,139.905138,214,0.12
07201,上松川,福島交通,飯坂線,37.783621,140.441065,351,0.135
07201,医王寺前,福島交通,飯坂線,37.816107,140.446343,315,0.03
07201,南福島,東日本旅客鉄道,東北線,37.723818,140.455828,3172,0.12
07201,卸町,阿武隈急行,阿武隈急行線,37.795441,140.479496,431,0.126
07201,向瀬上,阿武隈急行,阿武隈急行線,37.80658,140.51033,37,0.102
07201,岩代清水,福島交通,飯坂線,37.776278,140.447674,500,0.136
07201,平野,福島交通,飯坂線,37.805071,140.442739,410,0.049
07201,庭坂,東日本旅客鉄道,奥羽線,37.771546,140.389824,0,0.117
07201,曽根田,福島交通,飯坂線,37.760317,140.459497,485,0.034
07201,東福島,東日本旅客鉄道,東北線,37.799764,140.477328,1392,0.096
07201,松川,東日本旅客鉄道,東北線,37.653502,140.484173,1704,0.153
07201,桜水,福島交通,飯坂線,37.795898,140.441108,327,0.088
07201,泉,福島交通,飯坂線,37.77872,140.445528,261,0.031
07201,瀬上,阿武隈急行,阿武隈急行線,37.802375,140.498571,234,0.088
07201,福島,東日本旅客鉄道,奥羽線,37.754057,140.458617,0,0.235
07201,福島,東日本旅客鉄道,東北新幹線,37.754057,140.458617,0,0.235
07201,福島,東日本旅客鉄道,東北線,37.754311,140.459948,28584,0.157
07201,福島,東日本旅客鉄道,東北線,37.754311,140.459776,0,0.171
07201,福島,東日本旅客鉄道,奥羽線,37.754311,140.459626,0,0.184
07201,福島,福島交通,飯坂線,37.754328,140.460033,2182,0.149
07201,福島,阿武隈急行,阿武隈急行線,37.754311,140.459948,2822,0.157
07201,福島学院前,阿武隈急行,阿武隈急行線,37.798781,140.488615,528,0.06
07201,笹木野,東日本旅客鉄道,奥羽線,37.765881,140.426109,0,0.121
07201,笹谷,福島交通,飯坂線,37.787318,140.439734,573,0.08
07201,美術館図書館前,福島交通,飯坂線,37.767119,140.455377,264,0.138
07201,花水坂,福島交通,飯坂線,37.827057,140.450828,267,0.06
07201,赤岩,東日本旅客鉄道,奥羽線,37.805715,140.335,0,1.993
07201,金谷川,東日本旅客鉄道,東北線,37.680713,140.452008,4882,0.042
07201,飯坂温泉,福島交通,飯坂線,37.830124,140.454669,466,0.063
07202,あまや,会津鉄道,会津線,37.417192,139.917605,6,0.089
07202,七日町,東日本旅客鉄道,只見線,37.501918,139.9196,0,0.26
07202,会津若松,東日本旅客鉄道,只見線,37.508943,139.930158,4328,0.033
07202,会津若松,東日本旅客鉄道,磐越西線,37.508943,139.930158,0,0.033
07202,南若松,会津鉄道,会津線,37.459087,139.914429,33,0.335
07202,堂島,東日本旅客鉄道,磐越西線,37.554768,139.911747,0,0.109
07202,大川ダム公園,会津鉄道,会津線,37.346825,139.920781,2,1.349
07202,広田,東日本旅客鉄道,磐越西線,37.549188,139.933312,0,0.081
07202,東長原,東日本旅客鉄道,磐越西線,37.566521,139.948118,0,0.096
07202,芦ノ牧温泉,会津鉄道,会津線,37.395409,139.932261,143,0.224
07202,芦ノ牧温泉南,会津鉄道,会津線,37.334593,139.918656,6,0.035
07202,西若松,会津鉄道,会津線,37.485943,139.91415,450,0.256
07202,西若松,東日本旅客鉄道,只見線,37.485943,139.914107,1478,0.259
07202,門田,会津鉄道,会津線,37.442615,139.913764,2,0.092
07203,中山宿,東日本旅客鉄道,磐越西線,37.495682,140.219493,0,2.213
07203,喜久田,東日本旅客鉄道,磐越西線,37.451575,140.341995,0,0.072
07203,安子ヶ島,東日本旅客鉄道,磐越西線,37.471895,140.310559,0,0.129
07203,安積永盛,東日本旅客鉄道,水郡線,37.356599,140.368817,0,0.185
07203,安積永盛,東日本旅客鉄道,東北線,37.356599,140.368817,4752,0.185
07203,日和田,東日本旅客鉄道,東北線,37.445954,140.388365,0,0.063
07203,磐城守山,東日本旅客鉄道,水郡線,37.33072,140.406518,0,0.03
07203,磐梯熱海,東日本旅客鉄道,磐越西線,37.480767,140.270627,424,0.166
07203,舞木,東日本旅客鉄道,磐越東線,37.416698,140.435314,0,0.141
07203,谷田川,東日本旅客鉄道,水郡線,37.313622,140.431237,0,1.232
07203,郡山,東日本旅客鉄道,東北新幹線,37.39863,140.388622,0,0.161
07203,郡山,東日本旅客鉄道,東北線,37.398136,140.388858,32174,0.213
07203,郡山,東日本旅客鉄道,磐越西線,37.398136,140.388858,0,0.213
07203,郡山,東日本旅客鉄道,磐越東線,37.398136,140.388858,0,0.213
07203,郡山,東日本旅客鉄道,東北線,37.398647,140.389309,0,0.211
07203,郡山,東日本旅客鉄道,磐越西線,37.398647,140.389309,0,0.211
07203,郡山,東日本旅客鉄道,磐越東線,37.398647,140.389309,0,0.211
07203,郡山富田,東日本旅客鉄道,磐越西線,37.420583,140.369182,0,0.072
07204,いわき,東日本旅客鉄道,常磐線,37.058225,140.892363,9998,0.102
07204,いわき,東日本旅客鉄道,磐越東線,37.058225,140.892363,0,0.102
07204,久ノ浜,東日本旅客鉄道,常磐線,37.142478,140.995789,0,0.062
07204,内郷,東日本旅客鉄道,常磐線,37.035978,140.854919,1782,0.055
07204,勿来,東日本旅客鉄道,常磐線,36.883603,140.786648,1356,0.098
07204,四ツ倉,東日本旅客鉄道,常磐線,37.102232,140.980811,1032,0.122
07204,小川郷,東日本旅客鉄道,磐越東線,37.12645,140.862515,0,0.047
07204,川前,東日本旅客鉄道,磐越東線,37.205637,140.750291,0,2.147
07204,末続,東日本旅客鉄道,常磐線,37.172132,140.995638,0,1.126
07204,植田,東日本旅客鉄道,常磐線,36.920494,140.79649,3018,0.132
07204,江田,東日本旅客鉄道,磐越東線,37.179142,140.826423,0,2.304
07204,泉,東日本旅客鉄道,常磐線,36.955585,140.854082,4368,0.147
07204,湯本,東日本旅客鉄道,常磐線,37.006957,140.849833,3360,0.074
07204,草野,東日本旅客鉄道,常磐線,37.073858,140.947251,0,0.073
07204,赤井,東日本旅客鉄道,磐越東線,37.080637,140.866334,0,0.154
07205,久田野,東日本旅客鉄道,東北線,37.137518,140.260177,0,0.076
07205,白坂,東日本旅客鉄道,東北線,37.095272,140.18471,0,0.172
07205,白河,東日本旅客鉄道,東北線,37.130213,140.212412,1174,0.185
07207,小塩江,東日本旅客鉄道,水郡線,37.295547,140.430164,0,0.979
07207,川東,東日本旅客鉄道,水郡線,37.270091,140.406153,0,0.103
07207,須賀川,東日本旅客鉄道,東北線,37.300105,140.370963,4038,0.054
07208,会津豊川,東日本旅客鉄道,磐越西線,37.633487,139.876835,0,0.102
07208,喜多方,東日本旅客鉄道,磐越西線,37.643852,139.868102,1284,0.028
07208,塩川,東日本旅客鉄道,磐越西線,37.594138,139.887178,496,0.058
07208,姥堂,東日本旅客鉄道,磐越西線,37.615931,139.880998,0,0.05
07208,山都,東日本旅客鉄道,磐越西線,37.639196,139.766543,284,0.917
07208,荻野,東日本旅客鉄道,磐越西線,37.617563,139.722254,42,0.946
07209,日立木,東日本旅客鉄道,常磐線,37.756126,140.934656,0,0.118
07209,相馬,東日本旅客鉄道,常磐線,37.802494,140.925708,2164,0.011
07210,二本松,東日本旅客鉄道,東北線,37.589462,140.435507,2808,0.124
07210,安達,東日本旅客鉄道,東北線,37.612634,140.466685,1520,0.079
07210,杉田,東日本旅客鉄道,東北線,37.563516,140.413985,0,0.267
07211,大越,東日本旅客鉄道,磐越東線,37.387481,140.630407,0,0.174
07211,磐城常葉,東日本旅客鉄道,磐越東線,37.420771,140.605838,0,0.093
07211,神俣,東日本旅客鉄道,磐越東線,37.324731,140.659676,250,0.146
07211,船引,東日本旅客鉄道,磐越東線,37.443126,140.574617,1238,0.176
07211,菅谷,東日本旅客鉄道,磐越東線,37.350492,140.644591,112,0.146
07211,要田,東日本旅客鉄道,磐越東線,37.454148,140.520759,0,0.075
07212,原ノ町,東日本旅客鉄道,常磐線,37.638024,140.971048,2008,0.072
07212,小高,東日本旅客鉄道,常磐線,37.562966,140.996368,0,0.159
07212,桃内,東日本旅客鉄道,常磐線,37.528668,140.984373,0,0.253
07212,磐城太田,東日本旅客鉄道,常磐線,37.605069,140.991518,0,0.191
07212,鹿島,東日本旅客鉄道,常磐線,37.702837,140.970082,0,0.118
07213,やながわ希望の森公園前,阿武隈急行,阿武隈急行線,37.857863,140.615644,156,0.085
07213,上保原,阿武隈急行,阿武隈急行線,37.809614,140.542924,329,0.018
07213,二井田,阿武隈急行,阿武隈急行線,37.827819,140.580368,44,0.093
07213,伊達,東日本旅客鉄道,東北線,37.824277,140.493379,1804,0.131
07213,保原,阿武隈急行,阿武隈急行線,37.814564,140.556593,799,0.137
07213,兜,阿武隈急行,阿武隈急行線,37.895362,140.646522,1,0.308
07213,大泉,阿武隈急行,阿武隈急行線,37.819887,140.56685,289,0.201
07213,富野,阿武隈急行,阿武隈急行線,37.874735,140.627468,21,0.02
07213,新田,阿武隈急行,阿武隈急行線,37.837751,140.593028,139,0.149
07213,梁川,阿武隈急行,阿武隈急行線,37.846003,140.603478,447,0.221
07213,高子,阿武隈急行,阿武隈急行線,37.808377,140.527217,99,0.09
07214,五百川,東日本旅客鉄道,東北線,37.482436,140.387743,0,0.115
07214,本宮,東日本旅客鉄道,東北線,37.513726,140.39933,2854,0.114
07301,桑折,東日本旅客鉄道,東北線,37.855169,140.517304,1036,0.118
07303,藤田,東日本旅客鉄道,東北線,37.878884,140.539405,1078,0.1
07303,貝田,東日本旅客鉄道,東北線,37.908112,140.58099,0,0.133
07342,鏡石,東日本旅客鉄道,東北線,37.250571,140.346844,1646,0.326
07362,ふるさと公園,会津鉄道,会津線,37.243278,139.859025,48,1.501
07362,会津下郷,会津鉄道,会津線,37.255183,139.864926,72,1.825
07362,塔のへつり,会津鉄道,会津線,37.274565,139.90149,50,1.484
07362,弥五島,会津鉄道,会津線,37.266352,139.889989,31,1.066
07362,湯野上温泉,会津鉄道,会津線,37.304047,139.895182,244,0.437
07362,養鱒公園,会津鉄道,会津線,37.224502,139.841816,22,1.575
07367,会津塩沢,東日本旅客鉄道,只見線,37.393601,139.355114,0,0.935
07367,会津蒲生,東日本旅客鉄道,只見線,37.381804,139.333334,0,1.568
07367,只見,東日本旅客鉄道,只見線,37.350254,139.314816,72,0.582
07367,田子倉,東日本旅客鉄道,只見線,37.317547,139.255915,0,3.86
07368,七ヶ岳登山口,会津鉄道,会津線,37.124191,139.717383,8,1.563
07368,中荒井,会津鉄道,会津線,37.180236,139.750943,8,1.597
07368,会津山村道場,会津鉄道,会津線,37.144206,139.73176,2,1.808
07368,会津田島,会津鉄道,会津線,37.203278,139.774311,504,0.099
07368,会津荒海,会津鉄道,会津線,37.153305,139.733691,47,2.346
07368,会津長野,会津鉄道,会津線,37.215292,139.823835,16,0.299
07368,会津高原尾瀬口,会津鉄道,会津線,37.090034,139.70511,0,2.392
07368,会津高原尾瀬口,野岩鉄道,会津鬼怒川線,37.090034,139.70511,0,2.392
07368,田島高校前,会津鉄道,会津線,37.209567,139.800789,89,0.196
07405,上野尻,東日本旅客鉄道,磐越西線,37.625041,139.633892,0,0.104
07405,尾登,東日本旅客鉄道,磐越西線,37.608996,139.691484,0,0.502
07405,徳沢,東日本旅客鉄道,磐越西線,37.666882,139.602857,0,2.525
07405,野沢,東日本旅客鉄道,磐越西線,37.590958,139.644599,170,0.126
07407,磐梯町,東日本旅客鉄道,磐越西線,37.557404,139.993436,210,0.133
07408,上戸,東日本旅客鉄道,磐越西線,37.487867,140.163574,0,0.092
07408,川桁,東日本旅客鉄道,磐越西線,37.535594,140.136924,0,0.12
07408,猪苗代,東日本旅客鉄道,磐越西線,37.546296,140.103128,998,0.201
07408,猪苗代湖畔,東日本旅客鉄道,磐越西線,37.500636,140.147588,0,0.206
07408,翁島,東日本旅客鉄道,磐越西線,37.552811,140.054011,0,0.001
07408,関都,東日本旅客鉄道,磐越西線,37.515632,140.143597,0,0.103
07421,会津坂下,東日本旅客鉄道,只見線,37.556741,139.821603,566,0.122
07421,会津坂本,東日本旅客鉄道,只見線,37.553322,139.756715,0,0.041
07421,塔寺,東日本旅客鉄道,只見線,37.56943,139.785211,0,0.334
07421,若宮,東日本旅客鉄道,只見線,37.535304,139.82832,0,0.168
07422,笈川,東日本旅客鉄道,磐越西線,37.57914,139.895353,0,0.105
07423,会津柳津,東日本旅客鉄道,只見線,37.538673,139.723864,0,1.156
07423,滝谷,東日本旅客鉄道,只見線,37.49432,139.697964,0,0.896
07423,郷戸,東日本旅客鉄道,只見線,37.516347,139.709916,0,1.85
07444,会津宮下,東日本旅客鉄道,只見線,37.471163,139.647067,0,0.301
07444,会津桧原,東日本旅客鉄道,只見線,37.491902,139.679446,0,0.249
07444,会津西方,東日本旅客鉄道,只見線,37.480954,139.661486,0,0.136
07444,早戸,東日本旅客鉄道,只見線,37.470022,139.593616,0,0.602
07445,会津中川,東日本旅客鉄道,只見線,37.473734,139.532204,0,1.214
07445,会津大塩,東日本旅客鉄道,只見線,37.392783,139.413114,0,3.2
07445,会津川口,東日本旅客鉄道,只見線,37.455085,139.5239,88,0.647
07445,会津横田,東日本旅客鉄道,只見線,37.392374,139.435902,0,1.928
07445,会津水沼,東日本旅客鉄道,只見線,37.483015,139.560657,0,1.68
07445,会津越川,東日本旅客鉄道,只見線,37.398699,139.469419,0,1.995
07445,本名,東日本旅客鉄道,只見線,37.444778,139.498816,0,1.709
07447,会津本郷,東日本旅客鉄道,只見線,37.463431,139.892564,0,0.264
07447,会津高田,東日本旅客鉄道,只見線,37.470822,139.841301,0,0.073
07447,新鶴,東日本旅客鉄道,只見線,37.517164,139.828491,0,0.698
07447,根岸,東日本旅客鉄道,只見線,37.501964,139.82862,0,0.556
07461,新白河,東日本旅客鉄道,東北新幹線,37.123302,140.18883,0,0.072
07461,新白河,東日本旅客鉄道,東北線,37.122532,140.187542,5402,0.072
07464,泉崎,東日本旅客鉄道,東北線,37.15823,140.299058,0,0.166
07466,矢吹,東日本旅客鉄道,東北線,37.205739,140.328283,2008,0.308
07481,中豊,東日本旅客鉄道,水郡線,37.02248,140.3933,0,0.111
07481,磐城棚倉,東日本旅客鉄道,水郡線,37.035105,140.384438,0,0.118
07481,近津,東日本旅客鉄道,水郡線,37.000513,140.393772,0,0.016
07482,南石井,東日本旅客鉄道,水郡線,36.894706,140.416925,0,0.786
07482,東館,東日本旅客鉄道,水郡線,36.870231,140.423319,106,0.699
07482,矢祭山,東日本旅客鉄道,水郡線,36.849938,140.395381,0,1.869
07483,磐城塙,東日本旅客鉄道,水郡線,36.95862,140.412097,254,0.12
07483,磐城石井,東日本旅客鉄道,水郡線,36.904659,140.415316,0,1.164
07501,磐城石川,東日本旅客鉄道,水郡線,37.140717,140.443983,814,0.244
07501,野木沢,東日本旅客鉄道,水郡線,37.17521,140.421002,0,0.16
07502,川辺沖,東日本旅客鉄道,水郡線,37.192715,140.405746,0,0.207
07502,泉郷,東日本旅客鉄道,水郡線,37.214489,140.405574,0,0.123
07504,磐城浅川,東日本旅客鉄道,水郡線,37.079832,140.414414,288,0.128
07504,里白石,東日本旅客鉄道,水郡線,37.104497,140.41671,0,0.275
07521,三春,東日本旅客鉄道,磐越東線,37.449838,140.478551,1274,0.177
07522,夏井,東日本旅客鉄道,磐越東線,37.252962,140.662766,0,0.202
07522,小野新町,東日本旅客鉄道,磐越東線,37.275743,140.63663,562,0.108
07541,広野,東日本旅客鉄道,常磐線,37.21155,140.998814,0,0.094
07542,Jヴィレッジ,東日本旅客鉄道,常磐線,37.24207,141.007533,0,0.152
07542,木戸,東日本旅客鉄道,常磐線,37.258001,141.002526,0,0.03
07542,竜田,東日本旅客鉄道,常磐線,37.282453,141.002727,348,0.154
07543,夜ノ森,東日本旅客鉄道,常磐線,37.365791,140.992012,0,0.215
07543,富岡,東日本旅客鉄道,常磐線,37.334064,141.022739,0,0.08
07545,大野,東日本旅客鉄道,常磐線,37.409335,140.984187,0,0.187
07546,双葉,東日本旅客鉄道,常磐線,37.453739,141.005852,0,0.026
07547,浪江,東日本旅客鉄道,常磐線,37.492226,140.98978,0,0.023
07561,新地,東日本旅客鉄道,常磐線,37.879223,140.925643,526,0.216
07561,駒ヶ嶺,東日本旅客鉄道,常磐線,37.842139,140.925107,0,0.047
08201,偕楽園,東日本旅客鉄道,常磐線,36.373025,140.456343,0,0.253
08201,内原,東日本旅客鉄道,常磐線,36.370053,140.352616,4672,0.167
08201,常澄,鹿島臨海鉄道,大洗鹿島線,36.34071,140.55891,641,0.783
08201,常陸青柳,東日本旅客鉄道,水郡線,36.383581,140.484452,0,0.609
08201,東水戸,鹿島臨海鉄道,大洗鹿島線,36.361777,140.516059,132,0.54
08201,水戸,東日本旅客鉄道,常磐線,36.370865,140.4772,57429,0.164
08201,水戸,東日本旅客鉄道,水郡線,36.371021,140.476491,0,0.107
08201,水戸,鹿島臨海鉄道,大洗鹿島線,36.370865,140.4772,0,0.164
08201,赤塚,東日本旅客鉄道,常磐線,36.38175,140.415165,11530,0.298
08202,十王,東日本旅客鉄道,常磐線,36.671379,140.68594,5182,0.174
08202,大甕,東日本旅客鉄道,常磐線,36.51293,140.619442,16636,0.345
08202,小木津,東日本旅客鉄道,常磐線,36.63664,140.675297,4000,0.123
08202,常陸多賀,東日本旅客鉄道,常磐線,36.552103,140.632725,11238,0.277
08202,日立,東日本旅客鉄道,常磐線,36.590326,140.6618,17484,0.13
08203,土浦,東日本旅客鉄道,常磐線,36.078586,140.206232,28276,0.125
08203,神立,東日本旅客鉄道,常磐線,36.120422,140.248611,10274,0.26
08203,荒川沖,東日本旅客鉄道,常磐線,36.030516,140.165913,14124,0.279
08204,古河,東日本旅客鉄道,東北線,36.194417,139.709723,22608,0.232
08205,石岡,東日本旅客鉄道,常磐線,36.19149,140.279768,9850,0.049
08205,高浜,東日本旅客鉄道,常磐線,36.163483,140.294487,1788,0.412
08207,小田林,東日本旅客鉄道,水戸線,36.30079,139.853618,0,0.361
08207,東結城,東日本旅客鉄道,水戸線,36.296623,139.891405,0,0.442
08207,結城,東日本旅客鉄道,水戸線,36.298075,139.873037,3644,0.076
08208,佐貫,関東鉄道,竜ヶ崎線,35.929405,140.138276,2002,0.167
08208,入地,関東鉄道,竜ヶ崎線,35.919014,140.157244,63,0.36
08208,竜ヶ崎,関東鉄道,竜ヶ崎線,35.908553,140.178895,1955,0.209
08208,龍ケ崎市,東日本旅客鉄道,常磐線,35.929996,140.138011,20636,0.229
08210,下妻,関東鉄道,常総線,36.182277,139.96449,1758,0.145
08210,大宝,関東鉄道,常総線,36.203161,139.970198,105,0.482
08210,宗道,関東鉄道,常総線,36.153625,139.970605,191,0.449
08210,騰波ノ江,関東鉄道,常総線,36.223227,139.97627,72,0.521
08211,三妻,関東鉄道,常総線,36.073453,139.983094,252,0.644
08211,中妻,関東鉄道,常総線,36.047277,139.990711,194,0.696
08211,北水海道,関東鉄道,常総線,36.032095,139.992836,435,0.479
08211,南石下,関東鉄道,常総線,36.102307,139.973953,312,0.301
08211,水海道,関東鉄道,常総線,36.01783,139.991398,2903,0.197
08211,玉村,関東鉄道,常総線,36.135518,139.969962,71,0.183
08211,石下,関東鉄道,常総線,36.11706,139.974382,851,0.408
08212,常陸太田,東日本旅客鉄道,水郡線,36.531295,140.527668,1720,0.343
08212,河合,東日本旅客鉄道,水郡線,36.508239,140.517175,0,0.374
08212,谷河原,東日本旅客鉄道,水郡線,36.519742,140.525072,0,0.589
08214,高萩,東日本旅客鉄道,常磐線,36.714342,140.716968,4140,0.111
08215,南中郷,東日本旅客鉄道,常磐線,36.753258,140.728998,0,0.592
08215,大津港,東日本旅客鉄道,常磐線,36.846058,140.777993,1332,0.174
08215,磯原,東日本旅客鉄道,常磐線,36.790694,140.746343,2918,0.168
08216,友部,東日本旅客鉄道,常磐線,36.350458,140.306032,6124,0.153
08216,友部,東日本旅客鉄道,水戸線,36.350458,140.306032,0,0.153
08216,宍戸,東日本旅客鉄道,水戸線,36.344674,140.288529,400,0.477
08216,岩間,東日本旅客鉄道,常磐線,36.295447,140.276499,2312,0.945
08216,福原,東日本旅客鉄道,水戸線,36.351529,140.187285,228,1.174
08216,稲田,東日本旅客鉄道,水戸線,36.368878,140.21503,268,1.216
08216,笠間,東日本旅客鉄道,水戸線,36.37306,140.246422,2250,0.991
08217,ゆめみ野,関東鉄道,常総線,35.920926,140.035129,2142,0.097
08217,取手,東日本旅客鉄道,常磐線,35.89583,140.062981,46524,0.066
08217,取手,東日本旅客鉄道,常磐線,35.894874,140.062723,0,0.045
08217,取手,関東鉄道,常総線,35.897377,140.063839,10712,0.158
08217,寺原,関東鉄道,常総線,35.911716,140.054805,1869,0.26
08217,戸頭,関東鉄道,常総線,35.929371,140.014315,4951,0.113
08217,新取手,関東鉄道,常総線,35.917659,140.042167,1900,0.31
08217,稲戸井,関東鉄道,常総線,35.926121,140.022705,1394,0.547
08217,藤代,東日本旅客鉄道,常磐線,35.920544,140.118148,10552,0.218
08217,西取手,関東鉄道,常総線,35.908587,140.05944,2409,0.128
08219,ひたち野うしく,東日本旅客鉄道,常磐線,36.007335,140.158253,12602,0.406
08219,牛久,東日本旅客鉄道,常磐線,35.975176,140.141022,21552,0.254
08220,つくば,首都圏新都市鉄道,常磐新線,36.082436,140.110531,34500,0.228
08220,みどりの,首都圏新都市鉄道,常磐新線,36.029926,140.0562,10700,0.269
08220,万博記念公園,首都圏新都市鉄道,常磐新線,36.058397,140.059376,7100,0.724
08220,宮脇,筑波観光鉄道,筑波山鋼索鉄道線,36.21464,140.100081,500,0.359
08220,研究学園,首都圏新都市鉄道,常磐新線,36.082159,140.082293,15000,0.278
08220,筑波山頂,筑波観光鉄道,筑波山鋼索鉄道線,36.225633,140.101047,600,0.867
08221,中根,ひたちなか海浜鉄道,湊線,36.367444,140.562108,13,1.196
08221,佐和,東日本旅客鉄道,常磐線,36.430468,140.5405,6840,0.16
08221,勝田,ひたちなか海浜鉄道,湊線,36.393254,140.524364,0,0.187
08221,勝田,東日本旅客鉄道,常磐線,36.394066,140.524213,24385,0.276
08221,工機前,ひたちなか海浜鉄道,湊線,36.388124,140.524664,26,0.076
08221,平磯,ひたちなか海浜鉄道,湊線,36.357509,140.607576,390,0.494
08221,殿山,ひたちなか海浜鉄道,湊線,36.349438,140.60101,68,0.056
08221,磯崎,ひたちなか海浜鉄道,湊線,36.377742,140.61794,97,0.16
08221,美乃浜学園,ひたちなか海浜鉄道,湊線,36.372109,140.61691,382,0.569
08221,那珂湊,ひたちなか海浜鉄道,湊線,36.345532,140.587664,576,0.113
08221,金上,ひたちなか海浜鉄道,湊線,36.382423,140.533912,183,0.086
08221,阿字ヶ浦,ひたちなか海浜鉄道,湊線,36.383425,140.61234,360,0.909
08221,高田の鉄橋,ひたちなか海浜鉄道,湊線,36.352497,140.580196,116,0.276
08222,荒野台,鹿島臨海鉄道,大洗鹿島線,36.016928,140.625215,104,0.771
08222,長者ヶ浜潮騒はまなす公園前,鹿島臨海鉄道,大洗鹿島線,36.031228,140.618885,57,0.653
08222,鹿島サッカースタジアム,東日本旅客鉄道,鹿島線,35.993077,140.6359,572,0.589
08222,鹿島サッカースタジアム,鹿島臨海鉄道,大洗鹿島線,35.993077,140.6359,572,0.589
08222,鹿島大野,鹿島臨海鉄道,大洗鹿島線,36.050712,140.609851,166,0.638
08222,鹿島灘,鹿島臨海鉄道,大洗鹿島線,36.075586,140.596826,139,0.848
08222,鹿島神宮,東日本旅客鉄道,鹿島線,35.970713,140.625987,1620,0.123
08223,延方,東日本旅客鉄道,鹿島線,35.958087,140.588801,0,0.138
08223,潮来,東日本旅客鉄道,鹿島線,35.93745,140.549684,524,0.203
08224,南守谷,関東鉄道,常総線,35.934097,140.00277,2541,0.206
08224,守谷,関東鉄道,常総線,35.950826,139.992127,15858,0.18
08224,守谷,首都圏新都市鉄道,常磐新線,35.95001,139.991999,47500,0.166
08224,新守谷,関東鉄道,常総線,35.966406,139.985776,3824,0.055
08225,下小川,東日本旅客鉄道,水郡線,36.669004,140.387142,0,1.156
08225,中舟生,東日本旅客鉄道,水郡線,36.645542,140.392249,0,0.777
08225,山方宿,東日本旅客鉄道,水郡線,36.624466,140.401068,144,1.412
08225,常陸大宮,東日本旅客鉄道,水郡線,36.54707,140.412676,1614,0.32
08225,玉川村,東日本旅客鉄道,水郡線,36.579247,140.374525,320,0.997
08225,野上原,東日本旅客鉄道,水郡線,36.605779,140.389953,0,0.217
08226,上菅谷,東日本旅客鉄道,水郡線,36.455877,140.492542,1288,0.109
08226,下菅谷,東日本旅客鉄道,水郡線,36.435215,140.494194,0,1.018
08226,中菅谷,東日本旅客鉄道,水郡線,36.445745,140.492671,0,0.366
08226,南酒出,東日本旅客鉄道,水郡線,36.47705,140.498292,0,0.108
08226,常陸津田,東日本旅客鉄道,水郡線,36.404152,140.482929,0,0.743
08226,常陸鴻巣,東日本旅客鉄道,水郡線,36.472253,140.467694,0,0.827
08226,後台,東日本旅客鉄道,水郡線,36.424028,140.49016,0,0.955
08226,瓜連,東日本旅客鉄道,水郡線,36.498183,140.449519,428,0.315
08226,静,東日本旅客鉄道,水郡線,36.506118,140.43819,0,0.353
08226,額田,東日本旅客鉄道,水郡線,36.485746,140.503335,0,1.172
08227,ひぐち,真岡鐵道,真岡線,36.358476,139.970391,50,0.646
08227,下館,東日本旅客鉄道,水戸線,36.304128,139.97818,7743,0.391
08227,下館,真岡鐵道,真岡線,36.304128,139.97818,0,0.391
08227,下館,関東鉄道,常総線,36.303869,139.978201,0,0.381
08227,下館二高前,真岡鐵道,真岡線,36.319327,139.972086,113,0.33
08227,大田郷,関東鉄道,常総線,36.278271,139.959705,330,0.771
08227,川島,東日本旅客鉄道,水戸線,36.295931,139.91636,1238,0.572
08227,折本,真岡鐵道,真岡線,36.340641,139.971185,42,0.43
08227,新治,東日本旅客鉄道,水戸線,36.327953,140.039206,0,0.311
08227,玉戸,東日本旅客鉄道,水戸線,36.29856,139.938548,1234,0.337
08227,黒子,関東鉄道,常総線,36.247215,139.975004,167,0.487
08231,大和,東日本旅客鉄道,水戸線,36.34555,140.073237,0,0.346
08231,岩瀬,東日本旅客鉄道,水戸線,36.35941,140.10875,1534,0.502
08231,羽黒,東日本旅客鉄道,水戸線,36.355314,140.143018,0,1.056
08234,北浦湖畔,鹿島臨海鉄道,大洗鹿島線,36.120457,140.536809,35,1.032
08234,大洋,鹿島臨海鉄道,大洗鹿島線,36.108305,140.576463,221,1.369
08234,徳宿,鹿島臨海鉄道,大洗鹿島線,36.190347,140.514472,104,0.603
08234,新鉾田,鹿島臨海鉄道,大洗鹿島線,36.152672,140.520394,1142,0.099
08234,涸沼,鹿島臨海鉄道,大洗鹿島線,36.266058,140.527368,215,0.56
08234,鹿島旭,鹿島臨海鉄道,大洗鹿島線,36.22449,140.512648,361,0.827
08235,みらい平,首都圏新都市鉄道,常磐新線,35.994414,140.038347,11600,0.077
08235,小絹,関東鉄道,常総線,35.981132,139.983351,1881,0.235
08236,羽鳥,東日本旅客鉄道,常磐線,36.247544,140.286784,4328,0.893
08309,大洗,鹿島臨海鉄道,大洗鹿島線,36.315039,140.562537,2044,0.13
08341,東海,東日本旅客鉄道,常磐線,36.465489,140.566034,8798,0.237
08364,上小川,東日本旅客鉄道,水郡線,36.719279,140.378687,70,1.324
08364,下野宮,東日本旅客鉄道,水郡線,36.815778,140.375533,0,1.145
08364,常陸大子,東日本旅客鉄道,水郡線,36.770706,140.350857,498,0.546
08364,袋田,東日本旅客鉄道,水郡線,36.754754,140.379632,140,1.174
08364,西金,東日本旅客鉄道,水郡線,36.695505,140.386519,0,1.543
09201,ゆいの杜中央,宇都宮ライトレール,宇都宮芳賀ライトレール線,36.567736,139.99202,504,0.254
09201,ゆいの杜東,宇都宮ライトレール,宇都宮芳賀ライトレール線,36.567632,139.997771,368,0.224
09201,ゆいの杜西,宇都宮ライトレール,宇都宮芳賀ライトレール線,36.567184,139.986269,620,0.313
09201,グリーンスタジアム前,宇都宮ライトレール,宇都宮芳賀ライトレール線,36.555792,139.982493,858,0.718
09201,南宇都宮,東武鉄道,宇都宮線,36.543777,139.872072,1134,0.101
09201,宇都宮,東日本旅客鉄道,東北線,36.559756,139.898722,69672,0.065
09201,宇都宮,東日本旅客鉄道,日光線,36.559756,139.898722,0,0.065
09201,宇都宮,東日本旅客鉄道,東北新幹線,36.558774,139.8981,0,0.131
09201,宇都宮大学陽東キャンパス,宇都宮ライトレール,宇都宮芳賀ライトレール線,36.557067,139.929149,3243,0.243
09201,宇都宮駅東口,宇都宮ライトレール,宇都宮芳賀ライトレール線,36.559187,139.899559,9088,0.086
09201,岡本,東日本旅客鉄道,東北線,36.597769,139.943569,4296,1.045
09201,峰,宇都宮ライトレール,宇都宮芳賀ライトレール線,36.557567,139.914923,721,0.081
09201,平石,宇都宮ライトレール,宇都宮芳賀ライトレール線,36.554999,139.939277,439,0.601
09201,平石中央小学校前,宇都宮ライトレール,宇都宮芳賀ライトレール線,36.554827,139.944685,121,0.46
09201,東宿郷,宇都宮ライトレール,宇都宮芳賀ライトレール線,36.558326,139.903014,634,0.113
09201,東武宇都宮,東武鉄道,宇都宮線,36.55867,139.880612,8607,0.085
09201,江曾島,東武鉄道,宇都宮線,36.53095,139.860806,1673,0.178
09201,清原地区市民センター前,宇都宮ライトレール,宇都宮芳賀ライトレール線,36.547604,139.984252,946,0.212
09201,清陵高校前,宇都宮ライトレール,宇都宮芳賀ライトレール線,36.544932,139.976313,571,0.8
09201,西川田,東武鉄道,宇都宮線,36.514258,139.850292,2247,0.177
09201,陽東3丁目,宇都宮ライトレール,宇都宮芳賀ライトレール線,36.557291,139.922326,697,0.206
09201,雀宮,東日本旅客鉄道,東北線,36.493906,139.877071,9028,0.196
09201,飛山城跡,宇都宮ライトレール,宇都宮芳賀ライトレール線,36.548328,139.963417,353,0.501
09201,駅東公園前,宇都宮ライトレール,宇都宮芳賀ライトレール線,36.558015,139.907262,1122,0.175
09201,鶴田,東日本旅客鉄道,日光線,36.538295,139.858811,2590,0.347
09202,あしかがフラワーパーク,東日本旅客鉄道,両毛線,36.315177,139.518449,0,0.121
09202,富田,東日本旅客鉄道,両毛線,36.31618,139.528792,0,0.413
09202,小俣,東日本旅客鉄道,両毛線,36.374977,139.374425,0,0.996
09202,山前,東日本旅客鉄道,両毛線,36.347399,139.41129,0,0.532
09202,東武和泉,東武鉄道,伊勢崎線,36.315644,139.455085,782,0.584
09202,県,東武鉄道,伊勢崎線,36.290621,139.472358,600,0.532
09202,福居,東武鉄道,伊勢崎線,36.3052,139.458668,722,0.575
09202,足利,東日本旅客鉄道,両毛線,36.331877,139.456351,5720,0.007
09202,足利市,東武鉄道,伊勢崎線,36.32944,139.448197,4972,0.215
09202,野州山辺,東武鉄道,伊勢崎線,36.326276,139.432018,868,0.374
09203,合戦場,東武鉄道,日光線,36.407589,139.74103,316,0.31
09203,大平下,東日本旅客鉄道,両毛線,36.34434,139.697235,0,0.735
09203,家中,東武鉄道,日光線,36.429794,139.747446,337,1.003
09203,岩舟,東日本旅客鉄道,両毛線,36.32657,139.657924,0,1.149
09203,新大平下,東武鉄道,日光線,36.338964,139.701848,2452,0.816
09203,新栃木,東武鉄道,宇都宮線,36.390058,139.74236,0,0.387
09203,新栃木,東武鉄道,日光線,36.390058,139.74236,3337,0.387
09203,東武金崎,東武鉄道,日光線,36.4663,139.749506,437,0.489
09203,栃木,東日本旅客鉄道,両毛線,36.371937,139.73103,8776,0.223
09203,栃木,東武鉄道,日光線,36.37166,139.731503,9553,0.258
09203,藤岡,東武鉄道,日光線,36.25559,139.645586,1210,0.426
09203,野州大塚,東武鉄道,宇都宮線,36.408763,139.772594,443,0.507
09203,野州平川,東武鉄道,宇都宮線,36.401562,139.753797,933,0.763
09203,静和,東武鉄道,日光線,36.316526,139.684939,1086,0.242
09204,佐野,東日本旅客鉄道,両毛線,36.31656,139.578896,6506,0.252
09204,佐野,東武鉄道,佐野線,36.316837,139.579132,3127,0.232
09204,佐野市,東武鉄道,佐野線,36.306238,139.575913,568,0.184
09204,吉水,東武鉄道,佐野線,36.345636,139.579346,640,0.296
09204,堀米,東武鉄道,佐野線,36.328437,139.580333,397,0.478
09204,多田,東武鉄道,佐野線,36.378087,139.59295,133,0.761
09204,田島,東武鉄道,佐野線,36.290224,139.564905,107,0.28
09204,田沼,東武鉄道,佐野線,36.367082,139.5819,832,0.654
09204,葛生,東武鉄道,佐野線,36.397883,139.60928,642,0.333
09205,北鹿沼,東武鉄道,日光線,36.580781,139.737661,143,0.431
09205,新鹿沼,東武鉄道,日光線,36.556981,139.744763,2971,0.15
09205,楡木,東武鉄道,日光線,36.507066,139.745235,211,0.144
09205,樅山,東武鉄道,日光線,36.533226,139.741738,497,0.401
09205,鹿沼,東日本旅客鉄道,日光線,36.5712,139.763002,3540,0.294
09206,上三依塩原温泉口,野岩鉄道,会津鬼怒川線,37.014376,139.727297,22,0.865
09206,上今市,東武鉄道,日光線,36.728016,139.680862,109,0.809
09206,下今市,東武鉄道,鬼怒川線,36.725591,139.692771,0,0.629
09206,下今市,東武鉄道,日光線,36.725591,139.692771,2206,0.629
09206,下小代,東武鉄道,日光線,36.651378,139.713907,171,0.552
09206,下野大沢,東日本旅客鉄道,日光線,36.686437,139.732404,1372,1.273
09206,中三依温泉,野岩鉄道,会津鬼怒川線,36.985209,139.699337,8,1.516
09206,今市,東日本旅客鉄道,日光線,36.72038,139.687386,1862,0.178
09206,原向,わたらせ渓谷鐵道,わたらせ渓谷線,36.617319,139.420516,2,1.218
09206,大桑,東武鉄道,鬼怒川線,36.760788,139.713564,134,0.558
09206,大谷向,東武鉄道,鬼怒川線,36.732281,139.691935,141,0.775
09206,小佐越,東武鉄道,鬼怒川線,36.802241,139.706483,151,0.588
09206,川治温泉,野岩鉄道,会津鬼怒川線,36.884135,139.703736,17,0.311
09206,川治湯元,野岩鉄道,会津鬼怒川線,36.895187,139.702771,123,1.37
09206,文挟,東日本旅客鉄道,日光線,36.637777,139.727833,0,0.424
09206,新藤原,東武鉄道,鬼怒川線,36.852445,139.733026,0,3.413
09206,新藤原,野岩鉄道,会津鬼怒川線,36.852445,139.733026,1060,3.413
09206,新高徳,東武鉄道,鬼怒川線,36.779781,139.71071,209,0.731
09206,日光,東日本旅客鉄道,日光線,36.747395,139.622197,1952,0.149
09206,明神,東武鉄道,日光線,36.676559,139.712212,208,0.872
09206,東武ワールドスクウェア,東武鉄道,鬼怒川線,36.808288,139.708972,384,0.565
09206,東武日光,東武鉄道,日光線,36.748238,139.619708,3137,0.198
09206,東武日光,東武鉄道,日光線,36.747946,139.620137,0,0.161
09206,板荷,東武鉄道,日光線,36.619403,139.70777,72,1.76
09206,湯西川温泉,野岩鉄道,会津鬼怒川線,36.929534,139.688609,99,2.504
09206,男鹿高原,野岩鉄道,会津鬼怒川線,37.047882,139.723928,1,3.042
09206,足尾,わたらせ渓谷鐵道,わたらせ渓谷線,36.641926,139.447768,29,0.093
09206,通洞,わたらせ渓谷鐵道,わたらせ渓谷線,36.636864,139.439657,41,0.119
09206,間藤,わたらせ渓谷鐵道,わたらせ渓谷線,36.65353,139.450085,140,0.072
09206,鬼怒川公園,東武鉄道,鬼怒川線,36.841576,139.722812,202,3.128
09206,鬼怒川温泉,東武鉄道,鬼怒川線,36.822529,139.716675,2402,0.983
09206,龍王峡,野岩鉄道,会津鬼怒川線,36.860944,139.718585,46,2.795
09208,小山,東日本旅客鉄道,東北線,36.313396,139.806604,40984,0.218
09208,小山,東日本旅客鉄道,東北新幹線,36.313448,139.806283,0,0.195
09208,小山,東日本旅客鉄道,水戸線,36.312238,139.806411,0,0.183
09208,小山,東日本旅客鉄道,両毛線,36.312238,139.806411,0,0.183
09208,思川,東日本旅客鉄道,両毛線,36.351045,139.781134,0,0.546
09208,間々田,東日本旅客鉄道,東北線,36.257892,139.761114,7484,0.163
09209,久下田,真岡鐵道,真岡線,36.376014,139.971635,244,0.494
09209,北山,真岡鐵道,真岡線,36.455652,140.067487,118,0.826
09209,北真岡,真岡鐵道,真岡線,36.449059,140.014014,172,0.304
09209,寺内,真岡鐵道,真岡線,36.410887,139.980111,94,0.41
09209,真岡,真岡鐵道,真岡線,36.439151,140.00262,791,0.154
09209,西田井,真岡鐵道,真岡線,36.453322,140.048647,65,0.692
09210,野崎,東日本旅客鉄道,東北線,36.843808,139.958096,2334,0.313
09211,片岡,東日本旅客鉄道,東北線,36.754668,139.945543,1190,1.299
09211,矢板,東日本旅客鉄道,東北線,36.806622,139.932969,4592,0.106
09213,西那須野,東日本旅客鉄道,東北線,36.88374,139.986398,6576,0.196
09213,那須塩原,東日本旅客鉄道,東北新幹線,36.931827,140.020852,0,0.308
09213,那須塩原,東日本旅客鉄道,東北線,36.931541,140.021052,9726,0.31
09213,黒磯,東日本旅客鉄道,東北線,36.970124,140.060148,4234,0.157
09214,氏家,東日本旅客鉄道,東北線,36.681688,139.962087,5726,0.255
09214,蒲須坂,東日本旅客鉄道,東北線,36.720741,139.950414,0,0.278
09215,大金,東日本旅客鉄道,烏山線,36.656284,140.095704,0,0.256
09215,小塙,東日本旅客鉄道,烏山線,36.643114,140.116646,0,0.525
09215,滝,東日本旅客鉄道,烏山線,36.648572,140.138254,0,0.464
09215,烏山,東日本旅客鉄道,烏山線,36.650414,140.155098,892,0.292
09215,鴻野山,東日本旅客鉄道,烏山線,36.66644,140.051672,0,0.867
09216,小金井,東日本旅客鉄道,東北線,36.374476,139.842267,7262,0.182
09216,自治医大,東日本旅客鉄道,東北線,36.395378,139.854519,6150,0.138
09301,石橋,東日本旅客鉄道,東北線,36.436251,139.866514,9054,0.312
09342,七井,真岡鐵道,真岡線,36.491801,140.09433,277,0.297
09342,益子,真岡鐵道,真岡線,36.462849,140.088537,257,0.259
09343,茂木,真岡鐵道,真岡線,36.530812,140.181427,598,0.515
09344,多田羅,真岡鐵道,真岡線,36.515983,140.089846,93,0.349
09344,天矢場,真岡鐵道,真岡線,36.529312,140.156,21,1.327
09344,市塙,真岡鐵道,真岡線,36.538123,140.110188,156,0.402
09344,笹原田,真岡鐵道,真岡線,36.533967,140.144756,10,0.215
09345,かしの森公園前,宇都宮ライトレール,宇都宮芳賀ライトレール線,36.572406,140.014594,1091,0.831
09345,芳賀・高根沢工業団地,宇都宮ライトレール,宇都宮芳賀ライトレール線,36.578489,140.01204,2245,1.081
09345,芳賀台,宇都宮ライトレール,宇都宮芳賀ライトレール線,36.566409,140.005388,272,0.533
09345,芳賀町工業団地管理センター前,宇都宮ライトレール,宇都宮芳賀ライトレール線,36.564961,140.010645,447,0.075
09361,おもちゃのまち,東武鉄道,宇都宮線,36.466732,139.829521,2260,0.162
09361,国谷,東武鉄道,宇都宮線,36.451458,139.823856,916,0.111
09361,壬生,東武鉄道,宇都宮線,36.422439,139.804995,2037,0.142
09361,安塚,東武鉄道,宇都宮線,36.485642,139.835637,1113,0.25
09364,野木,東日本旅客鉄道,東北線,36.229908,139.734807,7556,0.217
09386,下野花岡,東日本旅客鉄道,烏山線,36.649983,140.008671,0,0.034
09386,仁井田,東日本旅客鉄道,烏山線,36.657265,140.029614,0,1.096
09386,宝積寺,東日本旅客鉄道,烏山線,36.63163,139.97951,0,1.145
09386,宝積寺,東日本旅客鉄道,東北線,36.63163,139.97951,4054,1.145
09407,豊原,東日本旅客鉄道,東北線,37.054972,140.155098,0,2.318
09407,高久,東日本旅客鉄道,東北線,36.996503,140.087357,0,2.11
09407,黒田原,東日本旅客鉄道,東北線,37.023439,140.120788,656,2.265
10201,三俣,上毛電気鉄道,上毛線,36.393738,139.089189,158,0.221
10201,上泉,上毛電気鉄道,上毛線,36.394169,139.106569,79,0.939
10201,中央前橋,上毛電気鉄道,上毛線,36.390922,139.07537,1386,0.213
10201,前橋,東日本旅客鉄道,両毛線,36.383477,139.073374,18582,0.247
10201,前橋大島,東日本旅客鉄道,両毛線,36.3709,139.109015,3028,0.432
10201,北原,上毛電気鉄道,上毛線,36.413633,139.184611,211,0.707
10201,城東,上毛電気鉄道,上毛線,36.391199,139.081185,128,0.163
10201,大胡,上毛電気鉄道,上毛線,36.412701,139.156287,663,0.367
10201,心臓血管センター,上毛電気鉄道,上毛線,36.40524,139.128971,79,0.601
10201,新前橋,東日本旅客鉄道,上越線,36.379003,139.047003,10928,0.321
10201,新前橋,東日本旅客鉄道,両毛線,36.379003,139.047003,0,0.321
10201,新屋,上毛電気鉄道,上毛線,36.413702,139.196606,168,0.4
10201,樋越,上毛電気鉄道,上毛線,36.415481,139.17326,253,0.267
10201,江木,上毛電気鉄道,上毛線,36.407209,139.133413,211,1.03
10201,片貝,上毛電気鉄道,上毛線,36.393893,139.095669,290,0.239
10201,粕川,上毛電気鉄道,上毛線,36.41681,139.210918,240,0.337
10201,群馬総社,東日本旅客鉄道,上越線,36.415515,139.032283,3270,0.251
10201,膳,上毛電気鉄道,上毛線,36.416948,139.222054,98,0.365
10201,赤坂,上毛電気鉄道,上毛線,36.397244,139.117341,249,0.784
10201,駒形,東日本旅客鉄道,両毛線,36.354122,139.13955,5354,0.331
10202,井野,東日本旅客鉄道,上越線,36.35744,139.023271,4116,0.371
10202,佐野のわたし,上信電鉄,上信線,36.30252,139.018292,138,0.271
10202,倉賀野,東日本旅客鉄道,高崎線,36.300306,139.049449,3588,0.777
10202,倉賀野,東日本旅客鉄道,八高線,36.300306,139.049449,0,0.777
10202,北高崎,東日本旅客鉄道,信越線,36.338498,139.002392,3212,0.245
10202,南高崎,上信電鉄,上信線,36.312428,139.012349,57,0.097
10202,吉井,上信電鉄,上信線,36.256092,138.984368,316,0.267
10202,山名,上信電鉄,上信線,36.277718,139.038098,127,0.808
10202,新町,東日本旅客鉄道,高崎線,36.273099,139.105303,6374,0.583
10202,根小屋,上信電鉄,上信線,36.29114,139.019065,125,0.684
10202,群馬八幡,東日本旅客鉄道,信越線,36.337651,138.957503,2040,0.399
10202,西吉井,上信電鉄,上信線,36.255781,138.965871,135,0.7
10202,西山名,上信電鉄,上信線,36.270816,139.032068,116,0.751
10202,馬庭,上信電鉄,上信線,36.261473,139.009645,337,0.566
10202,高崎,上信電鉄,上信線,36.319897,139.012263,2106,0.139
10202,高崎,東日本旅客鉄道,上越新幹線,36.322957,139.012971,0,0.201
10202,高崎,東日本旅客鉄道,北陸新幹線,36.322957,139.012971,0,0.201
10202,高崎,東日本旅客鉄道,高崎線,36.322266,139.012349,0,0.113
10202,高崎,東日本旅客鉄道,上越線,36.322266,139.012349,61502,0.113
10202,高崎,東日本旅客鉄道,信越線,36.322266,139.012349,0,0.113
10202,高崎商科大学前,上信電鉄,上信線,36.284464,139.029386,201,0.552
10202,高崎問屋町,東日本旅客鉄道,上越線,36.346137,139.017241,7718,0.191
10203,下新田,わたらせ渓谷鐵道,わたらせ渓谷線,36.407762,139.315073,56,0.475
10203,丸山下,上毛電気鉄道,上毛線,36.416793,139.321318,49,0.381
10203,天王宿,上毛電気鉄道,上毛線,36.414928,139.308164,140,0.534
10203,富士山下,上毛電気鉄道,上毛線,36.413996,139.315846,77,0.471
10203,新川,上毛電気鉄道,上毛線,36.418243,139.257588,213,0.591
10203,新桐生,東武鉄道,桐生線,36.395016,139.320073,1770,0.325
10203,新里,上毛電気鉄道,上毛線,36.418554,139.236989,349,0.424
10203,東新川,上毛電気鉄道,上毛線,36.421973,139.267695,90,0.998
10203,桐生,わたらせ渓谷鐵道,わたらせ渓谷線,36.411112,139.333205,0,0.171
10203,桐生,東日本旅客鉄道,両毛線,36.411112,139.333205,6832,0.171
10203,桐生球場前,上毛電気鉄道,上毛線,36.419193,139.297843,231,0.46
10203,水沼,わたらせ渓谷鐵道,わたらせ渓谷線,36.499839,139.277587,66,0.981
10203,相老,わたらせ渓谷鐵道,わたらせ渓谷線,36.410369,139.30438,1364,0.679
10203,相老,東武鉄道,桐生線,36.410628,139.303916,0,0.717
10203,西桐生,上毛電気鉄道,上毛線,36.414099,139.332819,1430,0.172
10203,運動公園,わたらせ渓谷鐵道,わたらせ渓谷線,36.420402,139.300869,169,0.29
10204,伊勢崎,東日本旅客鉄道,両毛線,36.326881,139.193301,10990,0.24
10204,伊勢崎,東武鉄道,伊勢崎線,36.326432,139.194953,6390,0.311
10204,剛志,東武鉄道,伊勢崎線,36.295412,139.223878,1559,0.731
10204,国定,東日本旅客鉄道,両毛線,36.359012,139.242461,3022,0.561
10204,境町,東武鉄道,伊勢崎線,36.277164,139.256258,1383,0.258
10204,新伊勢崎,東武鉄道,伊勢崎線,36.318082,139.20182,1071,0.155
10205,三枚橋,東武鉄道,桐生線,36.313396,139.354963,638,0.142
10205,世良田,東武鉄道,伊勢崎線,36.272943,139.281964,448,0.642
10205,太田,東武鉄道,小泉線,36.293925,139.379168,0,0.453
10205,太田,東武鉄道,伊勢崎線,36.294201,139.378932,10112,0.42
10205,太田,東武鉄道,桐生線,36.294201,139.378932,0,0.42
10205,木崎,東武鉄道,伊勢崎線,36.271386,139.312992,2247,0.279
10205,治良門橋,東武鉄道,桐生線,36.333018,139.341359,567,0.276
10205,竜舞,東武鉄道,小泉線,36.278842,139.409101,559,0.808
10205,細谷,東武鉄道,伊勢崎線,36.282976,139.348977,2383,0.756
10205,藪塚,東武鉄道,桐生線,36.35877,139.31576,1016,0.549
10205,韮川,東武鉄道,伊勢崎線,36.308157,139.402406,2050,0.448
10206,沼田,東日本旅客鉄道,上越線,36.642305,139.03563,2888,0.346
10207,多々良,東武鉄道,伊勢崎線,36.273687,139.500318,519,0.757
10207,成島,東武鉄道,小泉線,36.249067,139.505553,666,0.429
10207,渡瀬,東武鉄道,佐野線,36.261836,139.537482,304,0.411
10207,茂林寺前,東武鉄道,伊勢崎線,36.226342,139.527032,1411,0.513
10207,館林,東武鉄道,伊勢崎線,36.246592,139.527826,9789,0.3
10207,館林,東武鉄道,佐野線,36.246592,139.527826,0,0.3
10207,館林,東武鉄道,小泉線,36.246592,139.527826,0,0.3
10208,八木原,東日本旅客鉄道,上越線,36.463781,139.019258,1840,0.24
10208,小野上,東日本旅客鉄道,吾妻線,36.5525,138.922226,0,1.811
10208,小野上温泉,東日本旅客鉄道,吾妻線,36.556912,138.904309,0,1.397
10208,敷島,東日本旅客鉄道,上越線,36.537554,139.033935,0,0.516
10208,津久田,東日本旅客鉄道,上越線,36.560945,139.042904,0,1.216
10208,渋川,東日本旅客鉄道,吾妻線,36.491232,139.008787,0,0.151
10208,渋川,東日本旅客鉄道,上越線,36.491232,139.008787,5726,0.151
10208,祖母島,東日本旅客鉄道,吾妻線,36.540743,138.957052,0,1.418
10208,金島,東日本旅客鉄道,吾妻線,36.529588,138.976407,0,1.109
10209,北藤岡,東日本旅客鉄道,八高線,36.282129,139.081464,0,0.675
10209,群馬藤岡,東日本旅客鉄道,八高線,36.25033,139.083459,2152,0.674
10210,上州一ノ宮,上信電鉄,上信線,36.253099,138.864055,152,0.356
10210,上州七日市,上信電鉄,上信線,36.258636,138.874569,250,0.392
10210,上州富岡,上信電鉄,上信線,36.260504,138.891928,407,0.424
10210,千平,上信電鉄,上信線,36.230012,138.798544,10,0.856
10210,南蛇井,上信電鉄,上信線,36.238181,138.813887,77,1.121
10210,東富岡,上信電鉄,上信線,36.260816,138.901691,211,0.597
10210,神農原,上信電鉄,上信線,36.242595,138.843863,66,0.338
10210,西富岡,上信電鉄,上信線,36.260158,138.882787,127,0.38
10211,安中,東日本旅客鉄道,信越線,36.331653,138.914502,3328,0.191
10211,安中榛名,東日本旅客鉄道,北陸新幹線,36.362554,138.849206,500,0.442
10211,松井田,東日本旅客鉄道,信越線,36.30916,138.797665,0,0.368
10211,横川,東日本旅客鉄道,信越線,36.335974,138.737905,352,0.49
10211,磯部,東日本旅客鉄道,信越線,36.298369,138.849678,1912,0.212
10211,西松井田,東日本旅客鉄道,信越線,36.316076,138.786635,0,0.192
10212,上神梅,わたらせ渓谷鐵道,わたらせ渓谷線,36.470079,139.257739,22,0.669
10212,中野,わたらせ渓谷鐵道,わたらせ渓谷線,36.524277,139.317155,4,0.932
10212,大間々,わたらせ渓谷鐵道,わたらせ渓谷線,36.434628,139.277565,409,0.934
10212,小中,わたらせ渓谷鐵道,わたらせ渓谷線,36.535657,139.337797,7,1.974
10212,岩宿,東日本旅客鉄道,両毛線,36.395879,139.297113,2334,0.694
10212,本宿,わたらせ渓谷鐵道,わたらせ渓谷線,36.481433,139.259348,17,1.019
10212,沢入,わたらせ渓谷鐵道,わたらせ渓谷線,36.580643,139.396291,17,2.066
10212,神戸,わたらせ渓谷鐵道,わたらせ渓谷線,36.537519,139.356551,124,1.7
10212,花輪,わたらせ渓谷鐵道,わたらせ渓谷線,36.520828,139.307692,32,0.95
10212,赤城,上毛電気鉄道,上毛線,36.425616,139.276793,1533,0.172
10212,赤城,東武鉄道,桐生線,36.425616,139.276793,0,0.172
10212,阿左美,東武鉄道,桐生線,36.385084,139.306555,460,0.776
10382,下仁田,上信電鉄,上信線,36.21052,138.786678,172,0.566
10384,上州新屋,上信電鉄,上信線,36.25604,138.951817,141,0.272
10384,上州福島,上信電鉄,上信線,36.256404,138.929479,261,0.456
10421,中之条,東日本旅客鉄道,吾妻線,36.585416,138.85148,1614,0.358
10421,市城,東日本旅客鉄道,吾妻線,36.570648,138.882294,0,0.784
10424,川原湯温泉,東日本旅客鉄道,吾妻線,36.545087,138.697221,0,0.622
10424,群馬大津,東日本旅客鉄道,吾妻線,36.55381,138.628085,0,1.901
10424,羽根尾,東日本旅客鉄道,吾妻線,36.550173,138.60549,0,1.326
10424,長野原草津口,東日本旅客鉄道,吾妻線,36.546501,138.64965,1336,0.253
10425,万座・鹿沢口,東日本旅客鉄道,吾妻線,36.532002,138.551395,0,0.835
10425,大前,東日本旅客鉄道,吾妻線,36.513586,138.529015,0,1.253
10425,袋倉,東日本旅客鉄道,吾妻線,36.544019,138.579161,0,0.926
10429,岩島,東日本旅客鉄道,吾妻線,36.563238,138.759921,0,1.177
10429,矢倉,東日本旅客鉄道,吾妻線,36.552741,138.784254,0,0.56
10429,群馬原町,東日本旅客鉄道,吾妻線,36.5717,138.824143,0,1.35
10429,郷原,東日本旅客鉄道,吾妻線,36.548725,138.801098,0,0.396
10448,岩本,東日本旅客鉄道,上越線,36.601912,139.047775,0,0.753
10449,上毛高原,東日本旅客鉄道,上越新幹線,36.693062,138.977587,1352,0.654
10449,上牧,東日本旅客鉄道,上越線,36.735634,138.984561,0,1.425
10449,土合,東日本旅客鉄道,上越線,36.830739,138.967953,0,2.409
10449,土合,東日本旅客鉄道,上越線,36.829966,138.962181,0,2.212
10449,後閑,東日本旅客鉄道,上越線,36.679554,139.000118,0,0.983
10449,水上,東日本旅客鉄道,上越線,36.779077,138.969269,508,0.788
10449,湯檜曽,東日本旅客鉄道,上越線,36.803077,138.985505,0,0.918
10449,湯檜曽,東日本旅客鉄道,上越線,36.802705,138.986235,0,0.96
10521,板倉東洋大前,東武鉄道,日光線,36.222205,139.648612,3404,0.043
10522,川俣,東武鉄道,伊勢崎線,36.208892,139.526517,2566,0.211
10524,小泉町,東武鉄道,小泉線,36.261525,139.420259,346,0.209
10524,東小泉,東武鉄道,小泉線,36.259726,139.428563,1212,0.233
10524,西小泉,東武鉄道,小泉線,36.25867,139.408522,1201,0.17
10525,本中野,東武鉄道,小泉線,36.258445,139.469547,871,0.603
10525,篠塚,東武鉄道,小泉線,36.256819,139.446094,212,1.139
11101,指扇,東日本旅客鉄道,川越線,35.916981,139.56497,18734,0.516
11101,西大宮,東日本旅客鉄道,川越線,35.921951,139.578917,24198,0.188
11102,今羽,埼玉新都市交通,伊奈線,35.95001,139.619601,4915,0.384
11102,加茂宮,埼玉新都市交通,伊奈線,35.935765,139.61694,6141,0.295
11102,吉野原,埼玉新都市交通,伊奈線,35.95701,139.62091,3518,0.511
11102,土呂,東日本旅客鉄道,東北線,35.931907,139.632196,29474,0.274
11102,宮原,東日本旅客鉄道,高崎線,35.940525,139.609516,42440,0.314
11102,日進,東日本旅客鉄道,川越線,35.931525,139.606061,24546,0.024
11102,東宮原,埼玉新都市交通,伊奈線,35.942679,139.618227,4463,0.185
11103,北大宮,東武鉄道,野田線,35.917937,139.624815,6095,0.121
11103,大宮,埼玉新都市交通,伊奈線,35.907788,139.622262,47193,0.283
11103,大宮,東日本旅客鉄道,上越新幹線,35.906177,139.623113,0,0.098
11103,大宮,東日本旅客鉄道,川越線,35.906177,139.623113,0,0.098
11103,大宮,東日本旅客鉄道,東北新幹線,35.906177,139.623113,0,0.098
11103,大宮,東日本旅客鉄道,東北線,35.906177,139.623113,0,0.098
11103,大宮,東日本旅客鉄道,東北線,35.906189,139.624193,488786,0.077
11103,大宮,東日本旅客鉄道,高崎線,35.906432,139.624364,0,0.108
11103,大宮,東日本旅客鉄道,東北線,35.906432,139.624364,0,0.108
11103,大宮,東武鉄道,野田線,35.907753,139.624257,124558,0.129
11103,大宮公園,東武鉄道,野田線,35.92388,139.633076,8457,0.221
11103,鉄道博物館,埼玉新都市交通,伊奈線,35.920266,139.61782,9995,0.272
11104,七里,東武鉄道,野田線,35.936494,139.666014,17728,0.283
11104,大和田,東武鉄道,野田線,35.929353,139.651015,18572,0.471
11104,東大宮,東日本旅客鉄道,東北線,35.948359,139.640265,63060,0.215
11105,さいたま新都心,東日本旅客鉄道,東北線,35.893605,139.633913,105244,0.052
11105,与野,東日本旅客鉄道,東北線,35.884391,139.638977,50018,0.21
11105,与野,東日本旅客鉄道,武蔵野線,35.884391,139.638977,0,0.21
11105,与野本町,東日本旅客鉄道,東北線,35.880931,139.625995,28248,0.167
11105,北与野,東日本旅客鉄道,東北線,35.890702,139.628506,21494,0.108
11105,南与野,東日本旅客鉄道,東北線,35.867352,139.631059,36988,0.161
11106,西浦和,東日本旅客鉄道,武蔵野線,35.844187,139.627755,27500,0.146
11107,北浦和,東日本旅客鉄道,東北線,35.872203,139.645758,94326,0.146
11107,浦和,東日本旅客鉄道,東北線,35.858553,139.657152,176426,0.071
11108,中浦和,東日本旅客鉄道,東北線,35.853822,139.637389,24998,0.225
11108,南浦和,東日本旅客鉄道,東北線,35.848344,139.66861,0,0.17
11108,南浦和,東日本旅客鉄道,武蔵野線,35.847578,139.668932,107616,0.217
11108,武蔵浦和,東日本旅客鉄道,東北線,35.845404,139.646859,0,0.097
11108,武蔵浦和,東日本旅客鉄道,武蔵野線,35.846048,139.647946,97354,0.161
11109,東浦和,東日本旅客鉄道,武蔵野線,35.864031,139.704487,53940,0.133
11109,浦和美園,埼玉高速鉄道,埼玉高速鉄道線,35.893674,139.727833,23000,0.265
11110,岩槻,東武鉄道,野田線,35.950253,139.693136,34228,0.134
11110,東岩槻,東武鉄道,野田線,35.963297,139.712276,19197,0.11
11201,南古谷,東日本旅客鉄道,川越線,35.903182,139.519157,15746,0.243
11201,南大塚,西武鉄道,新宿線,35.889693,139.454184,16176,0.2
11201,川越,東日本旅客鉄道,川越線,35.906676,139.483194,70588,0.178
11201,川越,東武鉄道,東上本線,35.907197,139.483151,114751,0.121
11201,川越市,東武鉄道,東上本線,35.914131,139.4771,43185,0.114
11201,新河岸,東武鉄道,東上本線,35.891014,139.497313,24558,0.405
11201,本川越,西武鉄道,新宿線,35.913679,139.481134,48374,0.152
11201,的場,東日本旅客鉄道,川越線,35.917537,139.435408,6104,0.503
11201,笠幡,東日本旅客鉄道,川越線,35.907579,139.406247,5504,0.145
11201,西川越,東日本旅客鉄道,川越線,35.919101,139.459934,2588,0.334
11201,霞ヶ関,東武鉄道,東上本線,35.925426,139.444056,25039,0.178
11201,鶴ヶ島,東武鉄道,東上本線,35.93672,139.424014,29734,0.078
11202,ひろせ野鳥の森,秩父鉄道,秩父本線,36.146175,139.351852,1178,0.202
11202,ソシオ流通センター,秩父鉄道,秩父本線,36.136506,139.424508,627,0.376
11202,上熊谷,秩父鉄道,秩父本線,36.143091,139.380777,653,0.143
11202,大麻生,秩父鉄道,秩父本線,36.144615,139.331896,222,0.346
11202,熊谷,東日本旅客鉄道,上越新幹線,36.139504,139.389639,0,0.125
11202,熊谷,東日本旅客鉄道,高崎線,36.139816,139.389939,53982,0.116
11202,熊谷,秩父鉄道,秩父本線,36.139209,139.38936,10456,0.096
11202,石原,秩父鉄道,秩父本線,36.147561,139.368997,1100,0.198
11202,籠原,東日本旅客鉄道,高崎線,36.174431,139.330266,26512,0.208
11203,南鳩ヶ谷,埼玉高速鉄道,埼玉高速鉄道線,35.816073,139.736094,15700,0.237
11203,川口,東日本旅客鉄道,東北線,35.801769,139.717512,148002,0.156
11203,川口元郷,埼玉高速鉄道,埼玉高速鉄道線,35.800081,139.729979,19000,0.243
11203,戸塚安行,埼玉高速鉄道,埼玉高速鉄道線,35.859057,139.753776,16200,0.084
11203,新井宿,埼玉高速鉄道,埼玉高速鉄道線,35.842952,139.738111,11600,0.348
11203,東川口,埼玉高速鉄道,埼玉高速鉄道線,35.87662,139.743669,33600,0.265
11203,東川口,東日本旅客鉄道,武蔵野線,35.875176,139.744034,73504,0.316
11203,西川口,東日本旅客鉄道,東北線,35.815516,139.704359,105842,0.19
11203,鳩ヶ谷,埼玉高速鉄道,埼玉高速鉄道線,35.830792,139.736159,22300,0.132
11206,持田,秩父鉄道,秩父本線,36.137615,139.441609,795,0.093
11206,東行田,秩父鉄道,秩父本線,36.147336,139.468324,2138,0.102
11206,武州荒木,秩父鉄道,秩父本線,36.16253,139.488559,299,0.219
11206,行田,東日本旅客鉄道,高崎線,36.113887,139.432104,11468,0.137
11206,行田市,秩父鉄道,秩父本線,36.143628,139.458797,2138,0.083
11207,三峰口,秩父鉄道,秩父本線,35.960188,138.977716,277,1.293
11207,和銅黒谷,秩父鉄道,秩父本線,36.046757,139.101677,379,0.781
11207,大野原,秩父鉄道,秩父本線,36.018646,139.094102,979,0.451
11207,影森,秩父鉄道,秩父本線,35.971998,139.068396,397,0.712
11207,御花畑,秩父鉄道,秩父本線,35.992365,139.083652,2141,0.1
11207,横瀬,西武鉄道,西武秩父線,35.9845,139.098265,1343,1.176
11207,武州中川,秩父鉄道,秩父本線,35.958365,139.035437,192,2.022
11207,武州日野,秩父鉄道,秩父本線,35.953866,139.022026,141,2.192
11207,浦山口,秩父鉄道,秩父本線,35.963922,139.058139,121,0.732
11207,白久,秩父鉄道,秩父本線,35.95892,138.993273,89,1.293
11207,秩父,秩父鉄道,秩父本線,35.998806,139.086013,1021,0.108
11207,西武秩父,西武鉄道,西武秩父線,35.990004,139.082987,6194,0.136
11208,下山口,西武鉄道,狭山線,35.779438,139.441159,7174,0.538
11208,小手指,西武鉄道,池袋線,35.800586,139.438047,42067,0.156
11208,所沢,西武鉄道,池袋線,35.786697,139.473453,101123,0.18
11208,所沢,西武鉄道,新宿線,35.786818,139.473281,0,0.186
11208,新所沢,西武鉄道,新宿線,35.805806,139.457166,47572,0.201
11208,東所沢,東日本旅客鉄道,武蔵野線,35.794877,139.514523,29806,0.341
11208,狭山ヶ丘,西武鉄道,池袋線,35.810401,139.417019,22147,0.167
11208,航空公園,西武鉄道,新宿線,35.798341,139.465599,23394,0.232
11208,西所沢,西武鉄道,狭山線,35.788837,139.456136,0,0.175
11208,西所沢,西武鉄道,池袋線,35.788837,139.456136,23749,0.175
11208,西武球場前,西武鉄道,山口線,35.770785,139.420238,10624,0.471
11208,西武球場前,西武鉄道,狭山線,35.771586,139.420452,0,0.38
11209,元加治,西武鉄道,池袋線,35.840569,139.345372,6925,0.584
11209,吾野,西武鉄道,西武秩父線,35.908327,139.225895,0,0.592
11209,吾野,西武鉄道,池袋線,35.908327,139.225895,528,0.592
11209,東吾野,西武鉄道,池袋線,35.892457,139.260292,446,0.248
11209,東飯能,東日本旅客鉄道,八高線,35.853022,139.326124,10688,0.218
11209,東飯能,西武鉄道,池袋線,35.853022,139.325974,5116,0.209
11209,正丸,西武鉄道,西武秩父線,35.938301,139.181478,167,1.103
11209,西吾野,西武鉄道,西武秩父線,35.92699,139.202421,246,0.812
11209,飯能,西武鉄道,池袋線,35.851231,139.318829,27530,0.26
11210,加須,東武鉄道,伊勢崎線,36.122953,139.595568,12532,0.208
11210,新古河,東武鉄道,日光線,36.192703,139.687021,1179,0.204
11210,柳生,東武鉄道,日光線,36.20659,139.659941,1037,0.558
11210,花崎,東武鉄道,伊勢崎線,36.109935,139.633591,9567,0.135
11211,児玉,東日本旅客鉄道,八高線,36.192841,139.135709,0,0.738
11211,本庄,東日本旅客鉄道,高崎線,36.236295,139.18813,16988,0.219
11211,本庄早稲田,東日本旅客鉄道,上越新幹線,36.218691,139.179718,3858,0.073
11212,東松山,東武鉄道,東上本線,36.03482,139.401526,26017,0.124
11212,高坂,東武鉄道,東上本線,36.002955,139.397686,22530,0.19
11214,一ノ割,東武鉄道,伊勢崎線,35.96486,139.766049,16139,0.243
11214,八木崎,東武鉄道,野田線,35.978579,139.742317,10092,0.289
11214,北春日部,東武鉄道,伊勢崎線,35.989935,139.744313,9258,0.32
11214,南桜井,東武鉄道,野田線,35.980593,139.808407,13233,0.286
11214,春日部,東武鉄道,伊勢崎線,35.980142,139.752638,63817,0.195
11214,春日部,東武鉄道,野田線,35.980003,139.752381,0,0.22
11214,武里,東武鉄道,伊勢崎線,35.949072,139.770706,13891,0.312
11214,藤の牛島,東武鉄道,野田線,35.980333,139.778087,6789,0.467
11214,豊春,東武鉄道,野田線,35.968038,139.726181,11536,0.122
11215,入曽,西武鉄道,新宿線,35.832375,139.42719,15892,0.388
11215,新狭山,西武鉄道,新宿線,35.874151,139.433799,17091,0.139
11215,狭山市,西武鉄道,新宿線,35.857301,139.413371,36729,0.274
11215,稲荷山公園,西武鉄道,池袋線,35.844662,139.399424,8986,0.32
11216,南羽生,東武鉄道,伊勢崎線,36.14964,139.556966,3262,0.234
11216,新郷,秩父鉄道,秩父本線,36.171261,139.51051,257,0.803
11216,羽生,東武鉄道,伊勢崎線,36.170066,139.53402,11656,0.124
11216,羽生,秩父鉄道,秩父本線,36.170447,139.53362,3811,0.174
11216,西羽生,秩父鉄道,秩父本線,36.176579,139.524479,240,0.228
11217,北鴻巣,東日本旅客鉄道,高崎線,36.085488,139.47695,12990,0.119
11217,吹上,東日本旅客鉄道,高崎線,36.102897,139.453604,15566,0.154
11217,鴻巣,東日本旅客鉄道,高崎線,36.059247,139.509587,34812,0.195
11218,ふかや花園,秩父鉄道,秩父本線,36.1307,139.248362,1090,0.604
11218,小前田,秩父鉄道,秩父本線,36.128932,139.222398,1041,0.281
11218,岡部,東日本旅客鉄道,高崎線,36.205724,139.237483,5558,0.77
11218,明戸,秩父鉄道,秩父本線,36.1429,139.303293,246,0.354
11218,桜沢,秩父鉄道,秩父本線,36.128724,139.208236,779,0.809
11218,武川,秩父鉄道,秩父本線,36.14219,139.28175,869,0.325
11218,永田,秩父鉄道,秩父本線,36.135379,139.25952,341,0.596
11218,深谷,東日本旅客鉄道,高崎線,36.191334,139.281342,17724,0.147
11219,上尾,東日本旅客鉄道,高崎線,35.973022,139.588809,76064,0.172
11219,北上尾,東日本旅客鉄道,高崎線,35.985143,139.577587,28414,0.085
11219,原市,埼玉新都市交通,伊奈線,35.963853,139.622176,3140,0.121
11219,沼南,埼玉新都市交通,伊奈線,35.971025,139.623528,3580,0.167
11221,新田,東武鉄道,伊勢崎線,35.854118,139.795425,28531,0.349
11221,獨協大学前,東武鉄道,伊勢崎線,35.8433,139.800661,54286,0.128
11221,草加,東武鉄道,伊勢崎線,35.828391,139.80345,80663,0.174
11221,谷塚,東武鉄道,伊勢崎線,35.814855,139.801455,36638,0.166
11222,せんげん台,東武鉄道,伊勢崎線,35.935938,139.77459,50516,0.184
11222,北越谷,東武鉄道,伊勢崎線,35.901705,139.77989,47047,0.261
11222,南越谷,東日本旅客鉄道,武蔵野線,35.876046,139.791133,140246,0.28
11222,大袋,東武鉄道,伊勢崎線,35.924592,139.777937,17479,0.18
11222,新越谷,東武鉄道,伊勢崎線,35.875559,139.789803,139076,0.239
11222,蒲生,東武鉄道,伊勢崎線,35.8669,139.791756,16600,0.248
11222,越谷,東武鉄道,伊勢崎線,35.88752,139.786241,47032,0.107
11222,越谷レイクタウン,東日本旅客鉄道,武蔵野線,35.876115,139.822247,55802,0.135
11223,蕨,東日本旅客鉄道,東北線,35.827922,139.690411,107842,0.225
11224,北戸田,東日本旅客鉄道,東北線,35.826756,139.661443,43570,0.235
11224,戸田,東日本旅客鉄道,東北線,35.817604,139.669619,40772,0.439
11224,戸田公園,東日本旅客鉄道,東北線,35.807773,139.678352,64774,0.117
11225,仏子,西武鉄道,池袋線,35.837664,139.360199,9240,0.546
11225,入間市,西武鉄道,池袋線,35.842795,139.390261,29667,0.242
11225,武蔵藤沢,西武鉄道,池袋線,35.820858,139.412749,22067,0.227
11225,金子,東日本旅客鉄道,八高線,35.810818,139.328613,3584,0.179
11227,北朝霞,東日本旅客鉄道,武蔵野線,35.815464,139.587243,131776,0.119
11227,朝霞,東武鉄道,東上本線,35.796757,139.600289,65029,0.243
11227,朝霞台,東武鉄道,東上本線,35.814351,139.587286,148983,0.174
11228,柳瀬川,東武鉄道,東上本線,35.830566,139.562459,17954,0.228
11229,和光市,東京地下鉄,8号線有楽町線,35.78835,139.612863,0,0.215
11229,和光市,東武鉄道,東上本線,35.78835,139.612863,162203,0.215
11230,志木,東武鉄道,東上本線,35.822163,139.575312,93798,0.366
11230,新座,東日本旅客鉄道,武蔵野線,35.803788,139.556301,40376,0.525
11231,桶川,東日本旅客鉄道,高崎線,35.998442,139.564219,46120,0.159
11232,久喜,東日本旅客鉄道,東北線,36.065804,139.677365,63480,0.25
11232,久喜,東武鉄道,伊勢崎線,36.065544,139.677601,46131,0.251
11232,南栗橋,東武鉄道,日光線,36.113142,139.712834,7409,0.172
11232,東鷲宮,東日本旅客鉄道,東北線,36.089633,139.679704,16880,0.164
11232,栗橋,東日本旅客鉄道,東北線,36.135726,139.694037,21926,0.153
11232,栗橋,東武鉄道,日光線,36.137857,139.694016,10131,0.28
11232,鷲宮,東武鉄道,伊勢崎線,36.096326,139.656959,6082,0.163
11233,北本,東日本旅客鉄道,高崎線,36.031054,139.534221,32426,0.075
11234,八潮,首都圏新都市鉄道,常磐新線,35.807773,139.844735,48300,0.095
11235,ふじみ野,東武鉄道,東上本線,35.860744,139.523106,61092,0.207
11235,みずほ台,東武鉄道,東上本線,35.838203,139.550786,37856,0.177
11235,鶴瀬,東武鉄道,東上本線,35.845596,139.539456,46316,0.129
11237,三郷,東日本旅客鉄道,武蔵野線,35.84483,139.886835,25758,0.271
11237,三郷中央,首都圏新都市鉄道,常磐新線,35.824494,139.87838,30200,0.273
11237,新三郷,東日本旅客鉄道,武蔵野線,35.858396,139.86954,26798,0.225
11238,蓮田,東日本旅客鉄道,東北線,35.981166,139.652967,37150,0.073
11239,北坂戸,東武鉄道,東上本線,35.971963,139.396849,18107,0.299
11239,坂戸,東武鉄道,東上本線,35.957288,139.394767,27326,0.237
11239,坂戸,東武鉄道,越生線,35.957079,139.394467,0,0.246
11239,西大家,東武鉄道,越生線,35.931751,139.356465,3789,0.354
11240,幸手,東武鉄道,日光線,36.07406,139.714894,11565,0.172
11241,一本松,東武鉄道,越生線,35.940212,139.37007,4246,0.21
11241,若葉,東武鉄道,東上本線,35.948933,139.408672,33986,0.325
11242,武蔵横手,西武鉄道,池袋線,35.88526,139.280677,235,0.407
11242,武蔵高萩,東日本旅客鉄道,川越線,35.90167,139.371121,6284,0.53
11242,高麗,西武鉄道,池袋線,35.882003,139.304466,2241,0.27
11242,高麗川,東日本旅客鉄道,川越線,35.896368,139.33814,0,0.258
11242,高麗川,東日本旅客鉄道,八高線,35.896368,139.33814,7794,0.258
11243,吉川,東日本旅客鉄道,武蔵野線,35.87662,139.843233,32388,0.14
11243,吉川美南,東日本旅客鉄道,武蔵野線,35.868082,139.858124,12630,0.331
11245,上福岡,東武鉄道,東上本線,35.873855,139.511883,50324,0.152
11246,新白岡,東日本旅客鉄道,東北線,36.038238,139.671893,12606,0.147
11246,白岡,東日本旅客鉄道,東北線,36.017778,139.666872,23058,0.437
11301,丸山,埼玉新都市交通,伊奈線,35.979604,139.624536,3486,0.882
11301,伊奈中央,埼玉新都市交通,伊奈線,35.999448,139.617026,2330,0.895
11301,内宿,埼玉新都市交通,伊奈線,36.013804,139.599967,5146,0.138
11301,志久,埼玉新都市交通,伊奈線,35.991028,139.622197,3442,0.657
11301,羽貫,埼玉新都市交通,伊奈線,36.007156,139.608507,4352,0.1
11326,川角,東武鉄道,越生線,35.937606,139.346466,12196,0.509
11326,東毛呂,東武鉄道,越生線,35.947144,139.315331,4910,0.182
11326,武州長瀬,東武鉄道,越生線,35.942001,139.326189,3734,0.229
11326,毛呂,東日本旅客鉄道,八高線,35.940733,139.309323,1396,0.249
11327,武州唐沢,東武鉄道,越生線,35.952198,139.309258,2723,0.202
11327,越生,東日本旅客鉄道,八高線,35.962863,139.299259,0,0.157
11327,越生,東武鉄道,越生線,35.962811,139.299603,3112,0.138
11341,つきのわ,東武鉄道,東上本線,36.043512,139.345565,5101,0.244
11341,森林公園,東武鉄道,東上本線,36.045178,139.375348,12121,0.196
11342,武蔵嵐山,東武鉄道,東上本線,36.04438,139.327734,6405,0.263
11343,小川町,東日本旅客鉄道,八高線,36.059005,139.260678,0,0.281
11343,小川町,東武鉄道,東上本線,36.058727,139.260635,8913,0.278
11343,東武竹沢,東武鉄道,東上本線,36.075378,139.237611,742,0.381
11343,竹沢,東日本旅客鉄道,八高線,36.075499,139.229951,0,0.818
11349,明覚,東日本旅客鉄道,八高線,36.00358,139.289217,0,0.237
11361,芦ヶ久保,西武鉄道,西武秩父線,35.976391,139.136009,321,2.039
11362,上長瀞,秩父鉄道,秩父本線,36.08617,139.113307,219,0.994
11362,皆野,秩父鉄道,秩父本線,36.068631,139.093995,826,0.947
11362,親鼻,秩父鉄道,秩父本線,36.077615,139.106162,352,0.859
11363,樋口,秩父鉄道,秩父本線,36.131081,139.12262,159,1.047
11363,野上,秩父鉄道,秩父本線,36.111617,139.110882,529,1.028
11363,長瀞,秩父鉄道,秩父本線,36.095493,139.11232,1049,0.905
11381,松久,東日本旅客鉄道,八高線,36.173062,139.1821,0,0.571
11383,丹荘,東日本旅客鉄道,八高線,36.216458,139.1026,0,0.215
11385,神保原,東日本旅客鉄道,高崎線,36.253618,139.149013,4972,0.717
11408,みなみ寄居,東武鉄道,東上本線,36.091384,139.236474,1675,0.916
11408,寄居,東日本旅客鉄道,八高線,36.11784,139.193516,0,0.086
11408,寄居,東武鉄道,東上本線,36.11732,139.193666,0,0.102
11408,寄居,秩父鉄道,秩父本線,36.117562,139.19358,6673,0.089
11408,折原,東日本旅客鉄道,八高線,36.09617,139.19534,0,0.944
11408,波久礼,秩父鉄道,秩父本線,36.126818,139.158111,212,0.764
11408,玉淀,東武鉄道,東上本線,36.116938,139.200211,507,0.688
11408,用土,東日本旅客鉄道,八高線,36.153851,139.20064,0,1.24
11408,男衾,東武鉄道,東上本線,36.107855,139.233985,1430,0.956
11408,鉢形,東武鉄道,東上本線,36.113731,139.208643,792,0.549
11442,和戸,東武鉄道,伊勢崎線,36.039643,139.701097,3554,0.126
11442,姫宮,東武鉄道,伊勢崎線,36.004413,139.738691,4671,0.112
11442,東武動物公園,東武鉄道,伊勢崎線,36.024703,139.726889,28443,0.117
11442,東武動物公園,東武鉄道,日光線,36.024703,139.726889,0,0.117
11464,杉戸高野台,東武鉄道,日光線,36.051354,139.714551,10011,0.1
12101,京成千葉,京成電鉄,千葉線,35.611622,140.11435,30276,0.15
12101,千葉,千葉都市モノレール,1号線,35.612093,140.114028,26760,0.097
12101,千葉,千葉都市モノレール,2号線,35.612093,140.114028,0,0.097
12101,千葉,東日本旅客鉄道,総武線,35.613584,140.113428,201050,0.077
12101,千葉,東日本旅客鉄道,外房線,35.613139,140.113084,0,0.06
12101,千葉みなと,千葉都市モノレール,1号線,35.607103,140.102785,16362,0.319
12101,千葉みなと,東日本旅客鉄道,京葉線,35.606702,140.102785,33204,0.318
12101,千葉中央,京成電鉄,千原線,35.607487,140.117762,0,0.206
12101,千葉中央,京成電鉄,千葉線,35.607487,140.117762,19367,0.206
12101,千葉公園,千葉都市モノレール,2号線,35.619716,140.117977,2028,0.205
12101,千葉寺,京成電鉄,千原線,35.590371,140.132182,5142,0.303
12101,大森台,京成電鉄,千原線,35.584002,140.149584,3173,0.465
12101,市役所前,千葉都市モノレール,1号線,35.607016,140.107677,5616,0.126
12101,新千葉,京成電鉄,千葉線,35.612459,140.108643,2156,0.102
12101,本千葉,東日本旅客鉄道,外房線,35.600613,140.121431,24600,0.18
12101,東千葉,東日本旅客鉄道,総武線,35.617134,140.12244,5526,0.175
12101,栄町,千葉都市モノレール,1号線,35.612965,140.118685,555,0.141
12101,浜野,東日本旅客鉄道,内房線,35.552113,140.132203,14530,0.302
12101,県庁前,千葉都市モノレール,1号線,35.603736,140.122182,1606,0.121
12101,葭川公園,千葉都市モノレール,1号線,35.608865,140.12008,2199,0.232
12101,蘇我,東日本旅客鉄道,外房線,35.582152,140.130744,0,0.218
12101,蘇我,東日本旅客鉄道,京葉線,35.582152,140.130744,0,0.218
12101,蘇我,東日本旅客鉄道,内房線,35.582152,140.130744,62656,0.218
12101,西千葉,東日本旅客鉄道,総武線,35.622628,140.103321,40130,0.157
12101,西登戸,京成電鉄,千葉線,35.617622,140.10287,3057,0.148
12102,京成幕張,京成電鉄,千葉線,35.660481,140.056057,7794,0.415
12102,京成幕張本郷,京成電鉄,千葉線,35.672916,140.041673,15939,0.275
12102,幕張,東日本旅客鉄道,総武線,35.659545,140.057809,29556,0.243
12102,幕張本郷,東日本旅客鉄道,総武線,35.672899,140.042081,51560,0.265
12102,新検見川,東日本旅客鉄道,総武線,35.651804,140.073345,40844,0.159
12102,検見川,京成電鉄,千葉線,35.652502,140.066779,4112,0.118
12103,みどり台,京成電鉄,千葉線,35.625297,140.097334,7682,0.179
12103,スポーツセンター,千葉都市モノレール,2号線,35.64333,140.11626,4841,0.248
12103,京成稲毛,京成電鉄,千葉線,35.637244,140.085704,7287,0.142
12103,作草部,千葉都市モノレール,2号線,35.625785,140.115359,4191,0.212
12103,動物公園,千葉都市モノレール,2号線,35.642632,140.125487,1510,0.245
12103,天台,千葉都市モノレール,2号線,35.631471,140.112848,4027,0.16
12103,稲毛,東日本旅客鉄道,総武線,35.637314,140.092571,90328,0.181
12103,穴川,千葉都市モノレール,2号線,35.639528,140.111883,3725,0.253
12104,みつわ台,千葉都市モノレール,2号線,35.638726,140.134885,3446,0.237
12104,千城台,千葉都市モノレール,2号線,35.622349,140.188551,7568,0.207
12104,千城台北,千葉都市モノレール,2号線,35.627564,140.182006,2191,0.157
12104,小倉台,千葉都市モノレール,2号線,35.627809,140.171835,2989,0.215
12104,桜木,千葉都市モノレール,2号線,35.631401,140.160978,3493,0.272
12104,都賀,千葉都市モノレール,2号線,35.635482,140.148747,11569,0.214
12104,都賀,東日本旅客鉄道,総武線,35.636023,140.149176,38752,0.166
12105,おゆみ野,京成電鉄,千原線,35.550018,140.166342,5382,0.231
12105,土気,東日本旅客鉄道,外房線,35.530934,140.269768,21874,0.138
12105,学園前,京成電鉄,千原線,35.560457,140.158403,5503,0.244
12105,誉田,東日本旅客鉄道,外房線,35.546998,140.213785,13304,0.5
12105,鎌取,東日本旅客鉄道,外房線,35.562657,140.178745,37258,0.275
12106,検見川浜,東日本旅客鉄道,京葉線,35.637157,140.059075,28938,0.306
12106,海浜幕張,東日本旅客鉄道,京葉線,35.648404,140.041995,110392,0.272
12106,稲毛海岸,東日本旅客鉄道,京葉線,35.629518,140.07386,39180,0.219
12202,下総豊里,東日本旅客鉄道,成田線,35.792997,140.720894,0,0.415
12202,仲ノ町,銚子電気鉄道,銚子電気鉄道線,35.728799,140.833783,26,0.168
12202,君ヶ浜,銚子電気鉄道,銚子電気鉄道線,35.714078,140.860562,11,0.385
12202,外川,銚子電気鉄道,銚子電気鉄道線,35.69932,140.857365,230,0.108
12202,本銚子,銚子電気鉄道,銚子電気鉄道線,35.730942,140.847301,56,0.221
12202,松岸,東日本旅客鉄道,成田線,35.739372,140.795202,0,0.29
12202,松岸,東日本旅客鉄道,総武線,35.739372,140.795202,838,0.29
12202,椎柴,東日本旅客鉄道,成田線,35.765214,140.758867,0,0.138
12202,海鹿島,銚子電気鉄道,銚子電気鉄道線,35.722092,140.863116,51,0.15
12202,犬吠,銚子電気鉄道,銚子電気鉄道線,35.706255,140.860927,75,0.14
12202,猿田,東日本旅客鉄道,総武線,35.747348,140.737374,0,0.237
12202,笠上黒生,銚子電気鉄道,銚子電気鉄道線,35.728363,140.856957,59,0.318
12202,西海鹿島,銚子電気鉄道,銚子電気鉄道線,35.725071,140.860219,33,0.411
12202,観音,銚子電気鉄道,銚子電気鉄道線,35.728903,140.839834,47,0.09
12202,銚子,東日本旅客鉄道,総武線,35.729339,140.827475,5536,0.143
12202,銚子,銚子電気鉄道,銚子電気鉄道線,35.729339,140.827475,0,0.143
12203,二俣新町,東日本旅客鉄道,京葉線,35.691322,139.959555,10190,0.612
12203,京成八幡,京成電鉄,本線,35.723869,139.928162,33920,0.177
12203,北国分,北総鉄道,北総線,35.762864,139.914215,7901,0.076
12203,南行徳,東京地下鉄,5号線東西線,35.672742,139.902284,49381,0.156
12203,国府台,京成電鉄,本線,35.736306,139.90355,11738,0.037
12203,妙典,東京地下鉄,5号線東西線,35.691008,139.924278,48489,0.064
12203,市川,東日本旅客鉄道,総武線,35.728869,139.908164,109782,0.146
12203,市川塩浜,東日本旅客鉄道,京葉線,35.666466,139.923656,15440,0.237
12203,市川大野,東日本旅客鉄道,武蔵野線,35.755411,139.951272,21888,0.337
12203,市川真間,京成電鉄,本線,35.731272,139.91179,6726,0.129
12203,本八幡,東京都,10号線新宿線,35.723347,139.926875,69549,0.111
12203,本八幡,東日本旅客鉄道,総武線,35.720855,139.92739,107904,0.121
12203,矢切,北総鉄道,北総線,35.757518,139.900546,8155,0.278
12203,菅野,京成電鉄,本線,35.728276,139.919407,4809,0.164
12203,行徳,東京地下鉄,5号線東西線,35.682625,139.914193,52701,0.096
12203,鬼越,京成電鉄,本線,35.719758,139.937861,5576,0.09
12204,三咲,新京成電鉄,新京成線,35.749177,140.028541,13442,0.269
12204,下総中山,東日本旅客鉄道,総武線,35.714288,139.943054,43448,0.181
12204,二和向台,新京成電鉄,新京成線,35.753879,140.023735,16148,0.162
12204,京成中山,京成電鉄,本線,35.716953,139.944384,3588,0.088
12204,京成船橋,京成電鉄,本線,35.700012,139.985046,88095,0.142
12204,京成西船,京成電鉄,本線,35.711692,139.958847,10575,0.298
12204,前原,新京成電鉄,新京成線,35.700662,140.027511,9983,0.221
12204,北習志野,新京成電鉄,新京成線,35.721326,140.042167,42226,0.3
12204,北習志野,東葉高速鉄道,東葉高速線,35.721657,140.042338,39275,0.326
12204,南船橋,東日本旅客鉄道,京葉線,35.681666,139.995689,43356,0.222
12204,原木中山,東京地下鉄,5号線東西線,35.703311,139.941916,26349,0.091
12204,塚田,東武鉄道,野田線,35.722127,139.982901,17397,0.37
12204,大神宮下,京成電鉄,本線,35.693971,139.991376,5303,0.056
12204,小室,北総鉄道,北総線,35.787027,140.076027,4102,0.418
12204,新船橋,東武鉄道,野田線,35.71157,139.979811,13355,0.242
12204,東中山,京成電鉄,本線,35.714409,139.952645,6727,0.259
12204,東海神,東葉高速鉄道,東葉高速線,35.705959,139.980562,8714,0.027
12204,東船橋,東日本旅客鉄道,総武線,35.699826,140.004079,39170,0.21
12204,海神,京成電鉄,本線,35.705924,139.971786,5812,0.178
12204,滝不動,新京成電鉄,新京成線,35.738013,140.026267,7394,0.086
12204,習志野,新京成電鉄,新京成線,35.715368,140.042789,12747,0.198
12204,船橋,東日本旅客鉄道,総武線,35.701725,139.984682,251068,0.217
12204,船橋,東武鉄道,野田線,35.702091,139.98436,112702,0.242
12204,船橋日大前,東葉高速鉄道,東葉高速線,35.727249,140.060062,21070,0.134
12204,船橋法典,東日本旅客鉄道,武蔵野線,35.730454,139.966722,34612,0.274
12204,船橋競馬場,京成電鉄,本線,35.689602,139.998035,18408,0.261
12204,薬園台,新京成電鉄,新京成線,35.709113,140.036695,14328,0.122
12204,西船橋,東京地下鉄,5号線東西線,35.707266,139.958825,372090,0.193
12204,西船橋,東京地下鉄,5号線東西線,35.707196,139.958761,0,0.199
12204,西船橋,東京地下鉄,5号線東西線,35.706691,139.959855,0,0.19
12204,西船橋,東日本旅客鉄道,総武線,35.707475,139.959147,251910,0.183
12204,西船橋,東日本旅客鉄道,総武線,35.707388,139.959061,0,0.188
12204,西船橋,東日本旅客鉄道,京葉線,35.707214,139.959533,0,0.223
12204,西船橋,東日本旅客鉄道,武蔵野線,35.707214,139.959533,0,0.223
12204,西船橋,東日本旅客鉄道,総武線,35.70798,139.958053,0,0.106
12204,西船橋,東葉高速鉄道,東葉高速線,35.707266,139.958825,0,0.193
12204,西船橋,東葉高速鉄道,東葉高速線,35.707266,139.958825,0,0.193
12204,西船橋,東葉高速鉄道,東葉高速線,35.707196,139.958761,0,0.199
12204,飯山満,東葉高速鉄道,東葉高速線,35.714009,140.022297,19276,0.35
12204,馬込沢,東武鉄道,野田線,35.741653,139.992192,25208,0.232
12204,高根公団,新京成電鉄,新京成線,35.730419,140.029442,14382,0.134
12204,高根木戸,新京成電鉄,新京成線,35.726604,140.035,8015,0.256
12205,九重,東日本旅客鉄道,内房線,34.997519,139.911404,0,0.252
12205,那古船形,東日本旅客鉄道,内房線,35.02903,139.851387,0,0.36
12205,館山,東日本旅客鉄道,内房線,34.995902,139.862008,2876,0.43
12206,上総清川,東日本旅客鉄道,久留里線,35.390834,139.965627,0,0.267
12206,下郡,東日本旅客鉄道,久留里線,35.354984,140.055406,0,0.898
12206,巌根,東日本旅客鉄道,内房線,35.414778,139.933805,3160,0.165
12206,木更津,東日本旅客鉄道,久留里線,35.381633,139.926124,0,0.144
12206,木更津,東日本旅客鉄道,内房線,35.381633,139.926124,25180,0.144
12206,東清川,東日本旅客鉄道,久留里線,35.390012,139.985883,0,0.503
12206,祇園,東日本旅客鉄道,久留里線,35.391621,139.948375,0,0.252
12206,馬来田,東日本旅客鉄道,久留里線,35.366813,140.058496,272,0.521
12207,みのり台,新京成電鉄,新京成線,35.789342,139.928784,9021,0.349
12207,上本郷,新京成電鉄,新京成線,35.789377,139.915824,6960,0.182
12207,五香,新京成電鉄,新京成線,35.797279,139.965777,27202,0.187
12207,元山,新京成電鉄,新京成線,35.790334,139.975691,15494,0.087
12207,八柱,新京成電鉄,新京成線,35.791419,139.937496,40771,0.106
12207,六実,東武鉄道,野田線,35.793711,139.999251,12457,0.086
12207,北小金,東日本旅客鉄道,常磐線,35.833176,139.930758,42644,0.297
12207,北松戸,東日本旅客鉄道,常磐線,35.800377,139.91164,39408,0.272
12207,大町,北総鉄道,北総線,35.775138,139.973416,1693,0.323
12207,小金城趾,流鉄,流山線,35.836011,139.916875,1670,0.161
12207,常盤平,新京成電鉄,新京成線,35.803144,139.949427,17832,0.357
12207,幸谷,流鉄,流山線,35.827052,139.920051,4091,0.254
12207,新八柱,東日本旅客鉄道,武蔵野線,35.791292,139.938548,46292,0.149
12207,新松戸,東日本旅客鉄道,常磐線,35.825445,139.921188,70376,0.206
12207,新松戸,東日本旅客鉄道,武蔵野線,35.825556,139.920974,0,0.224
12207,東松戸,京成電鉄,成田空港線,35.76995,139.943011,0,0.105
12207,東松戸,北総鉄道,北総線,35.76995,139.943011,21218,0.105
12207,東松戸,東日本旅客鉄道,武蔵野線,35.770489,139.943869,41506,0.162
12207,松戸,新京成電鉄,新京成線,35.784347,139.900825,93292,0.236
12207,松戸,東日本旅客鉄道,常磐線,35.784735,139.900832,176400,0.221
12207,松戸新田,新京成電鉄,新京成線,35.790648,139.922347,7138,0.19
12207,松飛台,北総鉄道,北総線,35.775329,139.957559,5138,0.196
12207,秋山,北総鉄道,北総線,35.765423,139.931338,7997,0.148
12207,馬橋,東日本旅客鉄道,常磐線,35.811688,139.917326,46044,0.298
12207,馬橋,流鉄,流山線,35.812088,139.917026,2925,0.255
12208,七光台,東武鉄道,野田線,35.970852,139.852953,6852,0.368
12208,川間,東武鉄道,野田線,35.979204,139.834542,15646,0.394
12208,愛宕,東武鉄道,野田線,35.950618,139.864626,9921,0.578
12208,梅郷,東武鉄道,野田線,35.931595,139.891083,15138,0.118
12208,清水公園,東武鉄道,野田線,35.958799,139.860291,4714,0.316
12208,野田市,東武鉄道,野田線,35.943773,139.870784,8708,0.406
12210,新茂原,東日本旅客鉄道,外房線,35.449431,140.299702,2470,0.558
12210,本納,東日本旅客鉄道,外房線,35.482164,140.307577,2984,0.467
12210,茂原,東日本旅客鉄道,外房線,35.426826,140.304058,18336,0.128
12211,下総松崎,東日本旅客鉄道,成田線,35.807773,140.277557,992,0.651
12211,久住,東日本旅客鉄道,成田線,35.832184,140.338862,0,0.308
12211,京成成田,京成電鉄,東成田線,35.776269,140.315473,0,0.168
12211,京成成田,京成電鉄,本線,35.776269,140.315473,34539,0.168
12211,公津の杜,京成電鉄,本線,35.760217,140.294445,13755,0.06
12211,成田,東日本旅客鉄道,成田線,35.776739,140.313424,29718,0.179
12211,成田湯川,京成電鉄,成田空港線,35.799559,140.291483,1824,0.387
12211,成田空港,京成電鉄,本線,35.765719,140.386305,28580,0.386
12211,成田空港,京成電鉄,成田空港線,35.765719,140.386305,0,0.386
12211,成田空港,東日本旅客鉄道,成田線,35.765719,140.386305,12898,0.386
12211,東成田,京成電鉄,東成田線,35.769671,140.387249,1928,0.093
12211,東成田,芝山鉄道,芝山鉄道線,35.769671,140.387249,0,0.093
12211,滑河,東日本旅客鉄道,成田線,35.877054,140.347874,1146,0.559
12211,空港第2ビル,京成電鉄,本線,35.772962,140.387614,29106,0.211
12211,空港第2ビル,京成電鉄,成田空港線,35.772962,140.387614,0,0.211
12211,空港第2ビル,東日本旅客鉄道,成田線,35.772962,140.387614,10534,0.211
12211,芝山千代田,芝山鉄道,芝山鉄道線,35.754018,140.399609,1419,1.064
12212,ユーカリが丘,京成電鉄,本線,35.721761,140.15615,19069,0.332
12212,ユーカリが丘,山万,ユーカリが丘線,35.722232,140.156965,2402,0.335
12212,中学校,山万,ユーカリが丘線,35.740121,140.148468,1404,0.148
12212,井野,山万,ユーカリが丘線,35.732892,140.148532,481,0.121
12212,京成佐倉,京成電鉄,本線,35.725193,140.229878,16281,0.149
12212,京成臼井,京成電鉄,本線,35.730018,140.180805,16549,0.162
12212,佐倉,東日本旅客鉄道,成田線,35.70974,140.226789,0,0.256
12212,佐倉,東日本旅客鉄道,総武線,35.70974,140.226789,17482,0.256
12212,公園,山万,ユーカリが丘線,35.730732,140.153768,282,0.188
12212,地区センター,山万,ユーカリが丘線,35.726186,140.155163,375,0.132
12212,大佐倉,京成電鉄,本線,35.729931,140.250735,343,0.464
12212,女子大,山万,ユーカリが丘線,35.738135,140.155163,403,0.115
12212,志津,京成電鉄,本線,35.717406,140.144928,13656,0.501
12213,東金,東日本旅客鉄道,東金線,35.560091,140.363581,7816,0.304
12213,求名,東日本旅客鉄道,東金線,35.579848,140.396175,3706,0.615
12213,福俵,東日本旅客鉄道,東金線,35.54616,140.341887,0,0.387
12215,倉橋,東日本旅客鉄道,総武線,35.737769,140.713985,0,0.438
12215,干潟,東日本旅客鉄道,総武線,35.718347,140.603306,1730,0.936
12215,旭,東日本旅客鉄道,総武線,35.721831,140.654676,3188,0.236
12215,飯岡,東日本旅客鉄道,総武線,35.729374,140.683365,1246,0.233
12216,京成大久保,京成電鉄,本線,35.685919,140.048604,34389,0.254
12216,京成津田沼,京成電鉄,千葉線,35.683636,140.02485,0,0.25
12216,京成津田沼,京成電鉄,本線,35.683636,140.02485,57251,0.25
12216,京成津田沼,新京成電鉄,新京成線,35.683636,140.02485,0,0.25
12216,実籾,京成電鉄,本線,35.686843,140.068066,23144,0.244
12216,幕張豊砂,東日本旅客鉄道,京葉線,35.658151,140.027061,11660,0.482
12216,新津田沼,新京成電鉄,新京成線,35.690171,140.023756,59471,0.168
12216,新習志野,東日本旅客鉄道,京葉線,35.667408,140.012984,23310,0.224
12216,津田沼,東日本旅客鉄道,総武線,35.691374,140.020216,175640,0.248
12216,谷津,京成電鉄,本線,35.685274,140.007706,10118,0.167
12217,北柏,東日本旅客鉄道,常磐線,35.875663,139.98805,34332,0.272
12217,南柏,東日本旅客鉄道,常磐線,35.844691,139.954276,60038,0.066
12217,増尾,東武鉄道,野田線,35.829835,139.976313,12315,0.27
12217,新柏,東武鉄道,野田線,35.838099,139.967043,20030,0.187
12217,柏,東日本旅客鉄道,常磐線,35.8621,139.970949,228204,0.053
12217,柏,東武鉄道,野田線,35.861979,139.970477,141087,0.086
12217,柏たなか,首都圏新都市鉄道,常磐新線,35.910847,139.957516,15100,0.196
12217,柏の葉キャンパス,首都圏新都市鉄道,常磐新線,35.893326,139.952538,37400,0.228
12217,豊四季,東武鉄道,野田線,35.866535,139.939299,14965,0.406
12217,逆井,東武鉄道,野田線,35.823276,139.983716,12858,0.142
12217,高柳,東武鉄道,野田線,35.808295,139.998994,15340,0.11
12218,上総興津,東日本旅客鉄道,外房線,35.137212,140.250478,282,0.54
12218,勝浦,東日本旅客鉄道,外房線,35.152618,140.311975,1620,0.425
12218,行川アイランド,東日本旅客鉄道,外房線,35.118259,140.225716,0,0.803
12218,鵜原,東日本旅客鉄道,外房線,35.141248,140.278952,0,0.408
12219,ちはら台,京成電鉄,千原線,35.533536,140.170119,5943,0.185
12219,上総三又,小湊鐵道,小湊鐵道線,35.465913,140.126753,86,0.582
12219,上総久保,小湊鐵道,小湊鐵道線,35.367461,140.154433,7,0.483
12219,上総大久保,小湊鐵道,小湊鐵道線,35.283375,140.145936,5,1.298
12219,上総山田,小湊鐵道,小湊鐵道線,35.454098,140.126173,88,0.385
12219,上総川間,小湊鐵道,小湊鐵道線,35.38807,140.151021,56,0.244
12219,上総村上,小湊鐵道,小湊鐵道線,35.496107,140.100424,55,0.24
12219,上総牛久,小湊鐵道,小湊鐵道線,35.400192,140.14231,360,0.238
12219,上総鶴舞,小湊鐵道,小湊鐵道線,35.381335,140.165033,9,0.395
12219,五井,小湊鐵道,小湊鐵道線,35.513121,140.089738,0,0.252
12219,五井,東日本旅客鉄道,内房線,35.513121,140.089738,34753,0.252
12219,光風台,小湊鐵道,小湊鐵道線,35.439572,140.114157,228,0.468
12219,八幡宿,東日本旅客鉄道,内房線,35.536155,140.120037,21452,0.236
12219,姉ヶ崎,東日本旅客鉄道,内房線,35.478635,140.041888,17996,0.182
12219,月崎,小湊鐵道,小湊鐵道線,35.302132,140.139606,10,0.449
12219,海士有木,小湊鐵道,小湊鐵道線,35.481745,140.124285,114,0.664
12219,里見,小湊鐵道,小湊鐵道線,35.337236,140.145528,13,0.569
12219,飯給,小湊鐵道,小湊鐵道線,35.3205,140.142395,4,0.823
12219,養老渓谷,小湊鐵道,小湊鐵道線,35.2664,140.15939,77,0.44
12219,馬立,小湊鐵道,小湊鐵道線,35.423749,140.114737,133,0.685
12219,高滝,小湊鐵道,小湊鐵道線,35.353094,140.150292,27,0.603
12220,初石,東武鉄道,野田線,35.883835,139.917905,18431,0.318
12220,南流山,東日本旅客鉄道,武蔵野線,35.837838,139.904237,71872,0.199
12220,南流山,首都圏新都市鉄道,常磐新線,35.838429,139.902799,75200,0.19
12220,平和台,流鉄,流山線,35.851126,139.901233,2363,0.165
12220,江戸川台,東武鉄道,野田線,35.897238,139.910524,22688,0.175
12220,流山,流鉄,流山線,35.855805,139.901834,2451,0.087
12220,流山おおたかの森,東武鉄道,野田線,35.872099,139.925759,62862,0.112
12220,流山おおたかの森,首都圏新都市鉄道,常磐新線,35.871751,139.924965,82100,0.18
12220,流山セントラルパーク,首都圏新都市鉄道,常磐新線,35.854587,139.91518,10600,0.046
12220,運河,東武鉄道,野田線,35.914375,139.906039,20859,0.582
12220,鰭ヶ崎,流鉄,流山線,35.840969,139.911103,1154,0.127
12221,京成大和田,京成電鉄,本線,35.712354,140.108621,11776,0.434
12221,八千代中央,東葉高速鉄道,東葉高速線,35.727876,140.103321,22781,0.225
12221,八千代台,京成電鉄,本線,35.701359,140.090768,42892,0.124
12221,八千代緑が丘,東葉高速鉄道,東葉高速線,35.728938,140.073216,39627,0.304
12221,勝田台,京成電鉄,本線,35.715385,140.126045,47512,0.213
12221,村上,東葉高速鉄道,東葉高速線,35.723782,140.118642,6735,0.079
12221,東葉勝田台,東葉高速鉄道,東葉高速線,35.716709,140.125723,27439,0.257
12222,天王台,東日本旅客鉄道,常磐線,35.872464,140.042317,31968,0.188
12222,布佐,東日本旅客鉄道,成田線,35.849352,140.132976,5530,0.166
12222,我孫子,東日本旅客鉄道,常磐線,35.872835,140.010524,55754,0.123
12222,我孫子,東日本旅客鉄道,成田線,35.872835,140.010524,0,0.123
12222,新木,東日本旅客鉄道,成田線,35.862396,140.107055,5312,0.269
12222,東我孫子,東日本旅客鉄道,成田線,35.868969,140.047617,0,0.212
12222,湖北,東日本旅客鉄道,成田線,35.867195,140.077958,7364,0.113
12223,太海,東日本旅客鉄道,内房線,35.081497,140.096219,0,0.493
12223,安房天津,東日本旅客鉄道,外房線,35.125788,140.154734,0,1.184
12223,安房小湊,東日本旅客鉄道,外房線,35.128631,140.189774,266,1.781
12223,安房鴨川,東日本旅客鉄道,外房線,35.107622,140.103707,0,0.18
12223,安房鴨川,東日本旅客鉄道,内房線,35.107622,140.103707,2214,0.18
12223,江見,東日本旅客鉄道,内房線,35.062496,140.061135,102,0.388
12224,くぬぎ山,新京成電鉄,新京成線,35.782327,139.975669,6592,0.18
12224,初富,新京成電鉄,新京成線,35.771969,140.000474,5112,0.294
12224,北初富,新京成電鉄,新京成線,35.776548,139.98981,5298,0.116
12224,新鎌ヶ谷,京成電鉄,成田空港線,35.779594,139.998372,0,0.023
12224,新鎌ヶ谷,北総鉄道,北総線,35.779594,139.998372,25547,0.023
12224,新鎌ヶ谷,新京成電鉄,新京成線,35.779246,139.998651,36254,0.025
12224,新鎌ヶ谷,東武鉄道,野田線,35.780778,139.999466,43717,0.166
12224,鎌ヶ谷,東武鉄道,野田線,35.763786,139.997299,21065,0.16
12224,鎌ヶ谷大仏,新京成電鉄,新京成線,35.757866,140.01395,13702,0.056
12225,上総亀山,東日本旅客鉄道,久留里線,35.233176,140.089502,0,0.122
12225,上総松丘,東日本旅客鉄道,久留里線,35.2582,140.064032,0,0.131
12225,久留里,東日本旅客鉄道,久留里線,35.295793,140.075598,542,0.27
12225,俵田,東日本旅客鉄道,久留里線,35.314635,140.061414,0,0.326
12225,君津,東日本旅客鉄道,内房線,35.333578,139.895718,13908,0.082
12225,小櫃,東日本旅客鉄道,久留里線,35.328238,140.059783,0,0.215
12225,平山,東日本旅客鉄道,久留里線,35.274284,140.064654,0,0.807
12226,上総湊,東日本旅客鉄道,内房線,35.221818,139.870999,890,0.551
12226,佐貫町,東日本旅客鉄道,内房線,35.259988,139.876127,316,0.556
12226,大貫,東日本旅客鉄道,内房線,35.291625,139.855635,1718,0.334
12226,浜金谷,東日本旅客鉄道,内房線,35.168195,139.822247,432,1.437
12226,竹岡,東日本旅客鉄道,内房線,35.197589,139.830015,0,0.343
12226,青堀,東日本旅客鉄道,内房線,35.330567,139.858897,2604,0.443
12227,ベイサイド･ステーション,舞浜リゾートライン,ディズニーリゾートライン,35.627861,139.876342,22115,0.675
12227,リゾートゲートウェイ･ステーション,舞浜リゾートライン,ディズニーリゾートライン,35.635116,139.884946,40388,0.44
12227,新浦安,東日本旅客鉄道,京葉線,35.64952,139.912541,100760,0.125
12227,東京ディズニーシー･ステーション,舞浜リゾートライン,ディズニーリゾートライン,35.627233,139.889495,40672,0.681
12227,東京ディズニーランド･ステーション,舞浜リゾートライン,ディズニーリゾートライン,35.635849,139.878445,16469,0.503
12227,浦安,東京地下鉄,5号線東西線,35.665909,139.89325,76578,0.202
12227,舞浜,東日本旅客鉄道,京葉線,35.636163,139.883702,152312,0.484
12228,四街道,東日本旅客鉄道,総武線,35.662788,140.164883,40166,0.202
12228,物井,東日本旅客鉄道,総武線,35.685727,140.20031,7906,0.336
12229,東横田,東日本旅客鉄道,久留里線,35.386164,140.035944,0,0.749
12229,横田,東日本旅客鉄道,久留里線,35.386216,140.02013,282,0.392
12229,袖ヶ浦,東日本旅客鉄道,内房線,35.431914,139.957216,10936,0.148
12229,長浦,東日本旅客鉄道,内房線,35.450288,139.995432,11240,0.228
12230,八街,東日本旅客鉄道,総武線,35.663189,140.317404,9580,0.111
12230,榎戸,東日本旅客鉄道,総武線,35.684072,140.288115,3378,0.357
12231,千葉ニュータウン中央,京成電鉄,成田空港線,35.800185,140.116196,0,0.129
12231,千葉ニュータウン中央,北総鉄道,北総線,35.800185,140.116196,22586,0.129
12231,印旛日本医大,京成電鉄,成田空港線,35.787811,140.202777,0,0.325
12231,印旛日本医大,北総鉄道,北総線,35.787811,140.202777,4937,0.325
12231,印西牧の原,北総鉄道,北総線,35.803631,140.167115,15974,0.269
12231,小林,東日本旅客鉄道,成田線,35.83074,140.1931,3142,0.112
12231,木下,東日本旅客鉄道,成田線,35.838881,140.147974,3688,0.537
12232,白井,北総鉄道,北総線,35.784747,140.05399,9382,0.202
12232,西白井,北総鉄道,北総線,35.784451,140.031738,12609,0.133
12234,千倉,東日本旅客鉄道,内房線,34.97681,139.954523,522,0.349
12234,千歳,東日本旅客鉄道,内房線,34.991349,139.966271,0,0.211
12234,南三原,東日本旅客鉄道,内房線,35.021193,139.97906,816,0.388
12234,和田浦,東日本旅客鉄道,内房線,35.041715,140.019615,0,0.304
12234,富浦,東日本旅客鉄道,内房線,35.04623,139.837761,350,0.274
12234,岩井,東日本旅客鉄道,内房線,35.093051,139.849863,458,0.449
12235,八日市場,東日本旅客鉄道,総武線,35.699303,140.552409,2938,0.431
12235,飯倉,東日本旅客鉄道,総武線,35.685082,140.521402,0,0.508
12236,佐原,東日本旅客鉄道,成田線,35.894926,140.493765,5442,0.318
12236,十二橋,東日本旅客鉄道,鹿島線,35.917016,140.545843,0,0.54
12236,大戸,東日本旅客鉄道,成田線,35.889919,140.457737,0,0.293
12236,小見川,東日本旅客鉄道,成田線,35.849979,140.604594,1974,0.65
12236,水郷,東日本旅客鉄道,成田線,35.885452,140.570176,0,0.652
12236,香取,東日本旅客鉄道,鹿島線,35.897881,140.53241,0,1.028
12236,香取,東日本旅客鉄道,成田線,35.897881,140.53241,0,1.028
12237,成東,東日本旅客鉄道,総武線,35.608534,140.410273,5082,0.269
12237,成東,東日本旅客鉄道,東金線,35.608534,140.410273,0,0.269
12237,日向,東日本旅客鉄道,総武線,35.628297,140.362444,1374,0.71
12237,松尾,東日本旅客鉄道,総武線,35.636354,140.458081,1466,0.414
12238,三門,東日本旅客鉄道,外房線,35.282919,140.391433,0,0.857
12238,上総中川,いすみ鉄道,いすみ線,35.282709,140.280561,13,0.158
12238,上総東,いすみ鉄道,いすみ線,35.263282,140.344913,42,0.322
12238,国吉,いすみ鉄道,いすみ線,35.280415,140.313993,60,0.598
12238,大原,いすみ鉄道,いすみ線,35.251016,140.391026,208,0.588
12238,大原,東日本旅客鉄道,外房線,35.251016,140.391026,2334,0.588
12238,太東,東日本旅客鉄道,外房線,35.320098,140.381284,714,0.253
12238,新田野,いすみ鉄道,いすみ線,35.275983,140.328519,13,0.143
12238,浪花,東日本旅客鉄道,外房線,35.222642,140.379138,0,1.182
12238,西大原,いすみ鉄道,いすみ線,35.260513,140.377979,16,0.785
12238,長者町,東日本旅客鉄道,外房線,35.296266,140.384803,576,0.36
12239,大網,東日本旅客鉄道,外房線,35.52237,140.311126,17160,0.571
12239,大網,東日本旅客鉄道,東金線,35.523023,140.311439,0,0.531
12239,永田,東日本旅客鉄道,外房線,35.503234,140.311289,1576,0.231
12322,京成酒々井,京成電鉄,本線,35.736916,140.270176,5879,0.029
12322,南酒々井,東日本旅客鉄道,総武線,35.704304,140.267923,0,0.304
12322,宗吾参道,京成電鉄,本線,35.752346,140.280712,2699,0.268
12322,酒々井,東日本旅客鉄道,成田線,35.731847,140.27539,6932,0.143
12329,安食,東日本旅客鉄道,成田線,35.835715,140.242281,3942,0.16
12342,下総神崎,東日本旅客鉄道,成田線,35.894839,140.410659,1336,0.284
12349,下総橘,東日本旅客鉄道,成田線,35.818788,140.702162,0,0.512
12349,笹川,東日本旅客鉄道,成田線,35.839438,140.655813,0,1.112
12410,横芝,東日本旅客鉄道,総武線,35.661777,140.490782,2294,0.359
12421,上総一ノ宮,東日本旅客鉄道,外房線,35.374687,140.365534,5262,0.239
12421,東浪見,東日本旅客鉄道,外房線,35.346776,140.376649,0,0.537
12423,八積,東日本旅客鉄道,外房線,35.403953,140.345364,1302,0.222
12441,上総中野,いすみ鉄道,いすみ線,35.250035,140.19958,0,0.446
12441,上総中野,小湊鐵道,小湊鐵道線,35.250035,140.19958,86,0.446
12441,久我原,いすみ鉄道,いすみ線,35.25021,140.247645,2,0.868
12441,城見ヶ丘,いすみ鉄道,いすみ線,35.29173,140.252452,28,0.246
12441,大多喜,いすみ鉄道,いすみ線,35.286545,140.243847,146,0.236
12441,小谷松,いすみ鉄道,いすみ線,35.268975,140.251036,6,0.102
12441,東総元,いすみ鉄道,いすみ線,35.259444,140.247624,22,0.561
12441,総元,いすみ鉄道,いすみ線,35.240572,140.24035,8,0.66
12441,西畑,いすみ鉄道,いすみ線,35.250508,140.215158,2,0.424
12443,御宿,東日本旅客鉄道,外房線,35.187541,140.351436,820,0.266
12463,保田,東日本旅客鉄道,内房線,35.141459,139.838147,362,1.287
12463,安房勝山,東日本旅客鉄道,内房線,35.114064,139.833405,0,0.215
13101,九段下,東京地下鉄,5号線東西線,35.696079,139.751265,258062,0.084
13101,九段下,東京地下鉄,11号線半蔵門線,35.695504,139.751115,0,0.135
13101,九段下,東京都,10号線新宿線,35.695504,139.751115,0,0.135
13101,二重橋前,東京地下鉄,9号線千代田線,35.680516,139.761779,32782,0.16
13101,半蔵門,東京地下鉄,11号線半蔵門線,35.685379,139.741695,71847,0.146
13101,四ツ谷,東京地下鉄,4号線丸ノ内線,35.684211,139.730029,111376,0.189
13101,四ツ谷,東日本旅客鉄道,中央線,35.685658,139.730537,171852,0.151
13101,国会議事堂前,東京地下鉄,9号線千代田線,35.673579,139.743197,38545,0.242
13101,国会議事堂前,東京地下鉄,4号線丸ノ内線,35.675461,139.746072,0,0.053
13101,大手町,東京地下鉄,5号線東西線,35.684699,139.766028,0,0.258
13101,大手町,東京地下鉄,11号線半蔵門線,35.686756,139.764912,0,0.171
13101,大手町,東京地下鉄,9号線千代田線,35.685257,139.763281,0,0.318
13101,大手町,東京地下鉄,4号線丸ノ内線,35.686878,139.766221,312041,0.18
13101,大手町,東京都,6号線三田線,35.684072,139.762616,100353,0.457
13101,小川町,東京都,10号線新宿線,35.695208,139.766865,69171,0.063
13101,岩本町,東京都,10号線新宿線,35.695574,139.77519,49899,0.018
13101,市ヶ谷,東京都,10号線新宿線,35.691461,139.737382,85603,0.119
13101,御茶ノ水,東日本旅客鉄道,総武線,35.699617,139.765041,0,0.135
13101,御茶ノ水,東日本旅客鉄道,中央線,35.699617,139.765041,171914,0.135
13101,新御茶ノ水,東京地下鉄,9号線千代田線,35.696933,139.765449,83430,0.069
13101,日比谷,東京地下鉄,9号線千代田線,35.673962,139.758754,0,0.172
13101,日比谷,東京地下鉄,2号線日比谷線,35.674276,139.760599,90430,0.023
13101,日比谷,東京都,6号線三田線,35.676612,139.760127,80027,0.24
13101,有楽町,東京地下鉄,8号線有楽町線,35.675967,139.762273,134610,0.154
13101,有楽町,東日本旅客鉄道,東海道線,35.675043,139.76326,251064,0.135
13101,末広町,東京地下鉄,3号線銀座線,35.702788,139.771757,24601,0.148
13101,東京,東京地下鉄,4号線丸ノ内線,35.681945,139.764805,186253,0.221
13101,東京,東日本旅客鉄道,東北新幹線,35.681109,139.76788,0,0.079
13101,東京,東日本旅客鉄道,東海道線,35.681167,139.767551,0,0.054
13101,東京,東日本旅客鉄道,東北線,35.681167,139.767551,0,0.054
13101,東京,東日本旅客鉄道,東海道線,35.681178,139.767237,0,0.043
13101,東京,東日本旅客鉄道,東北線,35.681178,139.767237,0,0.043
13101,東京,東日本旅客鉄道,東海道線,35.680969,139.766693,807662,0.08
13101,東京,東日本旅客鉄道,東北線,35.680969,139.766693,0,0.08
13101,東京,東日本旅客鉄道,京葉線,35.677675,139.765255,0,0.18
13101,東京,東日本旅客鉄道,総武線,35.681701,139.765406,0,0.163
13101,東京,東日本旅客鉄道,東海道線,35.681701,139.765406,0,0.163
13101,東京,東海旅客鉄道,東海道新幹線,35.681109,139.76788,182987,0.079
13101,桜田門,東京地下鉄,8号線有楽町線,35.677466,139.751887,13025,0.251
13101,水道橋,東日本旅客鉄道,中央線,35.702004,139.753733,137154,0.149
13101,永田町,東京地下鉄,8号線有楽町線,35.677875,139.741899,0,0.32
13101,永田町,東京地下鉄,7号線南北線,35.678355,139.739199,72244,0.239
13101,永田町,東京地下鉄,11号線半蔵門線,35.67839,139.738863,0,0.247
13101,淡路町,東京地下鉄,4号線丸ノ内線,35.694877,139.767466,54977,0.097
13101,溜池山王,東京地下鉄,7号線南北線,35.673091,139.741287,0,0.218
13101,神保町,東京地下鉄,11号線半蔵門線,35.695922,139.757838,81664,0.128
13101,神保町,東京都,10号線新宿線,35.696009,139.758003,0,0.11
13101,神保町,東京都,6号線三田線,35.695034,139.758303,130940,0.176
13101,神田,東京地下鉄,3号線銀座線,35.693709,139.770899,53604,0.013
13101,神田,東日本旅客鉄道,中央線,35.691775,139.770877,175758,0.137
13101,神田,東日本旅客鉄道,東北線,35.691775,139.770877,0,0.137
13101,秋葉原,東京地下鉄,2号線日比谷線,35.697961,139.775512,107333,0.015
13101,秋葉原,東日本旅客鉄道,総武線,35.69831,139.773216,423996,0.087
13101,秋葉原,東日本旅客鉄道,東北線,35.698536,139.773045,0,0.089
13101,秋葉原,東日本旅客鉄道,東北線,35.698066,139.773238,0,0.089
13101,秋葉原,首都圏新都市鉄道,常磐新線,35.698966,139.774275,116600,0.033
13101,竹橋,東京地下鉄,5号線東西線,35.690433,139.757681,40940,0.098
13101,銀座,東京地下鉄,4号線丸ノ内線,35.673195,139.763893,0,0.125
13101,霞ヶ関,東京地下鉄,9号線千代田線,35.67255,139.75178,0,0.17
13101,霞ヶ関,東京地下鉄,2号線日比谷線,35.673875,139.751072,128553,0.134
13101,霞ヶ関,東京地下鉄,4号線丸ノ内線,35.674241,139.752681,0,0.035
13101,飯田橋,東京地下鉄,5号線東西線,35.701359,139.746619,150786,0.053
13101,麹町,東京地下鉄,8号線有楽町線,35.684786,139.73736,54142,0.102
13102,三越前,東京地下鉄,11号線半蔵門線,35.684926,139.773088,110666,0.122
13102,三越前,東京地下鉄,3号線銀座線,35.687174,139.773581,0,0.041
13102,京橋,東京地下鉄,3号線銀座線,35.676699,139.770105,50698,0.101
13102,人形町,東京地下鉄,2号線日比谷線,35.68625,139.782336,65602,0.084
13102,人形町,東京都,1号線浅草線,35.686355,139.782164,51427,0.065
13102,八丁堀,東京地下鉄,2号線日比谷線,35.675357,139.777358,98923,0.14
13102,八丁堀,東日本旅客鉄道,京葉線,35.674625,139.77798,62142,0.14
13102,勝どき,東京都,12号線大江戸線,35.658953,139.777143,81077,0.197
13102,宝町,東京都,1号線浅草線,35.67567,139.7721,28494,0.135
13102,小伝馬町,東京地下鉄,2号線日比谷線,35.690415,139.778752,35203,0.084
13102,新富町,東京地下鉄,8号線有楽町線,35.670528,139.773602,35708,0.09
13102,新日本橋,東日本旅客鉄道,総武線,35.689039,139.774289,34836,0.125
13102,日本橋,東京地下鉄,5号線東西線,35.682381,139.774096,163127,0.124
13102,日本橋,東京地下鉄,3号線銀座線,35.681875,139.773345,0,0.107
13102,日本橋,東京都,1号線浅草線,35.681579,139.77577,87756,0.14
13102,月島,東京地下鉄,8号線有楽町線,35.664706,139.784396,67069,0.235
13102,月島,東京都,12号線大江戸線,35.663886,139.784095,65675,0.174
13102,東日本橋,東京都,1号線浅草線,35.691775,139.784803,75870,0.112
13102,東銀座,東京地下鉄,2号線日比谷線,35.669134,139.767637,76513,0.223
13102,東銀座,東京都,1号線浅草線,35.669657,139.767122,79058,0.157
13102,水天宮前,東京地下鉄,11号線半蔵門線,35.682991,139.785168,68185,0.131
13102,浜町,東京都,10号線新宿線,35.688585,139.788108,20676,0.062
13102,築地,東京地下鉄,2号線日比谷線,35.667913,139.772465,58868,0.079
13102,築地市場,東京都,12号線大江戸線,35.664967,139.766736,23148,0.254
13102,茅場町,東京地下鉄,2号線日比谷線,35.679069,139.779611,0,0.028
13102,茅場町,東京地下鉄,5号線東西線,35.680342,139.779267,105877,0.068
13102,銀座,東京地下鉄,2号線日比谷線,35.671975,139.764011,217244,0.221
13102,銀座,東京地下鉄,3号線銀座線,35.671487,139.765363,0,0.087
13102,銀座一丁目,東京地下鉄,8号線有楽町線,35.674502,139.766779,32240,0.214
13102,馬喰横山,東京都,10号線新宿線,35.692019,139.782915,106131,0.081
13102,馬喰町,東日本旅客鉄道,総武線,35.693378,139.782443,48064,0.029
13103,お台場海浜公園,ゆりかもめ,東京臨海新交通臨海線,35.629797,139.778538,13195,0.117
13103,モノレール浜松町,東京モノレール,東京モノレール羽田線,35.655745,139.756672,90384,0.116
13103,三田,東京都,1号線浅草線,35.647916,139.749527,99494,0.127
13103,三田,東京都,6号線三田線,35.648142,139.748883,0,0.179
13103,三田,東京都,6号線三田線,35.647532,139.748647,0,0.184
13103,三田,東京都,1号線浅草線,35.647532,139.748647,0,0.184
13103,乃木坂,東京地下鉄,9号線千代田線,35.666501,139.726095,39229,0.291
13103,六本木,東京地下鉄,2号線日比谷線,35.662805,139.731159,105196,0.287
13103,六本木,東京都,12号線大江戸線,35.664061,139.731288,79608,0.295
13103,六本木一丁目,東京地下鉄,7号線南北線,35.665089,139.738905,68808,0.17
13103,内幸町,東京都,6号線三田線,35.669168,139.755342,35015,0.2
13103,品川,京浜急行電鉄,本線,35.627721,139.738086,233916,0.348
13103,品川,東日本旅客鉄道,東海道線,35.629256,139.739549,0,0.187
13103,品川,東日本旅客鉄道,東海道線,35.628489,139.739034,0,0.278
13103,品川,東日本旅客鉄道,山手線,35.628123,139.738541,548442,0.33
13103,品川,東日本旅客鉄道,東海道線,35.628123,139.738541,0,0.33
13103,品川,東海旅客鉄道,東海道新幹線,35.629954,139.740186,71078,0.117
13103,外苑前,東京地下鉄,3号線銀座線,35.670371,139.717834,72412,0.174
13103,大門,東京都,1号線浅草線,35.656634,139.754677,95470,0.207
13103,大門,東京都,12号線大江戸線,35.656686,139.755707,0,0.204
13103,御成門,東京都,6号線三田線,35.660992,139.751501,40727,0.229
13103,新橋,ゆりかもめ,東京臨海新交通臨海線,35.665583,139.759583,56027,0.266
13103,新橋,東京地下鉄,3号線銀座線,35.667373,139.758518,194374,0.069
13103,新橋,東京都,1号線浅草線,35.66488,139.759011,83515,0.242
13103,新橋,東日本旅客鉄道,東海道線,35.666205,139.758732,438226,0.165
13103,新橋,東日本旅客鉄道,東海道線,35.666397,139.758196,0,0.112
13103,日の出,ゆりかもめ,東京臨海新交通臨海線,35.649276,139.759161,2404,0.031
13103,東京テレポート,東京臨海高速鉄道,臨海副都心線,35.627076,139.778066,41593,0.196
13103,汐留,ゆりかもめ,東京臨海新交通臨海線,35.662997,139.760063,7463,0.049
13103,汐留,東京都,12号線大江戸線,35.664993,139.761339,34991,0.219
13103,泉岳寺,京浜急行電鉄,本線,35.638133,139.739742,0,0.27
13103,泉岳寺,東京都,1号線浅草線,35.638133,139.739742,195118,0.27
13103,浜松町,東日本旅客鉄道,東海道線,35.655413,139.757123,253334,0.119
13103,溜池山王,東京地下鉄,3号線銀座線,35.671522,139.741931,74616,0.163
13103,田町,東日本旅客鉄道,東海道線,35.645736,139.747596,238712,0.176
13103,白金台,東京地下鉄,7号線南北線,35.637767,139.725859,25775,0.184
13103,白金台,東京都,6号線三田線,35.637767,139.725859,0,0.184
13103,白金高輪,東京地下鉄,7号線南北線,35.643138,139.734271,59415,0.229
13103,白金高輪,東京都,6号線三田線,35.643138,139.734271,0,0.229
13103,神谷町,東京地下鉄,2号線日比谷線,35.662631,139.744742,88969,0.123
13103,竹芝,ゆりかもめ,東京臨海新交通臨海線,35.654071,139.762015,4833,0.149
13103,芝公園,東京都,6号線三田線,35.653461,139.74972,26633,0.231
13103,芝浦ふ頭,ゆりかもめ,東京臨海新交通臨海線,35.642214,139.757874,4907,0.181
13103,虎ノ門,東京地下鉄,3号線銀座線,35.670162,139.750128,91260,0.205
13103,虎ノ門ヒルズ,東京地下鉄,2号線日比谷線,35.667338,139.747767,45172,0.191
13103,表参道,東京地下鉄,11号線半蔵門線,35.665141,139.712384,0,0.118
13103,表参道,東京地下鉄,3号線銀座線,35.665037,139.71247,168791,0.132
13103,表参道,東京地下鉄,9号線千代田線,35.665647,139.711354,0,0.089
13103,赤坂,東京地下鉄,9号線千代田線,35.672114,139.736438,74174,0.196
13103,赤坂見附,東京地下鉄,3号線銀座線,35.676902,139.737339,86493,0.142
13103,赤坂見附,東京地下鉄,4号線丸ノ内線,35.676902,139.737339,0,0.142
13103,赤羽橋,東京都,12号線大江戸線,35.654977,139.744205,34237,0.195
13103,青山一丁目,東京地下鉄,3号線銀座線,35.672794,139.724143,93509,0.358
13103,青山一丁目,東京地下鉄,11号線半蔵門線,35.672951,139.724057,0,0.377
13103,青山一丁目,東京都,12号線大江戸線,35.672916,139.723971,64794,0.376
13103,高輪ゲートウェイ,東日本旅客鉄道,東海道線,35.635378,139.740665,22220,0.411
13103,高輪台,東京都,1号線浅草線,35.63168,139.730365,13185,0.265
13103,麻布十番,東京地下鉄,7号線南北線,35.65482,139.73706,41990,0.092
13103,麻布十番,東京都,12号線大江戸線,35.656477,139.736116,30698,0.095
13104,下落合,西武鉄道,新宿線,35.715699,139.695282,11361,0.302
13104,中井,東京都,12号線大江戸線,35.713869,139.686313,23955,0.167
13104,中井,西武鉄道,新宿線,35.715072,139.686635,26686,0.217
13104,信濃町,東日本旅客鉄道,中央線,35.679958,139.721096,42654,0.275
13104,四ツ谷,東京地下鉄,7号線南北線,35.685965,139.729657,0,0.078
13104,四谷三丁目,東京地下鉄,4号線丸ノ内線,35.687836,139.719336,41217,0.129
13104,国立競技場,東京都,12号線大江戸線,35.679854,139.714873,12767,0.335
13104,大久保,東日本旅客鉄道,中央線,35.700645,139.697449,48622,0.181
13104,市ヶ谷,東京地下鉄,7号線南北線,35.693076,139.736481,127095,0.023
13104,市ヶ谷,東京地下鉄,8号線有楽町線,35.692576,139.736888,0,0.065
13104,市ヶ谷,東日本旅客鉄道,中央線,35.691165,139.735322,98948,0.134
13104,新大久保,東日本旅客鉄道,山手線,35.700923,139.700239,93452,0.144
13104,新宿,京王電鉄,京王線,35.688429,139.698608,0,0.239
13104,新宿,京王電鉄,京王線,35.689997,139.699209,1050497,0.16
13104,新宿,小田急電鉄,小田原線,35.691182,139.699681,439840,0.216
13104,新宿,東京地下鉄,4号線丸ノ内線,35.692449,139.700589,193170,0.301
13104,新宿,東京都,10号線新宿線,35.688429,139.698608,0,0.239
13104,新宿,東日本旅客鉄道,山手線,35.689213,139.701226,0,0.23
13104,新宿,東日本旅客鉄道,山手線,35.690468,139.700153,0,0.24
13104,新宿,東日本旅客鉄道,山手線,35.688934,139.700925,0,0.253
13104,新宿,東日本旅客鉄道,山手線,35.690816,139.700325,0,0.26
13104,新宿,東日本旅客鉄道,中央線,35.690189,139.700625,1301204,0.283
13104,新宿三丁目,東京地下鉄,13号線副都心線,35.689884,139.704348,0,0.13
13104,新宿三丁目,東京地下鉄,4号線丸ノ内線,35.691182,139.704208,142867,0.058
13104,新宿三丁目,東京都,10号線新宿線,35.690851,139.706526,68174,0.189
13104,新宿御苑前,東京地下鉄,4号線丸ノ内線,35.688516,139.710903,47369,0.168
13104,新宿西口,東京都,12号線大江戸線,35.693169,139.699166,51581,0.313
13104,早稲田,東京地下鉄,5号線東西線,35.70568,139.72219,76014,0.045
13104,早稲田,東京都,荒川線,35.711883,139.719036,3179,0.229
13104,曙橋,東京都,10号線新宿線,35.692332,139.722576,35291,0.136
13104,東新宿,東京地下鉄,13号線副都心線,35.699843,139.707856,39476,0.262
13104,東新宿,東京都,12号線大江戸線,35.697909,139.707685,35979,0.313
13104,江戸川橋,東京地下鉄,8号線有楽町線,35.709305,139.73412,48975,0.226
13104,牛込柳町,東京都,12号線大江戸線,35.69946,139.725194,19728,0.108
13104,牛込神楽坂,東京都,12号線大江戸線,35.700924,139.736052,13232,0.118
13104,神楽坂,東京地下鉄,5号線東西線,35.703868,139.734528,38583,0.188
13104,若松河田,東京都,12号線大江戸線,35.699164,139.718177,27802,0.135
13104,西新宿,東京地下鉄,4号線丸ノ内線,35.694511,139.692557,77992,0.141
13104,西早稲田,東京地下鉄,13号線副都心線,35.707992,139.709158,35647,0.358
13104,西武新宿,西武鉄道,新宿線,35.696166,139.700089,143181,0.139
13104,都庁前,東京都,12号線大江戸線,35.69059,139.692621,46002,0.148
13104,面影橋,東京都,荒川線,35.712859,139.71468,822,0.117
13104,飯田橋,東京地下鉄,7号線南北線,35.701324,139.743615,0,0.059
13104,飯田橋,東京地下鉄,8号線有楽町線,35.701278,139.74319,0,0.056
13104,飯田橋,東京都,12号線大江戸線,35.703241,139.74618,27039,0.229
13104,飯田橋,東日本旅客鉄道,中央線,35.700163,139.743648,132038,0.075
13104,高田馬場,東京地下鉄,5号線東西線,35.713277,139.705045,167360,0.225
13104,高田馬場,東日本旅客鉄道,山手線,35.712911,139.703844,351420,0.317
13104,高田馬場,西武鉄道,新宿線,35.712476,139.703994,264763,0.276
13105,千石,東京都,6号線三田線,35.727963,139.744742,30408,0.258
13105,後楽園,東京地下鉄,7号線南北線,35.708381,139.75178,0,0.216
13105,後楽園,東京地下鉄,4号線丸ノ内線,35.707318,139.750857,99051,0.152
13105,御茶ノ水,東京地下鉄,4号線丸ノ内線,35.700436,139.764419,51922,0.11
13105,春日,東京都,6号線三田線,35.709949,139.753239,67327,0.189
13105,春日,東京都,12号線大江戸線,35.708503,139.752166,0,0.252
13105,本郷三丁目,東京地下鉄,4号線丸ノ内線,35.706761,139.760098,49496,0.253
13105,本郷三丁目,東京都,12号線大江戸線,35.707562,139.760599,20607,0.349
13105,本駒込,東京地下鉄,7号線南北線,35.724357,139.753819,20191,0.247
13105,東大前,東京地下鉄,7号線南北線,35.718062,139.757824,25870,0.242
13105,根津,東京地下鉄,9号線千代田線,35.717336,139.76577,26589,0.135
13105,水道橋,東京都,6号線三田線,35.703642,139.755127,44674,0.186
13105,白山,東京都,6号線三田線,35.721326,139.752209,45428,0.286
13105,茗荷谷,東京地下鉄,4号線丸ノ内線,35.717197,139.736888,76244,0.232
13105,護国寺,東京地下鉄,8号線有楽町線,35.719183,139.727447,39316,0.074
13106,三ノ輪,東京地下鉄,2号線日比谷線,35.729287,139.791155,43935,0.192
13106,上野,東京地下鉄,3号線銀座線,35.711831,139.77562,0,0.29
13106,上野,東京地下鉄,2号線日比谷線,35.711517,139.777057,180282,0.234
13106,上野,東日本旅客鉄道,東北線,35.714322,139.777308,0,0.247
13106,上野,東日本旅客鉄道,東北線,35.713869,139.777508,0,0.265
13106,上野,東日本旅客鉄道,東北線,35.713225,139.775856,0,0.313
13106,上野,東日本旅客鉄道,東北新幹線,35.713312,139.777379,0,0.286
13106,上野,東日本旅客鉄道,東北線,35.713399,139.776199,325110,0.321
13106,上野動物園東園,東京都,上野懸垂線,35.715751,139.770083,0,0.082
13106,上野動物園西園,東京都,上野懸垂線,35.714305,139.769697,0,0.176
13106,上野広小路,東京地下鉄,3号線銀座線,35.707754,139.77298,23792,0.165
13106,上野御徒町,東京都,12号線大江戸線,35.707963,139.773066,52906,0.15
13106,京成上野,京成電鉄,本線,35.711308,139.773495,45083,0.216
13106,仲御徒町,東京地下鉄,2号線日比谷線,35.706656,139.776199,39625,0.182
13106,入谷,東京地下鉄,2号線日比谷線,35.720577,139.78446,36239,0.134
13106,千駄木,東京地下鉄,9号線千代田線,35.725733,139.763303,27607,0.231
13106,御徒町,東日本旅客鉄道,東北線,35.707196,139.774718,121704,0.23
13106,新御徒町,東京都,12号線大江戸線,35.707005,139.781907,54204,0.171
13106,新御徒町,首都圏新都市鉄道,常磐新線,35.706883,139.782357,42900,0.134
13106,日暮里,東日本旅客鉄道,東北線,35.727205,139.771113,0,0.224
13106,浅草,東京地下鉄,3号線銀座線,35.710751,139.797764,101926,0.159
13106,浅草,東京都,1号線浅草線,35.708991,139.796605,56120,0.081
13106,浅草,東武鉄道,伊勢崎線,35.711866,139.798386,38346,0.1
13106,浅草,東武鉄道,伊勢崎線,35.711988,139.798322,0,0.101
13106,浅草,首都圏新都市鉄道,常磐新線,35.713922,139.792464,22400,0.25
13106,浅草橋,東京都,1号線浅草線,35.697595,139.786456,57015,0.173
13106,浅草橋,東日本旅客鉄道,総武線,35.697386,139.784482,96108,0.004
13106,湯島,東京地下鉄,9号線千代田線,35.706813,139.769998,35983,0.127
13106,田原町,東京地下鉄,3号線銀座線,35.709914,139.790297,33290,0.089
13106,稲荷町,東京地下鉄,3号線銀座線,35.711378,139.782207,17533,0.194
13106,蔵前,東京都,12号線大江戸線,35.705506,139.792249,34226,0.163
13106,蔵前,東京都,1号線浅草線,35.703154,139.790854,39247,0.14
13106,鶯谷,東日本旅客鉄道,東北線,35.721448,139.778044,46468,0.101
13107,とうきょうスカイツリー,東武鉄道,伊勢崎線,35.710472,139.809394,0,0.282
13107,両国,東京都,12号線大江戸線,35.696776,139.797442,32005,0.132
13107,両国,東日本旅客鉄道,総武線,35.695765,139.793365,68830,0.215
13107,京成曳舟,京成電鉄,押上線,35.718643,139.820294,18818,0.186
13107,八広,京成電鉄,押上線,35.727202,139.82832,13264,0.137
13107,小村井,東武鉄道,亀戸線,35.710333,139.827611,10765,0.197
13107,押上,京成電鉄,押上線,35.710228,139.812419,209421,0.141
13107,押上,東京地下鉄,11号線半蔵門線,35.708468,139.81375,174863,0.116
13107,押上,東京都,1号線浅草線,35.710228,139.812419,0,0.141
13107,押上,東武鉄道,伊勢崎線,35.708468,139.81375,174863,0.116
13107,曳舟,東武鉄道,伊勢崎線,35.718515,139.816675,28309,0.048
13107,曳舟,東武鉄道,亀戸線,35.718515,139.816675,0,0.048
13107,本所吾妻橋,東京都,1号線浅草線,35.70859,139.804566,20350,0.148
13107,東あずま,東武鉄道,亀戸線,35.707388,139.831581,7504,0.252
13107,東向島,東武鉄道,伊勢崎線,35.724357,139.819329,18155,0.191
13107,菊川,東京都,10号線新宿線,35.688394,139.806132,23140,0.112
13107,錦糸町,東京地下鉄,11号線半蔵門線,35.697438,139.814973,100039,0.137
13107,錦糸町,東日本旅客鉄道,総武線,35.696724,139.814329,187830,0.196
13107,鐘ヶ淵,東武鉄道,伊勢崎線,35.733763,139.82038,12297,0.324
13108,テレコムセンター,ゆりかもめ,東京臨海新交通臨海線,35.617727,139.779654,8505,0.257
13108,亀戸,東日本旅客鉄道,総武線,35.697334,139.826624,105714,0.302
13108,亀戸,東武鉄道,亀戸線,35.697735,139.827204,24660,0.233
13108,亀戸水神,東武鉄道,亀戸線,35.699948,139.833384,4224,0.145
13108,住吉,東京地下鉄,11号線半蔵門線,35.688707,139.81566,52392,0.113
13108,住吉,東京都,10号線新宿線,35.688951,139.815745,39815,0.102
13108,南砂町,東京地下鉄,5号線東西線,35.668419,139.831688,58300,0.315
13108,国際展示場,東京臨海高速鉄道,臨海副都心線,35.634419,139.791691,67666,0.262
13108,大島,東京都,10号線新宿線,35.689771,139.834371,30671,0.217
13108,市場前,ゆりかもめ,東京臨海新交通臨海線,35.645684,139.785662,13997,0.118
13108,新木場,東京地下鉄,8号線有楽町線,35.645788,139.826603,91236,0.229
13108,新木場,東京臨海高速鉄道,臨海副都心線,35.645841,139.826603,56833,0.235
13108,新木場,東日本旅客鉄道,京葉線,35.645998,139.826839,134412,0.254
13108,新豊洲,ゆりかもめ,東京臨海新交通臨海線,35.648718,139.790125,11256,0.429
13108,有明,ゆりかもめ,東京臨海新交通臨海線,35.634558,139.793344,9242,0.362
13108,有明テニスの森,ゆりかもめ,東京臨海新交通臨海線,35.639982,139.788902,8148,0.12
13108,木場,東京地下鉄,5号線東西線,35.66936,139.807119,69105,0.151
13108,東京ビッグサイト,ゆりかもめ,東京臨海新交通臨海線,35.630198,139.791305,19352,0.493
13108,東大島,東京都,10号線新宿線,35.689893,139.847149,29477,0.128
13108,東陽町,東京地下鉄,5号線東西線,35.669604,139.817677,111204,0.26
13108,東雲,東京臨海高速鉄道,臨海副都心線,35.640836,139.804158,14078,0.168
13108,森下,東京都,10号線新宿線,35.688063,139.798193,70246,0.091
13108,森下,東京都,12号線大江戸線,35.687993,139.798214,0,0.089
13108,清澄白河,東京地下鉄,11号線半蔵門線,35.682119,139.799845,54925,0.025
13108,清澄白河,東京都,12号線大江戸線,35.682939,139.798665,38213,0.125
13108,潮見,東日本旅客鉄道,京葉線,35.658865,139.817162,29668,0.102
13108,西大島,東京都,10号線新宿線,35.689335,139.826324,26736,0.344
13108,豊洲,ゆりかもめ,東京臨海新交通臨海線,35.653705,139.795446,33957,0.297
13108,豊洲,東京地下鉄,8号線有楽町線,35.655152,139.796004,202030,0.292
13108,越中島,東日本旅客鉄道,京葉線,35.667983,139.792485,10442,0.169
13108,辰巳,東京地下鉄,8号線有楽町線,35.645771,139.810338,27148,0.293
13108,門前仲町,東京地下鉄,5号線東西線,35.671888,139.796112,101848,0.077
13108,門前仲町,東京都,12号線大江戸線,35.672759,139.795103,75746,0.067
13108,青海,ゆりかもめ,東京臨海新交通臨海線,35.624809,139.781327,1483,0.237
13109,下神明,東急電鉄,大井町線,35.608708,139.72631,8823,0.215
13109,不動前,東急電鉄,目黒線,35.625454,139.713199,28265,0.158
13109,中延,東京都,1号線浅草線,35.605167,139.713585,26456,0.215
13109,中延,東急電鉄,大井町線,35.605708,139.712555,20487,0.145
13109,五反田,東京都,1号線浅草線,35.627111,139.724185,56569,0.215
13109,五反田,東急電鉄,池上線,35.625001,139.724035,93047,0.098
13109,五反田,東日本旅客鉄道,山手線,35.626408,139.723406,215278,0.212
13109,北品川,京浜急行電鉄,本線,35.622419,139.739313,8531,0.065
13109,台場,ゆりかもめ,東京臨海新交通臨海線,35.625855,139.771371,20606,0.403
13109,品川シーサイド,東京臨海高速鉄道,臨海副都心線,35.60979,139.749784,33688,0.135
13109,大井町,東京臨海高速鉄道,臨海副都心線,35.6074,139.734356,68116,0.237
13109,大井町,東急電鉄,大井町線,35.607696,139.734142,112975,0.25
13109,大井町,東日本旅客鉄道,東海道線,35.606824,139.734979,168378,0.19
13109,大井競馬場前,東京モノレール,東京モノレール羽田線,35.59503,139.74721,10404,0.452
13109,大崎,東京臨海高速鉄道,臨海副都心線,35.61975,139.727898,0,0.148
13109,大崎,東日本旅客鉄道,山手線,35.619942,139.728241,375884,0.113
13109,大崎広小路,東急電鉄,池上線,35.622314,139.722362,7045,0.224
13109,天王洲アイル,東京モノレール,東京モノレール羽田線,35.622873,139.7509,22754,0.169
13109,天王洲アイル,東京臨海高速鉄道,臨海副都心線,35.620727,139.750879,30082,0.138
13109,戸越,東京都,1号線浅草線,35.614413,139.716375,20035,0.097
13109,戸越公園,東急電鉄,大井町線,35.608935,139.718392,12977,0.132
13109,戸越銀座,東急電鉄,池上線,35.616,139.715002,18702,0.131
13109,新馬場,京浜急行電鉄,本線,35.616576,139.741523,14577,0.18
13109,旗の台,東急電鉄,大井町線,35.604923,139.702213,0,0.207
13109,旗の台,東急電鉄,池上線,35.605132,139.703329,38032,0.226
13109,東京国際クルーズターミナル,ゆりかもめ,東京臨海新交通臨海線,35.621355,139.773109,2963,0.33
13109,武蔵小山,東急電鉄,目黒線,35.6205,139.704466,51900,0.104
13109,目黒,東京地下鉄,7号線南北線,35.632483,139.715645,0,0.169
13109,目黒,東京都,6号線三田線,35.632483,139.715645,0,0.169
13109,目黒,東急電鉄,目黒線,35.632483,139.715645,455428,0.169
13109,目黒,東日本旅客鉄道,山手線,35.632907,139.715881,181204,0.219
13109,立会川,京浜急行電鉄,本線,35.598502,139.738948,16820,0.23
13109,荏原中延,東急電鉄,池上線,35.609895,139.712019,12393,0.154
13109,荏原町,東急電鉄,大井町線,35.603806,139.707534,14734,0.154
13109,西大井,東日本旅客鉄道,東海道線,35.601712,139.721611,35376,0.23
13109,西小山,東急電鉄,目黒線,35.615442,139.698715,31458,0.151
13109,青物横丁,京浜急行電鉄,本線,35.609197,139.743154,34242,0.085
13109,鮫洲,京浜急行電鉄,本線,35.60508,139.742446,9468,0.201
13110,中目黒,東京地下鉄,2号線日比谷線,35.644114,139.698844,0,0.136
13110,中目黒,東急電鉄,東横線,35.644114,139.698844,363724,0.136
13110,大岡山,東急電鉄,大井町線,35.607051,139.684768,0,0.206
13110,大岡山,東急電鉄,目黒線,35.607173,139.684725,45216,0.205
13110,学芸大学,東急電鉄,東横線,35.628785,139.68524,70598,0.157
13110,池尻大橋,東急電鉄,田園都市線,35.650741,139.684746,60918,0.246
13110,洗足,東急電鉄,目黒線,35.610086,139.694102,13969,0.076
13110,祐天寺,東急電鉄,東横線,35.637174,139.690754,28970,0.202
13110,緑が丘,東急電鉄,大井町線,35.606475,139.679146,9786,0.29
13110,自由が丘,東急電鉄,大井町線,35.607382,139.668975,0,0.319
13110,都立大学,東急電鉄,東横線,35.617849,139.676442,45350,0.257
13110,駒場東大前,京王電鉄,井の頭線,35.658674,139.684081,34257,0.168
13111,下丸子,東急電鉄,東急多摩川線,35.571332,139.685497,30381,0.317
13111,久が原,東急電鉄,池上線,35.579447,139.685669,15247,0.307
13111,京急蒲田,京浜急行電鉄,空港線,35.561714,139.724314,0,0.197
13111,京急蒲田,京浜急行電鉄,本線,35.561714,139.724314,59288,0.197
13111,六郷土手,京浜急行電鉄,本線,35.540538,139.707577,15740,0.037
13111,北千束,東急電鉄,大井町線,35.606283,139.693265,7069,0.097
13111,千鳥町,東急電鉄,池上線,35.573007,139.69142,14744,0.251
13111,多摩川,東急電鉄,東横線,35.589638,139.668674,0,0.245
13111,多摩川,東急電鉄,東横線,35.589638,139.668696,16641,0.243
13111,多摩川,東急電鉄,東急多摩川線,35.589638,139.668696,0,0.243
13111,大森,東日本旅客鉄道,東海道線,35.588905,139.728134,156466,0.227
13111,大森海岸,京浜急行電鉄,本線,35.587579,139.735343,12949,0.249
13111,大森町,京浜急行電鉄,本線,35.572501,139.732018,20738,0.195
13111,大鳥居,京浜急行電鉄,空港線,35.552322,139.740214,28495,0.271
13111,天空橋,京浜急行電鉄,空港線,35.54822,139.754527,18262,0.386
13111,天空橋,東京モノレール,東京モノレール羽田線,35.548342,139.754591,11328,0.389
13111,平和島,京浜急行電鉄,本線,35.578673,139.734921,42038,0.244
13111,御嶽山,東急電鉄,池上線,35.585223,139.682386,22959,0.11
13111,整備場,東京モノレール,東京モノレール羽田線,35.555098,139.753346,1926,0.326
13111,新整備場,東京モノレール,東京モノレール羽田線,35.542825,139.786799,4167,0.774
13111,昭和島,東京モノレール,東京モノレール羽田線,35.570616,139.749913,5841,0.232
13111,梅屋敷,京浜急行電鉄,本線,35.566794,139.728177,15634,0.218
13111,武蔵新田,東急電鉄,東急多摩川線,35.567754,139.692428,24739,0.046
13111,池上,東急電鉄,池上線,35.57196,139.702814,34089,0.253
13111,沼部,東急電鉄,東急多摩川線,35.582484,139.673159,9937,0.262
13111,洗足池,東急電鉄,池上線,35.599689,139.690926,16529,0.24
13111,流通センター,東京モノレール,東京モノレール羽田線,35.581437,139.749184,15055,0.251
13111,田園調布,東急電鉄,東横線,35.597298,139.66728,29464,0.321
13111,田園調布,東急電鉄,目黒線,35.597298,139.66728,0,0.321
13111,矢口渡,東急電鉄,東急多摩川線,35.562447,139.700346,24574,0.112
13111,石川台,東急電鉄,池上線,35.596862,139.68509,14213,0.078
13111,穴守稲荷,京浜急行電鉄,空港線,35.550332,139.746673,19293,0.042
13111,糀谷,京浜急行電鉄,空港線,35.554452,139.729571,27152,0.111
13111,羽田空港第1ターミナル,東京モノレール,東京モノレール羽田線,35.549075,139.784632,21182,0.188
13111,羽田空港第1・第2ターミナル,京浜急行電鉄,空港線,35.549704,139.785855,101471,0.061
13111,羽田空港第2ターミナル,東京モノレール,東京モノレール羽田線,35.550804,139.788194,22945,0.189
13111,羽田空港第3ターミナル,京浜急行電鉄,空港線,35.544972,139.767058,32528,0.724
13111,羽田空港第3ターミナル,東京モノレール,東京モノレール羽田線,35.543843,139.768624,9756,0.891
13111,蒲田,東急電鉄,池上線,35.561784,139.714594,156965,0.234
13111,蒲田,東急電鉄,東急多摩川線,35.561644,139.714615,0,0.244
13111,蒲田,東日本旅客鉄道,東海道線,35.562482,139.716032,242214,0.223
13111,蓮沼,東急電鉄,池上線,35.563948,139.708607,7872,0.283
13111,西馬込,東京都,1号線浅草線,35.587317,139.706311,42045,0.232
13111,長原,東急電鉄,池上線,35.602218,139.697986,14415,0.143
13111,雑色,京浜急行電鉄,本線,35.549774,139.715023,29756,0.143
13111,雪が谷大塚,東急電鉄,池上線,35.591959,139.68112,21632,0.141
13111,馬込,東京都,1号線浅草線,35.596443,139.711847,25129,0.173
13111,鵜の木,東急電鉄,東急多摩川線,35.575381,139.680541,18846,0.19
13112,三軒茶屋,東急電鉄,田園都市線,35.643382,139.671249,186743,0.244
13112,三軒茶屋,東急電鉄,世田谷線,35.644097,139.669189,30839,0.129
13112,上北沢,京王電鉄,京王線,35.668855,139.62342,14265,0.213
13112,上町,東急電鉄,世田谷線,35.64358,139.646401,8814,0.325
13112,上野毛,東急電鉄,大井町線,35.611988,139.638934,21449,0.107
13112,下北沢,京王電鉄,井の頭線,35.66162,139.666572,107115,0.12
13112,下北沢,小田急電鉄,小田原線,35.661446,139.667344,118852,0.072
13112,下高井戸,京王電鉄,京王線,35.666129,139.642124,38890,0.213
13112,下高井戸,東急電鉄,世田谷線,35.665856,139.641573,16566,0.252
13112,世田谷,東急電鉄,世田谷線,35.643487,139.650843,7592,0.237
13112,世田谷代田,小田急電鉄,小田原線,35.65836,139.661615,9543,0.172
13112,九品仏,東急電鉄,大井町線,35.605376,139.660993,12440,0.26
13112,二子玉川,東急電鉄,大井町線,35.611453,139.626474,0,0.334
13112,二子玉川,東急電鉄,田園都市線,35.611453,139.626474,138041,0.334
13112,代田橋,京王電鉄,京王線,35.671069,139.659405,16941,0.146
13112,八幡山,京王電鉄,京王線,35.670075,139.614494,36715,0.346
13112,千歳烏山,京王電鉄,京王線,35.667844,139.600375,77686,0.196
13112,千歳船橋,小田急電鉄,小田原線,35.647672,139.624536,54215,0.234
13112,奥沢,東急電鉄,目黒線,35.603946,139.672408,11973,0.25
13112,宮の坂,東急電鉄,世田谷線,35.64755,139.644921,4002,0.259
13112,尾山台,東急電鉄,大井町線,35.606946,139.654126,30063,0.279
13112,山下,東急電鉄,世田谷線,35.654216,139.64643,7784,0.17
13112,成城学園前,小田急電鉄,小田原線,35.640139,139.599066,78145,0.211
13112,新代田,京王電鉄,井の頭線,35.662509,139.6614,8395,0.264
13112,明大前,京王電鉄,京王線,35.668367,139.650564,90831,0.249
13112,明大前,京王電鉄,井の頭線,35.669081,139.650371,0,0.284
13112,東北沢,小田急電鉄,小田原線,35.665438,139.67303,7599,0.297
13112,東松原,京王電鉄,井の頭線,35.662666,139.655693,14960,0.304
13112,松原,東急電鉄,世田谷線,35.660208,139.641895,3113,0.31
13112,松陰神社前,東急電鉄,世田谷線,35.643888,139.655006,9531,0.281
13112,桜上水,京王電鉄,京王線,35.667634,139.631467,34766,0.272
13112,桜新町,東急電鉄,田園都市線,35.63171,139.645357,65657,0.263
13112,梅ヶ丘,小田急電鉄,小田原線,35.656024,139.653547,31170,0.179
13112,池ノ上,京王電鉄,井の頭線,35.660382,139.67346,8719,0.256
13112,用賀,東急電鉄,田園都市線,35.626582,139.634256,63244,0.236
13112,祖師ヶ谷大蔵,小田急電鉄,小田原線,35.643277,139.609795,45932,0.148
13112,等々力,東急電鉄,大井町線,35.608359,139.647968,26931,0.237
13112,経堂,小田急電鉄,小田原線,35.651194,139.636681,79305,0.221
13112,自由が丘,東急電鉄,東横線,35.607278,139.668696,132419,0.319
13112,芦花公園,京王電鉄,京王線,35.670511,139.608271,13515,0.196
13112,若林,東急電鉄,世田谷線,35.645928,139.65992,7606,0.257
13112,西太子堂,東急電鉄,世田谷線,35.644533,139.666336,734,0.177
13112,豪徳寺,小田急電鉄,小田原線,35.653751,139.647074,26183,0.1
13112,駒沢大学,東急電鉄,田園都市線,35.633041,139.660971,71168,0.221
13113,代々木,東京都,12号線大江戸線,35.683775,139.701505,30760,0.233
13113,代々木,東日本旅客鉄道,山手線,35.683793,139.702213,0,0.192
13113,代々木,東日本旅客鉄道,中央線,35.683793,139.702213,109408,0.192
13113,代々木上原,小田急電鉄,小田原線,35.669012,139.679875,257017,0.205
13113,代々木上原,東京地下鉄,9号線千代田線,35.669012,139.679875,0,0.205
13113,代々木八幡,小田急電鉄,小田原線,35.669697,139.688973,18237,0.291
13113,代々木公園,東京地下鉄,9号線千代田線,35.669099,139.689789,27333,0.208
13113,代官山,東急電鉄,東横線,35.648247,139.7035,27591,0.198
13113,初台,京王電鉄,京王線,35.681422,139.688265,54828,0.255
13113,北参道,東京地下鉄,13号線副都心線,35.678227,139.705639,22635,0.248
13113,千駄ヶ谷,東日本旅客鉄道,中央線,35.681196,139.711525,33134,0.224
13113,南新宿,小田急電鉄,小田原線,35.683566,139.698651,3875,0.219
13113,原宿,東日本旅客鉄道,山手線,35.671295,139.702728,129970,0.234
13113,参宮橋,小田急電鉄,小田原線,35.678616,139.693587,12634,0.335
13113,幡ヶ谷,京王電鉄,京王線,35.676751,139.677708,29540,0.267
13113,広尾,東京地下鉄,2号線日比谷線,35.651508,139.722211,56837,0.263
13113,恵比寿,東京地下鉄,2号線日比谷線,35.647021,139.708643,98329,0.257
13113,恵比寿,東日本旅客鉄道,山手線,35.646678,139.710131,242206,0.194
13113,新宿,東京都,12号線大江戸線,35.687627,139.699359,0,0.239
13113,明治神宮前,東京地下鉄,13号線副都心線,35.66821,139.705238,0,0.274
13113,明治神宮前,東京地下鉄,9号線千代田線,35.669116,139.703929,96345,0.298
13113,渋谷,京王電鉄,井の頭線,35.658534,139.699745,285759,0.16
13113,渋谷,東京地下鉄,13号線副都心線,35.659098,139.702592,0,0.298
13113,渋谷,東京地下鉄,11号線半蔵門線,35.659458,139.701033,0,0.245
13113,渋谷,東京地下鉄,3号線銀座線,35.659092,139.702685,179645,0.29
13113,渋谷,東急電鉄,東横線,35.659098,139.702592,1036352,0.298
13113,渋谷,東急電鉄,田園都市線,35.659458,139.701033,0,0.245
13113,渋谷,東日本旅客鉄道,山手線,35.658052,139.701734,628118,0.286
13113,神泉,京王電鉄,井の頭線,35.657174,139.693136,10870,0.116
13113,笹塚,京王電鉄,京王線,35.673666,139.667172,70603,0.053
13113,西新宿五丁目,東京都,12号線大江戸線,35.68991,139.684682,31076,0.294
13114,中野,東京地下鉄,5号線東西線,35.705733,139.665606,0,0.346
13114,中野,東日本旅客鉄道,中央線,35.705733,139.665606,386657,0.346
13114,中野,東日本旅客鉄道,中央線,35.705959,139.665585,0,0.361
13114,中野,東日本旅客鉄道,中央線,35.705558,139.666078,0,0.3
13114,中野坂上,東京地下鉄,4号線丸ノ内線,35.69709,139.682193,70705,0.322
13114,中野坂上,東京地下鉄,4号線丸ノ内線分岐線,35.69709,139.682193,0,0.322
13114,中野坂上,東京都,12号線大江戸線,35.697874,139.682965,38114,0.273
13114,中野富士見町,東京地下鉄,4号線丸ノ内線分岐線,35.690834,139.668159,18372,0.291
13114,中野新橋,東京地下鉄,4号線丸ノ内線分岐線,35.691728,139.674039,19605,0.027
13114,富士見台,西武鉄道,池袋線,35.735853,139.629815,26662,0.312
13114,新中野,東京地下鉄,4号線丸ノ内線,35.697473,139.669511,32950,0.228
13114,新井薬師前,西武鉄道,新宿線,35.715786,139.672601,18903,0.217
13114,東中野,東京都,12号線大江戸線,35.707371,139.683244,24189,0.2
13114,東中野,東日本旅客鉄道,中央線,35.706238,139.68509,71610,0.285
13114,沼袋,西武鉄道,新宿線,35.719166,139.664855,17330,0.132
13114,落合,東京地下鉄,5号線東西線,35.710646,139.685948,25129,0.198
13114,都立家政,西武鉄道,新宿線,35.722197,139.645436,17185,0.14
13114,野方,西武鉄道,新宿線,35.719566,139.653525,22400,0.185
13114,鷺ノ宮,西武鉄道,新宿線,35.722615,139.639857,29582,0.227
13115,下井草,西武鉄道,新宿線,35.723869,139.624729,21827,0.367
13115,久我山,京王電鉄,井の頭線,35.688132,139.599323,37302,0.337
13115,井荻,西武鉄道,新宿線,35.724671,139.61561,17843,0.304
13115,南阿佐ヶ谷,東京地下鉄,4号線丸ノ内線,35.699442,139.635565,26654,0.3
13115,富士見ヶ丘,京王電鉄,井の頭線,35.684821,139.607198,12575,0.414
13115,新高円寺,東京地下鉄,4号線丸ノ内線,35.697857,139.648526,34052,0.312
13115,方南町,東京地下鉄,4号線丸ノ内線分岐線,35.683514,139.657946,38148,0.031
13115,東高円寺,東京地下鉄,4号線丸ノ内線,35.697961,139.65831,31918,0.196
13115,永福町,京王電鉄,井の頭線,35.676228,139.642668,29479,0.288
13115,浜田山,京王電鉄,井の頭線,35.681562,139.627562,26853,0.136
13115,荻窪,東京地下鉄,4号線丸ノ内線,35.704165,139.619772,82039,0.239
13115,荻窪,東日本旅客鉄道,中央線,35.704426,139.620245,160004,0.284
13115,西永福,京王電鉄,井の頭線,35.678878,139.635158,17087,0.324
13115,西荻窪,東日本旅客鉄道,中央線,35.703781,139.599452,83258,0.238
13115,阿佐ヶ谷,東日本旅客鉄道,中央線,35.704879,139.635844,80642,0.299
13115,高井戸,京王電鉄,井の頭線,35.68327,139.615223,37317,0.399
13115,高円寺,東日本旅客鉄道,中央線,35.705332,139.649706,92138,0.247
13116,下板橋,東武鉄道,東上本線,35.745084,139.715552,15274,0.219
13116,北池袋,東武鉄道,東上本線,35.74033,139.716375,9819,0.232
13116,千川,東京地下鉄,8号線有楽町線,35.738187,139.689403,37251,0.075
13116,千川,東京地下鉄,13号線副都心線,35.738187,139.689403,0,0.075
13116,向原,東京都,荒川線,35.728764,139.724808,1460,0.207
13116,大塚,東日本旅客鉄道,山手線,35.731778,139.727941,104504,0.185
13116,大塚駅前,東京都,荒川線,35.731621,139.729464,7990,0.238
13116,学習院下,東京都,荒川線,35.715751,139.712298,1716,0.123
13116,巣鴨,東京都,6号線三田線,35.733781,139.738047,85434,0.145
13116,巣鴨,東日本旅客鉄道,山手線,35.733711,139.740365,131550,0.117
13116,巣鴨新田,東京都,荒川線,35.735157,139.727898,1180,0.192
13116,庚申塚,東京都,荒川線,35.739128,139.729571,2450,0.129
13116,新大塚,東京地下鉄,4号線丸ノ内線,35.726134,139.729357,25095,0.248
13116,新庚申塚,東京都,荒川線,35.741096,139.730365,2649,0.194
13116,東池袋,東京地下鉄,8号線有楽町線,35.725942,139.718864,42748,0.354
13116,東池袋四丁目,東京都,荒川線,35.725507,139.720752,3743,0.214
13116,東長崎,西武鉄道,池袋線,35.729966,139.68318,24858,0.21
13116,椎名町,西武鉄道,池袋線,35.7265,139.694316,18897,0.221
13116,池袋,東京地下鉄,13号線副都心線,35.731481,139.707727,0,0.203
13116,池袋,東京地下鉄,8号線有楽町線,35.729182,139.710882,0,0.18
13116,池袋,東京地下鉄,4号線丸ノ内線,35.730332,139.711161,500694,0.163
13116,池袋,東日本旅客鉄道,赤羽線,35.730192,139.711332,0,0.178
13116,池袋,東日本旅客鉄道,山手線,35.73028,139.711096,979866,0.157
13116,池袋,東武鉄道,東上本線,35.731168,139.711182,408382,0.195
13116,池袋,西武鉄道,池袋線,35.727667,139.710817,419228,0.046
13116,目白,東日本旅客鉄道,山手線,35.720403,139.70629,65746,0.309
13116,落合南長崎,東京都,12号線大江戸線,35.723347,139.683509,25931,0.263
13116,西ヶ原四丁目,東京都,荒川線,35.744231,139.732683,2515,0.236
13116,西巣鴨,東京都,6号線三田線,35.743412,139.728734,28375,0.149
13116,要町,東京地下鉄,8号線有楽町線,35.733206,139.698479,38864,0.279
13116,要町,東京地下鉄,13号線副都心線,35.733206,139.698479,0,0.279
13116,都電雑司ヶ谷,東京都,荒川線,35.724078,139.717834,1067,0.246
13116,雑司が谷,東京地下鉄,13号線副都心線,35.720211,139.714723,18916,0.097
13116,駒込,東京地下鉄,7号線南北線,35.735906,139.746909,36384,0.232
13116,駒込,東日本旅客鉄道,山手線,35.736864,139.748046,85438,0.13
13116,鬼子母神前,東京都,荒川線,35.720577,139.715152,2564,0.103
13117,上中里,東日本旅客鉄道,東北線,35.746565,139.746888,13790,0.227
13117,北赤羽,東日本旅客鉄道,東北線,35.786987,139.705839,35908,0.236
13117,十条,東日本旅客鉄道,赤羽線,35.760391,139.722233,66724,0.186
13117,尾久,東日本旅客鉄道,東北線,35.746477,139.754655,20306,0.157
13117,志茂,東京地下鉄,7号線南北線,35.778028,139.732511,14514,0.243
13117,東十条,東日本旅客鉄道,東北線,35.763891,139.726696,44082,0.223
13117,栄町,東京都,荒川線,35.750849,139.74221,789,0.184
13117,梶原,東京都,荒川線,35.751075,139.747317,2628,0.143
13117,滝野川一丁目,東京都,荒川線,35.747296,139.735408,1610,0.064
13117,王子,東京地下鉄,7号線南北線,35.754534,139.737411,57821,0.229
13117,王子,東日本旅客鉄道,東北線,35.752329,139.738219,113878,0.121
13117,王子神谷,東京地下鉄,7号線南北線,35.765284,139.735644,34794,0.057
13117,王子駅前,東京都,荒川線,35.752729,139.738219,9239,0.096
13117,田端,東日本旅客鉄道,山手線,35.737473,139.761586,78462,0.143
13117,田端,東日本旅客鉄道,東北線,35.737473,139.761586,0,0.143
13117,西ヶ原,東京地下鉄,7号線南北線,35.745938,139.742253,8735,0.197
13117,赤羽,東日本旅客鉄道,東北線,35.77754,139.721231,183284,0.206
13117,赤羽,東日本旅客鉄道,赤羽線,35.777714,139.720838,0,0.174
13117,赤羽,東日本旅客鉄道,東北線,35.777714,139.720838,0,0.174
13117,赤羽岩淵,埼玉高速鉄道,埼玉高速鉄道線,35.783354,139.722126,0,0.257
13117,赤羽岩淵,東京地下鉄,7号線南北線,35.783354,139.722126,89097,0.257
13117,飛鳥山,東京都,荒川線,35.750065,139.737318,993,0.292
13118,三ノ輪橋,東京都,荒川線,35.732213,139.79152,3266,0.153
13118,三河島,東日本旅客鉄道,常磐線,35.733397,139.777057,23000,0.278
13118,南千住,東京地下鉄,2号線日比谷線,35.732318,139.798772,31318,0.307
13118,南千住,東日本旅客鉄道,常磐線,35.734762,139.799881,33132,0.147
13118,南千住,首都圏新都市鉄道,常磐新線,35.732979,139.798965,12500,0.3
13118,宮ノ前,東京都,荒川線,35.749891,139.765749,3101,0.231
13118,小台,東京都,荒川線,35.750483,139.761736,3186,0.242
13118,新三河島,京成電鉄,本線,35.737264,139.774053,5696,0.234
13118,日暮里,京成電鉄,本線,35.728015,139.7715,94963,0.268
13118,日暮里,東京都,日暮里・舎人ライナー,35.728799,139.771156,52085,0.178
13118,日暮里,東日本旅客鉄道,常磐線,35.727876,139.771328,204286,0.281
13118,日暮里,東日本旅客鉄道,東北線,35.727876,139.771328,0,0.281
13118,東尾久三丁目,東京都,荒川線,35.745624,139.773839,1563,0.149
13118,熊野前,東京都,日暮里・舎人ライナー,35.748236,139.769912,8715,0.212
13118,熊野前,東京都,荒川線,35.749177,139.769289,3923,0.235
13118,町屋,京成電鉄,本線,35.742315,139.78152,19043,0.102
13118,町屋,東京地下鉄,9号線千代田線,35.742071,139.78004,59032,0.205
13118,町屋二丁目,東京都,荒川線,35.743917,139.776435,775,0.213
13118,町屋駅前,東京都,荒川線,35.742768,139.780791,8555,0.184
13118,荒川一中前,東京都,荒川線,35.733694,139.788795,699,0.208
13118,荒川七丁目,東京都,荒川線,35.742002,139.784031,473,0.168
13118,荒川二丁目,東京都,荒川線,35.738588,139.784675,845,0.172
13118,荒川区役所前,東京都,荒川線,35.735366,139.786005,1689,0.101
13118,荒川車庫前,東京都,荒川線,35.750866,139.75281,3350,0.186
13118,荒川遊園地前,東京都,荒川線,35.750657,139.757488,2207,0.219
13118,西日暮里,東京地下鉄,9号線千代田線,35.73237,139.766886,151039,0.147
13118,西日暮里,東京都,日暮里・舎人ライナー,35.733694,139.768131,31946,0.094
13118,西日暮里,東日本旅客鉄道,東北線,35.732074,139.766779,176278,0.17
13118,赤土小学校前,東京都,日暮里・舎人ライナー,35.743064,139.769118,5317,0.217
13119,ときわ台,東武鉄道,東上本線,35.758911,139.68878,41939,0.242
13119,上板橋,東武鉄道,東上本線,35.763612,139.676206,48520,0.246
13119,下赤塚,東武鉄道,東上本線,35.770489,139.644856,14664,0.224
13119,中板橋,東武鉄道,東上本線,35.756282,139.694381,26869,0.333
13119,地下鉄成増,東京地下鉄,8号線有楽町線,35.776739,139.631166,47806,0.161
13119,地下鉄赤塚,東京地下鉄,8号線有楽町線,35.769967,139.643998,39180,0.273
13119,大山,東武鉄道,東上本線,35.748393,139.702663,46657,0.237
13119,志村三丁目,東京都,6号線三田線,35.777471,139.685862,29443,0.09
13119,志村坂上,東京都,6号線三田線,35.776339,139.694724,28843,0.267
13119,成増,東武鉄道,東上本線,35.777558,139.632926,51425,0.233
13119,新板橋,東京都,6号線三田線,35.748828,139.719379,28249,0.217
13119,新高島平,東京都,6号線三田線,35.790213,139.654319,9044,0.257
13119,本蓮沼,東京都,6号線三田線,35.768992,139.702106,23943,0.208
13119,板橋,東日本旅客鉄道,赤羽線,35.744997,139.719186,63704,0.257
13119,板橋区役所前,東京都,6号線三田線,35.751319,139.710045,33494,0.344
13119,板橋本町,東京都,6号線三田線,35.761105,139.705603,35317,0.269
13119,浮間舟渡,東日本旅客鉄道,東北線,35.791303,139.69142,42462,0.281
13119,蓮根,東京都,6号線三田線,35.784051,139.67906,18624,0.272
13119,西台,東京都,6号線三田線,35.787079,139.672666,24284,0.433
13119,西高島平,東京都,6号線三田線,35.791883,139.645693,12229,0.325
13119,高島平,東京都,6号線三田線,35.788942,139.661293,26750,0.22
13120,上井草,西武鉄道,新宿線,35.725245,139.60295,18132,0.302
13120,上石神井,西武鉄道,新宿線,35.726186,139.592307,39751,0.257
13120,中村橋,西武鉄道,池袋線,35.736672,139.637153,37326,0.225
13120,光が丘,東京都,12号線大江戸線,35.758476,139.629235,54950,0.249
13120,大泉学園,西武鉄道,池袋線,35.749333,139.586792,78557,0.466
13120,小竹向原,東京地下鉄,8号線有楽町線,35.743395,139.679511,301371,0.263
13120,小竹向原,東京地下鉄,13号線副都心線,35.743395,139.679511,0,0.263
13120,小竹向原,西武鉄道,西武有楽町線,35.743395,139.679511,0,0.263
13120,平和台,東京地下鉄,8号線有楽町線,35.757553,139.654298,41269,0.231
13120,新桜台,西武鉄道,西武有楽町線,35.741044,139.668632,9386,0.244
13120,新江古田,東京都,12号線大江戸線,35.732474,139.670563,27685,0.166
13120,東武練馬,東武鉄道,東上本線,35.768661,139.662538,54406,0.266
13120,桜台,西武鉄道,池袋線,35.738745,139.662387,14704,0.193
13120,武蔵関,西武鉄道,新宿線,35.727614,139.576364,28819,0.272
13120,氷川台,東京地下鉄,8号線有楽町線,35.74963,139.665477,36844,0.297
13120,江古田,西武鉄道,池袋線,35.737473,139.672794,30837,0.319
13120,石神井公園,西武鉄道,池袋線,35.743639,139.606555,74675,0.211
13120,練馬,東京都,12号線大江戸線,35.737316,139.654555,74420,0.196
13120,練馬,西武鉄道,西武有楽町線,35.737943,139.654448,0,0.129
13120,練馬,西武鉄道,池袋線,35.737943,139.654448,116257,0.129
13120,練馬,西武鉄道,豊島線,35.737943,139.654448,0,0.129
13120,練馬春日町,東京都,12号線大江戸線,35.751354,139.640758,21703,0.22
13120,練馬高野台,西武鉄道,池袋線,35.740626,139.616833,25409,0.206
13120,豊島園,東京都,12号線大江戸線,35.741601,139.649212,13526,0.11
13120,豊島園,西武鉄道,豊島線,35.742036,139.648011,14849,0.137
13121,五反野,東武鉄道,伊勢崎線,35.76591,139.80963,34729,0.226
13121,京成関屋,京成電鉄,本線,35.74397,139.811862,23003,0.308
13121,六町,首都圏新都市鉄道,常磐新線,35.784782,139.821796,32300,0.144
13121,北千住,東京地下鉄,2号線日比谷線,35.749908,139.805596,0,0.182
13121,北千住,東京地下鉄,9号線千代田線,35.749212,139.804394,232109,0.223
13121,北千住,東日本旅客鉄道,常磐線,35.748846,139.804652,387496,0.226
13121,北千住,東武鉄道,伊勢崎線,35.749908,139.805596,401218,0.182
13121,北千住,首都圏新都市鉄道,常磐新線,35.749873,139.805167,100600,0.211
13121,北綾瀬,東京地下鉄,9号線千代田線,35.776896,139.832096,40648,0.135
13121,千住大橋,京成電鉄,本線,35.742402,139.797056,15863,0.175
13121,堀切,東武鉄道,伊勢崎線,35.743343,139.817376,4041,0.325
13121,大師前,東武鉄道,大師線,35.77895,139.781649,12557,0.161
13121,小菅,東武鉄道,伊勢崎線,35.758685,139.812634,5956,0.194
13121,扇大橋,東京都,日暮里・舎人ライナー,35.764135,139.770856,9913,0.365
13121,梅島,東武鉄道,伊勢崎線,35.772352,139.798064,34181,0.239
13121,江北,東京都,日暮里・舎人ライナー,35.773797,139.770362,12626,0.288
13121,牛田,東武鉄道,伊勢崎線,35.744544,139.811776,20499,0.319
13121,竹ノ塚,東武鉄道,伊勢崎線,35.794372,139.790726,65257,0.204
13121,綾瀬,東京地下鉄,9号線千代田線,35.762272,139.824886,372622,0.238
13121,綾瀬,東日本旅客鉄道,常磐線,35.762167,139.824951,0,0.245
13121,舎人,東京都,日暮里・舎人ライナー,35.805719,139.770126,9145,0.178
13121,舎人公園,東京都,日暮里・舎人ライナー,35.796652,139.770126,4819,0.235
13121,西新井,東武鉄道,伊勢崎線,35.777279,139.790361,61612,0.223
13121,西新井,東武鉄道,大師線,35.777279,139.790361,0,0.223
13121,西新井大師西,東京都,日暮里・舎人ライナー,35.781144,139.770126,11848,0.146
13121,見沼代親水公園,東京都,日暮里・舎人ライナー,35.814594,139.770706,13251,0.31
13121,谷在家,東京都,日暮里・舎人ライナー,35.788681,139.770083,10579,0.183
13121,足立小台,東京都,日暮里・舎人ライナー,35.754645,139.770212,3596,0.15
13121,青井,首都圏新都市鉄道,常磐新線,35.772004,139.820251,12900,0.095
13121,高野,東京都,日暮里・舎人ライナー,35.768244,139.770727,6208,0.237
13122,お花茶屋,京成電鉄,本線,35.747627,139.839885,31424,0.157
13122,亀有,東日本旅客鉄道,常磐線,35.76652,139.847567,77840,0.13
13122,京成立石,京成電鉄,押上線,35.738187,139.848146,33675,0.161
13122,京成金町,京成電鉄,金町線,35.768452,139.870355,22905,0.184
13122,京成高砂,京成電鉄,金町線,35.750866,139.866579,0,0.217
13122,京成高砂,京成電鉄,本線,35.750866,139.866579,97368,0.217
13122,京成高砂,京成電鉄,成田空港線,35.750866,139.866579,0,0.217
13122,京成高砂,北総鉄道,北総線,35.750866,139.866579,0,0.217
13122,四ツ木,京成電鉄,押上線,35.731708,139.83465,17398,0.176
13122,堀切菖蒲園,京成電鉄,本線,35.747662,139.827547,21209,0.302
13122,新小岩,東日本旅客鉄道,総武線,35.716779,139.857652,141472,0.37
13122,新柴又,北総鉄道,北総線,35.751354,139.879839,5070,0.347
13122,柴又,京成電鉄,金町線,35.756438,139.875269,8453,0.319
13122,金町,東日本旅客鉄道,常磐線,35.769497,139.870398,95976,0.184
13122,青砥,京成電鉄,押上線,35.745868,139.856279,0,0.287
13122,青砥,京成電鉄,本線,35.745868,139.856279,46937,0.287
13123,一之江,東京都,10号線新宿線,35.685954,139.882886,41531,0.089
13123,京成小岩,京成電鉄,本線,35.742211,139.883616,17629,0.271
13123,小岩,東日本旅客鉄道,総武線,35.733328,139.881856,116612,0.341
13123,平井,東日本旅客鉄道,総武線,35.706447,139.842396,59946,0.126
13123,江戸川,京成電鉄,本線,35.737856,139.895761,5964,0.126
13123,瑞江,東京都,10号線新宿線,35.693395,139.897821,52849,0.228
13123,篠崎,東京都,10号線新宿線,35.706116,139.903872,38263,0.211
13123,船堀,東京都,10号線新宿線,35.683793,139.863853,56792,0.272
13123,葛西,東京地下鉄,5号線東西線,35.663625,139.872522,95955,0.299
13123,葛西臨海公園,東日本旅客鉄道,京葉線,35.644184,139.861493,27292,0.249
13123,西葛西,東京地下鉄,5号線東西線,35.664566,139.859583,94293,0.154
13201,めじろ台,京王電鉄,高尾線,35.643626,139.308465,14132,0.279
13201,中央大学・明星大学,多摩都市モノレール,多摩都市モノレール線,35.6419,139.408715,26002,0.586
13201,京王八王子,京王電鉄,京王線,35.658087,139.342933,48379,0.225
13201,京王堀之内,京王電鉄,相模原線,35.624477,139.400325,28572,0.369
13201,京王片倉,京王電鉄,高尾線,35.644359,139.33696,5068,0.563
13201,八王子,東日本旅客鉄道,中央線,35.6555,139.338827,151038,0.075
13201,八王子,東日本旅客鉄道,八高線,35.6555,139.338827,0,0.075
13201,八王子,東日本旅客鉄道,横浜線,35.655047,139.340243,0,0.21
13201,八王子みなみ野,東日本旅客鉄道,横浜線,35.631297,139.330974,33886,0.18
13201,北八王子,東日本旅客鉄道,八高線,35.66929,139.363396,13920,0.464
13201,北野,京王電鉄,京王線,35.644481,139.354169,20230,0.489
13201,北野,京王電鉄,高尾線,35.644481,139.354169,0,0.489
13201,南大沢,京王電鉄,相模原線,35.614081,139.379833,53668,0.632
13201,大塚・帝京大学,多摩都市モノレール,多摩都市モノレール線,35.63686,139.41644,8240,0.36
13201,小宮,東日本旅客鉄道,八高線,35.685919,139.368417,5286,0.36
13201,山田,京王電鉄,高尾線,35.644359,139.32076,5002,0.481
13201,松が谷,多摩都市モノレール,多摩都市モノレール線,35.631785,139.42204,2483,0.364
13201,清滝,高尾登山電鉄,高尾鋼索線,35.631088,139.266686,1561,0.787
13201,片倉,東日本旅客鉄道,横浜線,35.639668,139.341166,10064,0.609
13201,狭間,京王電鉄,高尾線,35.640592,139.293637,7718,0.532
13201,西八王子,東日本旅客鉄道,中央線,35.656268,139.312005,58406,0.306
13201,長沼,京王電鉄,京王線,35.642772,139.365885,3692,0.182
13201,高尾,京王電鉄,高尾線,35.641656,139.281707,23272,0.727
13201,高尾,東日本旅客鉄道,中央線,35.642371,139.282629,49810,0.785
13201,高尾山,高尾登山電鉄,高尾鋼索線,35.63107,139.256065,1561,0.277
13201,高尾山口,京王電鉄,高尾線,35.632378,139.269819,10316,0.581
13202,柴崎体育館,多摩都市モノレール,多摩都市モノレール線,35.689805,139.409273,4077,0.282
13202,武蔵砂川,西武鉄道,拝島線,35.728816,139.392343,11760,0.2
13202,泉体育館,多摩都市モノレール,多摩都市モノレール線,35.718852,139.419572,6180,0.193
13202,玉川上水,多摩都市モノレール,多摩都市モノレール線,35.732161,139.417748,23740,0.364
13202,玉川上水,西武鉄道,拝島線,35.731708,139.418778,38665,0.374
13202,砂川七番,多摩都市モノレール,多摩都市モノレール線,35.723381,139.418092,4690,0.373
13202,立川,東日本旅客鉄道,青梅線,35.698275,139.414165,0,0.286
13202,立川,東日本旅客鉄道,中央線,35.697752,139.413779,0,0.354
13202,立川,東日本旅客鉄道,青梅線,35.698013,139.413779,0,0.328
13202,立川,東日本旅客鉄道,中央線,35.698013,139.413779,301256,0.328
13202,立川,東日本旅客鉄道,南武線,35.697543,139.414294,0,0.355
13202,立川北,多摩都市モノレール,多摩都市モノレール線,35.699529,139.412663,41798,0.293
13202,立川南,多摩都市モノレール,多摩都市モノレール線,35.696166,139.412577,30522,0.181
13202,立飛,多摩都市モノレール,多摩都市モノレール線,35.71427,139.417083,13844,0.554
13202,西国立,東日本旅客鉄道,南武線,35.693796,139.423907,18464,0.235
13202,西武立川,西武鉄道,拝島線,35.726169,139.36964,11329,0.133
13202,高松,多摩都市モノレール,多摩都市モノレール線,35.710036,139.413264,6964,0.386
13203,三鷹,東日本旅客鉄道,中央線,35.702701,139.560635,167532,0.228
13203,吉祥寺,京王電鉄,井の頭線,35.7023,139.58029,126063,0.197
13203,吉祥寺,東日本旅客鉄道,中央線,35.703136,139.579797,250254,0.256
13203,武蔵境,東日本旅客鉄道,中央線,35.702091,139.543555,122852,0.336
13203,武蔵境,西武鉄道,多摩川線,35.701917,139.544263,27982,0.343
13204,三鷹台,京王電鉄,井の頭線,35.692054,139.589281,19085,0.308
13204,井の頭公園,京王電鉄,井の頭線,35.697299,139.583101,6484,0.303
13205,二俣尾,東日本旅客鉄道,青梅線,35.803944,139.216132,0,0.429
13205,宮ノ平,東日本旅客鉄道,青梅線,35.787584,139.237311,0,0.237
13205,御岳山,御岳登山鉄道,ケーブルカー,35.789621,139.153755,580,0.71
13205,御嶽,東日本旅客鉄道,青梅線,35.801421,139.182615,0,0.785
13205,日向和田,東日本旅客鉄道,青梅線,35.788646,139.229522,0,0.328
13205,東青梅,東日本旅客鉄道,青梅線,35.789812,139.272802,12004,0.126
13205,沢井,東日本旅客鉄道,青梅線,35.805963,139.193408,0,0.345
13205,河辺,東日本旅客鉄道,青梅線,35.784782,139.284046,24158,0.223
13205,滝本,御岳登山鉄道,ケーブルカー,35.796026,139.161544,604,0.89
13205,石神前,東日本旅客鉄道,青梅線,35.796826,139.225123,0,0.553
13205,軍畑,東日本旅客鉄道,青梅線,35.807582,139.207656,0,0.883
13205,青梅,東日本旅客鉄道,青梅線,35.790543,139.258125,10698,0.127
13206,中河原,京王電鉄,京王線,35.659545,139.457681,23842,0.234
13206,分倍河原,京王電鉄,京王線,35.668088,139.468367,83916,0.237
13206,分倍河原,東日本旅客鉄道,南武線,35.668419,139.468904,73168,0.204
13206,北府中,東日本旅客鉄道,武蔵野線,35.680865,139.471779,25034,0.19
13206,多磨,西武鉄道,多摩川線,35.676821,139.517162,12371,0.201
13206,多磨霊園,京王電鉄,京王線,35.666362,139.50212,12479,0.147
13206,府中,京王電鉄,京王線,35.672184,139.480104,79760,0.162
13206,府中本町,東日本旅客鉄道,南武線,35.66585,139.477258,31194,0.096
13206,府中本町,東日本旅客鉄道,武蔵野線,35.665827,139.477086,0,0.109
13206,府中競馬正門前,京王電鉄,競馬場線,35.668349,139.485168,2345,0.104
13206,是政,西武鉄道,多摩川線,35.65618,139.488645,6830,0.308
13206,東府中,京王電鉄,京王線,35.668767,139.495404,20507,0.079
13206,東府中,京王電鉄,競馬場線,35.668767,139.495404,0,0.079
13206,武蔵野台,京王電鉄,京王線,35.66413,139.511304,22002,0.198
13206,白糸台,西武鉄道,多摩川線,35.66631,139.509523,6286,0.277
13206,競艇場前,西武鉄道,多摩川線,35.656215,139.499652,2869,0.161
13206,西府,東日本旅客鉄道,南武線,35.670946,139.457381,19780,0.174
13207,中神,東日本旅客鉄道,青梅線,35.709008,139.375713,22422,0.096
13207,拝島,西武鉄道,拝島線,35.721065,139.344192,33114,0.242
13207,昭島,東日本旅客鉄道,青梅線,35.713207,139.361637,45270,0.114
13207,東中神,東日本旅客鉄道,青梅線,35.70629,139.384596,13714,0.149
13207,西立川,東日本旅客鉄道,青梅線,35.703624,139.393158,12630,0.154
13208,つつじヶ丘,京王電鉄,京王線,35.657994,139.575183,39731,0.243
13208,京王多摩川,京王電鉄,相模原線,35.643987,139.536223,14562,0.167
13208,仙川,京王電鉄,京王線,35.66237,139.585247,69377,0.169
13208,国領,京王電鉄,京王線,35.650183,139.558425,32622,0.165
13208,布田,京王電鉄,京王線,35.649869,139.551709,13108,0.266
13208,柴崎,京王電鉄,京王線,35.653984,139.566622,16243,0.177
13208,西調布,京王電鉄,京王線,35.657314,139.5295,16168,0.195
13208,調布,京王電鉄,京王線,35.651769,139.544735,115507,0.178
13208,調布,京王電鉄,相模原線,35.651769,139.544735,0,0.178
13208,飛田給,京王電鉄,京王線,35.659981,139.523664,25467,0.154
13209,すずかけ台,東急電鉄,田園都市線,35.517161,139.481792,10351,0.221
13209,つくし野,東急電鉄,田園都市線,35.527075,139.484954,10579,0.242
13209,南町田グランベリーパーク,東急電鉄,田園都市線,35.511514,139.470427,45095,0.255
13209,多摩境,京王電鉄,相模原線,35.60173,139.366937,20368,0.479
13209,成瀬,東日本旅客鉄道,横浜線,35.535404,139.472895,33848,0.13
13209,玉川学園前,小田急電鉄,小田原線,35.563512,139.463432,40777,0.232
13209,町田,小田急電鉄,小田原線,35.543907,139.445064,254478,0.217
13209,町田,東日本旅客鉄道,横浜線,35.54155,139.446588,196614,0.286
13209,鶴川,小田急電鉄,小田原線,35.583094,139.481821,59849,0.101
13210,新小金井,西武鉄道,多摩川線,35.695922,139.526732,3844,0.297
13210,東小金井,東日本旅客鉄道,中央線,35.701568,139.523749,58060,0.216
13210,武蔵小金井,東日本旅客鉄道,中央線,35.701045,139.505939,110668,0.282
13211,一橋学園,西武鉄道,多摩湖線,35.72211,139.480062,19852,0.278
13211,八坂,西武鉄道,多摩湖線,35.744893,139.467745,6098,0.231
13211,小川,西武鉄道,国分寺線,35.737578,139.463496,0,0.164
13211,小川,西武鉄道,拝島線,35.737578,139.463496,25763,0.164
13211,小平,西武鉄道,新宿線,35.736916,139.488451,34510,0.096
13211,小平,西武鉄道,拝島線,35.736916,139.488451,0,0.096
13211,新小平,東日本旅客鉄道,武蔵野線,35.730924,139.470491,21752,0.255
13211,花小金井,西武鉄道,新宿線,35.726151,139.513321,52593,0.203
13211,青梅街道,西武鉄道,多摩湖線,35.730976,139.476564,7670,0.392
13211,鷹の台,西武鉄道,国分寺線,35.723016,139.461071,23939,0.184
13212,万願寺,多摩都市モノレール,多摩都市モノレール線,35.671313,139.419873,7563,0.201
13212,南平,京王電鉄,京王線,35.655134,139.392579,9680,0.083
13212,多摩動物公園,京王電鉄,動物園線,35.64952,139.405518,4108,0.149
13212,多摩動物公園,多摩都市モノレール,多摩都市モノレール線,35.648526,139.403822,2216,0.185
13212,平山城址公園,京王電鉄,京王線,35.647323,139.379897,7704,0.244
13212,日野,東日本旅客鉄道,中央線,35.678546,139.393437,44812,0.142
13212,甲州街道,多摩都市モノレール,多摩都市モノレール線,35.67825,139.409165,8725,0.125
13212,百草園,京王電鉄,京王線,35.657366,139.431374,7247,0.179
13212,程久保,多摩都市モノレール,多摩都市モノレール線,35.655239,139.410753,1646,0.147
13212,豊田,東日本旅客鉄道,中央線,35.659458,139.381464,62452,0.302
13212,高幡不動,京王電鉄,京王線,35.662265,139.413092,49257,0.09
13212,高幡不動,京王電鉄,動物園線,35.662265,139.413092,0,0.09
13212,高幡不動,多摩都市モノレール,多摩都市モノレール線,35.661289,139.415238,22587,0.154
13213,久米川,西武鉄道,新宿線,35.749525,139.47268,30029,0.204
13213,多摩湖,西武鉄道,山口線,35.765789,139.442725,0,0.221
13213,多摩湖,西武鉄道,多摩湖線,35.765789,139.442725,2373,0.221
13213,新秋津,東日本旅客鉄道,武蔵野線,35.778306,139.493752,72580,0.081
13213,東村山,西武鉄道,国分寺線,35.759956,139.465857,0,0.212
13213,東村山,西武鉄道,新宿線,35.759956,139.465857,44228,0.212
13213,東村山,西武鉄道,西武園線,35.759956,139.465857,0,0.212
13213,萩山,西武鉄道,多摩湖線,35.740835,139.476771,0,0.167
13213,萩山,西武鉄道,拝島線,35.740835,139.476771,8959,0.167
13213,西武園,西武鉄道,西武園線,35.767721,139.448884,3209,0.111
13214,国分寺,東日本旅客鉄道,中央線,35.700139,139.480855,197982,0.222
13214,国分寺,西武鉄道,国分寺線,35.700139,139.480855,108271,0.222
13214,国分寺,西武鉄道,多摩湖線,35.701098,139.479268,0,0.195
13214,恋ヶ窪,西武鉄道,国分寺線,35.711361,139.463882,12122,0.253
13214,西国分寺,東日本旅客鉄道,中央線,35.699739,139.465921,53782,0.199
13214,西国分寺,東日本旅客鉄道,武蔵野線,35.699913,139.465985,0,0.191
13215,国立,東日本旅客鉄道,中央線,35.699198,139.446416,94190,0.084
13215,矢川,東日本旅客鉄道,南武線,35.685065,139.431589,16014,0.098
13215,谷保,東日本旅客鉄道,南武線,35.681387,139.446781,18884,0.368
13218,拝島,東日本旅客鉄道,五日市線,35.721204,139.343483,0,0.257
13218,拝島,東日本旅客鉄道,青梅線,35.721204,139.343483,55242,0.257
13218,拝島,東日本旅客鉄道,八高線,35.721326,139.343719,0,0.248
13218,東福生,東日本旅客鉄道,八高線,35.745833,139.335887,0,0.412
13218,熊川,東日本旅客鉄道,五日市線,35.728276,139.335716,0,0.491
13218,牛浜,東日本旅客鉄道,青梅線,35.734338,139.333785,8426,0.045
13218,福生,東日本旅客鉄道,青梅線,35.742489,139.327734,29470,0.149
13219,和泉多摩川,小田急電鉄,小田原線,35.627425,139.573724,14129,0.101
13219,喜多見,小田急電鉄,小田原線,35.636494,139.586792,30211,0.217
13219,狛江,小田急電鉄,小田原線,35.632221,139.577394,43389,0.201
13220,上北台,多摩都市モノレール,多摩都市モノレール線,35.745763,139.41586,12741,0.19
13220,東大和市,西武鉄道,拝島線,35.73291,139.434292,23054,0.232
13220,桜街道,多摩都市モノレール,多摩都市モノレール線,35.739041,139.416547,6624,0.229
13220,武蔵大和,西武鉄道,多摩湖線,35.756421,139.444034,7151,0.257
13220,西武園ゆうえんち,西武鉄道,山口線,35.769027,139.440193,1586,0.563
13221,清瀬,西武鉄道,池袋線,35.771969,139.519887,61146,0.217
13221,秋津,西武鉄道,池袋線,35.778463,139.496906,74542,0.35
13222,東久留米,西武鉄道,池袋線,35.760461,139.533749,50217,0.157
13224,京王多摩センター,京王電鉄,相模原線,35.625227,139.424164,77670,0.268
13224,京王永山,京王電鉄,相模原線,35.630233,139.448197,40579,0.27
13224,唐木田,小田急電鉄,多摩線,35.616576,139.411676,13964,0.335
13224,多摩センター,多摩都市モノレール,多摩都市モノレール線,35.623867,139.422791,32921,0.238
13224,小田急多摩センター,小田急電鉄,多摩線,35.624931,139.424379,44153,0.246
13224,小田急永山,小田急電鉄,多摩線,35.629919,139.448068,26819,0.28
13224,聖蹟桜ヶ丘,京王電鉄,京王線,35.650793,139.446952,57022,0.173
13225,京王よみうりランド,京王電鉄,相模原線,35.632971,139.517291,14017,0.299
13225,南多摩,東日本旅客鉄道,南武線,35.649206,139.489546,12206,0.708
13225,稲城,京王電鉄,相模原線,35.636139,139.50026,19086,0.327
13225,稲城長沼,東日本旅客鉄道,南武線,35.644271,139.502592,15172,0.813
13225,若葉台,京王電鉄,相模原線,35.619367,139.472337,23859,0.386
13227,小作,東日本旅客鉄道,青梅線,35.77606,139.302285,29436,0.176
13227,羽村,東日本旅客鉄道,青梅線,35.757936,139.316297,23976,0.169
13228,東秋留,東日本旅客鉄道,五日市線,35.725925,139.311662,8502,0.454
13228,武蔵五日市,東日本旅客鉄道,五日市線,35.732143,139.228106,7384,0.084
13228,武蔵増戸,東日本旅客鉄道,五日市線,35.730959,139.256301,4596,0.487
13228,武蔵引田,東日本旅客鉄道,五日市線,35.729687,139.270077,7942,0.727
13228,秋川,東日本旅客鉄道,五日市線,35.72805,139.286749,11800,0.212
13229,ひばりヶ丘,西武鉄道,池袋線,35.751441,139.545786,66846,0.118
13229,保谷,西武鉄道,池袋線,35.748236,139.568038,55681,0.263
13229,東伏見,西武鉄道,新宿線,35.728747,139.563575,21285,0.202
13229,田無,西武鉄道,新宿線,35.727196,139.538984,66551,0.219
13229,西武柳沢,西武鉄道,新宿線,35.72859,139.552395,15433,0.179
13303,箱根ヶ崎,東日本旅客鉄道,八高線,35.771708,139.346745,7948,0.664
13308,古里,東日本旅客鉄道,青梅線,35.816317,139.151137,0,0.336
13308,奥多摩,東日本旅客鉄道,青梅線,35.809409,139.096935,1740,1.541
13308,川井,東日本旅客鉄道,青梅線,35.813759,139.164226,0,0.486
13308,白丸,東日本旅客鉄道,青梅線,35.811723,139.11483,0,0.189
13308,鳩ノ巣,東日本旅客鉄道,青梅線,35.815099,139.12895,0,1.418
14101,京急鶴見,京浜急行電鉄,本線,35.5066,139.677544,29290,0.256
14101,国道,東日本旅客鉄道,鶴見線,35.500771,139.675713,0,0.175
14101,安善,東日本旅客鉄道,鶴見線,35.499845,139.701226,0,0.167
14101,尻手,東日本旅客鉄道,南武線,35.530969,139.684296,27638,0.325
14101,弁天橋,東日本旅客鉄道,鶴見線,35.49581,139.689488,0,0.327
14101,新芝浦,東日本旅客鉄道,鶴見線,35.491914,139.70011,0,0.242
14101,浅野,東日本旅客鉄道,鶴見線,35.497609,139.695668,0,0.322
14101,浅野,東日本旅客鉄道,鶴見線,35.497277,139.695733,0,0.333
14101,海芝浦,東日本旅客鉄道,鶴見線,35.486131,139.700689,0,0.404
14101,生麦,京浜急行電鉄,本線,35.4956,139.667344,27651,0.164
14101,矢向,東日本旅客鉄道,南武線,35.53935,139.680433,34918,0.207
14101,花月総持寺,京浜急行電鉄,本線,35.500317,139.672859,6612,0.156
14101,鶴見,東日本旅客鉄道,東海道線,35.508492,139.676249,0,0.154
14101,鶴見,東日本旅客鉄道,鶴見線,35.50795,139.675798,139336,0.204
14101,鶴見小野,東日本旅客鉄道,鶴見線,35.497015,139.681292,0,0.175
14101,鶴見市場,京浜急行電鉄,本線,35.517592,139.686506,19445,0.097
14102,三ツ沢上町,横浜市,3号線,35.476416,139.60546,13997,0.236
14102,三ツ沢下町,横浜市,3号線,35.476486,139.615223,11953,0.146
14102,京急新子安,京浜急行電鉄,本線,35.487214,139.655864,7436,0.242
14102,京急東神奈川,京浜急行電鉄,本線,35.477552,139.634922,22551,0.122
14102,反町,東急電鉄,東横線,35.474185,139.625373,13050,0.094
14102,大口,東日本旅客鉄道,横浜線,35.492298,139.646337,36440,0.171
14102,子安,京浜急行電鉄,本線,35.484552,139.644985,6890,0.137
14102,岸根公園,横浜市,3号線,35.495495,139.616554,10978,0.277
14102,新子安,東日本旅客鉄道,東海道線,35.486859,139.65414,40962,0.19
14102,東白楽,東急電鉄,東横線,35.483405,139.629514,15212,0.128
14102,東神奈川,東日本旅客鉄道,横浜線,35.477884,139.633162,67166,0.048
14102,東神奈川,東日本旅客鉄道,東海道線,35.477884,139.633162,0,0.048
14102,片倉町,横浜市,3号線,35.489992,139.606447,20510,0.182
14102,白楽,東急電鉄,東横線,35.489549,139.627948,39922,0.25
14102,神奈川,京浜急行電鉄,本線,35.471243,139.627411,4270,0.145
14102,神奈川新町,京浜急行電鉄,本線,35.481518,139.640179,16872,0.141
14102,羽沢横浜国大,東日本旅客鉄道,東海道線,35.481238,139.586127,0,0.53
14102,羽沢横浜国大,相模鉄道,相鉄新横浜線,35.481238,139.586127,31622,0.53
14103,みなとみらい,横浜高速鉄道,みなとみらい21線,35.457681,139.632454,82564,0.175
14103,平沼橋,相模鉄道,相鉄本線,35.459849,139.616468,8818,0.265
14103,戸部,京浜急行電鉄,本線,35.456667,139.619558,16094,0.111
14103,新高島,横浜高速鉄道,みなとみらい21線,35.461963,139.626489,10685,0.098
14103,横浜,京浜急行電鉄,本線,35.466245,139.62312,293173,0.231
14103,横浜,東急電鉄,東横線,35.46642,139.622347,506105,0.17
14103,横浜,東日本旅客鉄道,東海道線,35.465843,139.622262,0,0.148
14103,横浜,東日本旅客鉄道,根岸線,35.46561,139.622397,0,0.162
14103,横浜,東日本旅客鉄道,東海道線,35.46561,139.622397,724696,0.162
14103,横浜,横浜市,3号線,35.465389,139.620137,122858,0.064
14103,横浜,横浜高速鉄道,みなとみらい21線,35.46642,139.622347,0,0.17
14103,横浜,相模鉄道,相鉄本線,35.46575,139.622054,314649,0.13
14103,西横浜,相模鉄道,相鉄本線,35.453591,139.608958,14409,0.174
14103,高島町,横浜市,3号線,35.458695,139.623635,9518,0.042
14104,伊勢佐木長者町,横浜市,1号線,35.440988,139.632754,18329,0.075
14104,元町・中華街,横浜高速鉄道,みなとみらい21線,35.442299,139.650736,59017,0.293
14104,山手,東日本旅客鉄道,根岸線,35.426809,139.646466,32960,0.232
14104,日ノ出町,京浜急行電鉄,本線,35.445568,139.626682,25849,0.08
14104,日本大通り,横浜高速鉄道,みなとみらい21線,35.446792,139.642732,26788,0.058
14104,桜木町,東日本旅客鉄道,根岸線,35.451092,139.630888,141322,0.08
14104,桜木町,横浜市,3号線,35.449623,139.630737,39396,0.108
14104,石川町,東日本旅客鉄道,根岸線,35.438733,139.64299,59114,0.064
14104,関内,東日本旅客鉄道,根岸線,35.444263,139.635944,100954,0.05
14104,関内,横浜市,1号線,35.44576,139.636037,0,0.042
14104,関内,横浜市,3号線,35.44576,139.636037,40382,0.042
14104,阪東橋,横浜市,1号線,35.437614,139.625137,22424,0.071
14104,馬車道,横浜高速鉄道,みなとみらい21線,35.450078,139.636209,41286,0.023
14105,井土ヶ谷,京浜急行電鉄,本線,35.433872,139.600525,26848,0.287
14105,南太田,京浜急行電鉄,本線,35.436897,139.613636,16943,0.104
14105,吉野町,横浜市,1号線,35.435358,139.618464,16564,0.055
14105,弘明寺,京浜急行電鉄,本線,35.424099,139.59692,26632,0.05
14105,弘明寺,横浜市,1号線,35.422962,139.602005,19497,0.161
14105,蒔田,横浜市,1号線,35.430306,139.610524,21936,0.072
14105,黄金町,京浜急行電鉄,本線,35.439712,139.622562,21562,0.047
14106,上星川,相模鉄道,相鉄本線,35.467381,139.580462,22484,0.229
14106,保土ヶ谷,東日本旅客鉄道,東海道線,35.447229,139.600375,57234,0.168
14106,和田町,相模鉄道,相鉄本線,35.463711,139.586384,14318,0.228
14106,天王町,相模鉄道,相鉄本線,35.454011,139.602542,22437,0.139
14106,星川,相模鉄道,相鉄本線,35.458241,139.595203,29506,0.136
14106,西谷,相模鉄道,相鉄本線,35.478058,139.565527,27761,0.293
14106,西谷,相模鉄道,相鉄新横浜線,35.478058,139.565527,0,0.293
14107,屏風浦,京浜急行電鉄,本線,35.394123,139.610438,16377,0.292
14107,新杉田,東日本旅客鉄道,根岸線,35.386811,139.619451,66820,0.289
14107,新杉田,横浜シーサイドライン,金沢シーサイドライン,35.385709,139.620738,32436,0.323
14107,杉田,京浜急行電鉄,本線,35.383907,139.61561,30888,0.183
14107,根岸,東日本旅客鉄道,根岸線,35.415862,139.636102,40002,0.164
14107,洋光台,東日本旅客鉄道,根岸線,35.378781,139.596834,36098,0.292
14107,磯子,東日本旅客鉄道,根岸線,35.400577,139.618485,35060,0.332
14108,並木中央,横浜シーサイドライン,金沢シーサイドライン,35.365466,139.64299,5074,0.366
14108,並木北,横浜シーサイドライン,金沢シーサイドライン,35.37201,139.642732,4004,0.318
14108,京急富岡,京浜急行電鉄,本線,35.366708,139.629772,18922,0.373
14108,八景島,横浜シーサイドライン,金沢シーサイドライン,35.340895,139.640844,4674,0.566
14108,六浦,京浜急行電鉄,逗子線,35.322724,139.61149,14230,0.129
14108,南部市場,横浜シーサイドライン,金沢シーサイドライン,35.38018,139.633205,4440,0.377
14108,市大医学部,横浜シーサイドライン,金沢シーサイドライン,35.343905,139.650135,10691,0.145
14108,幸浦,横浜シーサイドライン,金沢シーサイドライン,35.358396,139.643698,5243,0.383
14108,海の公園南口,横浜シーサイドライン,金沢シーサイドライン,35.337201,139.632132,1912,0.127
14108,海の公園柴口,横浜シーサイドライン,金沢シーサイドライン,35.34212,139.635909,2397,0.468
14108,産業振興センター,横浜シーサイドライン,金沢シーサイドライン,35.353426,139.646316,4335,0.256
14108,福浦,横浜シーサイドライン,金沢シーサイドライン,35.349611,139.648526,3929,0.207
14108,能見台,京浜急行電鉄,本線,35.360601,139.629235,29421,0.268
14108,野島公園,横浜シーサイドライン,金沢シーサイドライン,35.330602,139.631553,3435,0.148
14108,金沢八景,京浜急行電鉄,逗子線,35.331127,139.620116,0,0.167
14108,金沢八景,京浜急行電鉄,本線,35.331127,139.620116,57282,0.167
14108,金沢八景,横浜シーサイドライン,金沢シーサイドライン,35.331617,139.620738,19975,0.188
14108,金沢文庫,京浜急行電鉄,本線,35.343257,139.621768,59257,0.257
14108,鳥浜,横浜シーサイドライン,金沢シーサイドライン,35.377171,139.641788,9249,0.619
14109,北新横浜,横浜市,3号線,35.519199,139.612863,12262,0.362
14109,大倉山,東急電鉄,東横線,35.522412,139.629836,48587,0.282
14109,妙蓮寺,東急電鉄,東横線,35.49878,139.633312,24312,0.244
14109,小机,東日本旅客鉄道,横浜線,35.508632,139.599602,18068,0.446
14109,新横浜,東急電鉄,東急新横浜線,35.508946,139.617262,0,0.294
14109,新横浜,東日本旅客鉄道,横浜線,35.506763,139.617434,95160,0.375
14109,新横浜,東海旅客鉄道,東海道新幹線,35.507339,139.617648,68047,0.36
14109,新横浜,横浜市,3号線,35.509051,139.61724,70002,0.294
14109,新横浜,相模鉄道,相鉄新横浜線,35.508946,139.617262,124884,0.294
14109,新綱島,東急電鉄,東急新横浜線,35.536103,139.636123,11659,0.132
14109,新羽,横浜市,3号線,35.527337,139.612048,21180,0.246
14109,日吉,東急電鉄,東横線,35.553998,139.647045,271898,0.272
14109,日吉,東急電鉄,東急新横浜線,35.553998,139.647045,0,0.272
14109,日吉,横浜市,4号線,35.553318,139.646831,73408,0.253
14109,日吉本町,横浜市,4号線,35.549913,139.633334,15748,0.321
14109,綱島,東急電鉄,東横線,35.536819,139.634793,82967,0.19
14109,菊名,東急電鉄,東横線,35.510501,139.631317,94170,0.31
14109,菊名,東日本旅客鉄道,横浜線,35.509645,139.630094,72548,0.262
14109,高田,横浜市,4号線,35.549564,139.620588,15510,0.298
14110,戸塚,東日本旅客鉄道,東海道線,35.400437,139.534307,196090,0.836
14110,戸塚,横浜市,1号線,35.401067,139.534886,80540,0.755
14110,東戸塚,東日本旅客鉄道,東海道線,35.429956,139.556515,102066,0.59
14110,舞岡,横浜市,1号線,35.402536,139.55128,5130,0.508
14111,上大岡,京浜急行電鉄,本線,35.409339,139.596598,126210,0.072
14111,上大岡,横浜市,1号線,35.4092,139.595976,67321,0.049
14111,上永谷,横浜市,1号線,35.401382,139.57278,33521,0.045
14111,下永谷,横浜市,1号線,35.402763,139.559026,10397,0.216
14111,港南中央,横浜市,1号線,35.401242,139.591212,17809,0.054
14111,港南台,東日本旅客鉄道,根岸線,35.375159,139.576235,55576,0.242
14112,三ツ境,相模鉄道,相鉄本線,35.467783,139.502571,50845,0.377
14112,二俣川,相模鉄道,相鉄いずみ野線,35.463379,139.532375,75949,0.271
14112,二俣川,相模鉄道,相鉄本線,35.463379,139.532375,0,0.271
14112,南万騎が原,相模鉄道,相鉄いずみ野線,35.452595,139.526346,10250,0.121
14112,希望ヶ丘,相模鉄道,相鉄本線,35.460548,139.513471,30850,0.426
14112,鶴ヶ峰,相模鉄道,相鉄本線,35.475088,139.549992,54493,0.047
14113,中山,東日本旅客鉄道,横浜線,35.514762,139.53922,74852,0.151
14113,中山,横浜市,4号線,35.514745,139.540272,27195,0.145
14113,十日市場,東日本旅客鉄道,横浜線,35.526271,139.516497,37018,0.34
14113,長津田,東急電鉄,こどもの国線,35.531929,139.494095,0,0.269
14113,長津田,東急電鉄,田園都市線,35.531825,139.494245,125406,0.284
14113,長津田,東日本旅客鉄道,横浜線,35.531633,139.495296,110574,0.25
14113,鴨居,東日本旅客鉄道,横浜線,35.51085,139.566965,67336,0.11
14114,瀬谷,相模鉄道,相鉄本線,35.470404,139.482594,39475,0.265
14115,本郷台,東日本旅客鉄道,根岸線,35.367863,139.550121,35950,0.314
14116,いずみ中央,相模鉄道,相鉄いずみ野線,35.415093,139.487185,15265,0.205
14116,いずみ野,相模鉄道,相鉄いずみ野線,35.429484,139.495125,12376,0.796
14116,ゆめが丘,相模鉄道,相鉄いずみ野線,35.405649,139.482358,2996,0.752
14116,下飯田,横浜市,1号線,35.403376,139.482894,6311,0.524
14116,中田,横浜市,1号線,35.411158,139.511218,16795,0.211
14116,弥生台,相模鉄道,相鉄いずみ野線,35.429939,139.506626,14121,0.251
14116,立場,横浜市,1号線,35.414394,139.500704,20077,0.228
14116,緑園都市,相模鉄道,相鉄いずみ野線,35.439379,139.521818,20978,0.202
14116,踊場,横浜市,1号線,35.405667,139.518406,17097,0.382
14117,あざみ野,東急電鉄,田園都市線,35.568766,139.553554,116404,0.401
14117,あざみ野,横浜市,3号線,35.567963,139.554155,72564,0.336
14117,こどもの国,東急電鉄,こどもの国線,35.557996,139.486649,9710,0.257
14117,たまプラーザ,東急電鉄,田園都市線,35.577417,139.558725,77074,0.415
14117,市が尾,東急電鉄,田園都市線,35.551258,139.541259,38083,0.373
14117,恩田,東急電鉄,こどもの国線,35.545601,139.492164,934,0.437
14117,江田,東急電鉄,田園都市線,35.558537,139.551408,31353,0.387
14117,田奈,東急電鉄,田園都市線,35.535876,139.504566,9167,0.302
14117,藤が丘,東急電鉄,田園都市線,35.543401,139.527569,25127,0.231
14117,青葉台,東急電鉄,田園都市線,35.542842,139.517312,96457,0.306
14118,センター北,横浜市,4号線,35.553003,139.578338,0,0.026
14118,センター北,横浜市,3号線,35.553213,139.57823,53839,0.014
14118,センター南,横浜市,4号線,35.545217,139.574518,0,0.216
14118,センター南,横浜市,3号線,35.545322,139.574304,53643,0.197
14118,中川,横浜市,3号線,35.563093,139.569669,17239,0.055
14118,仲町台,横浜市,3号線,35.535299,139.589517,30465,0.044
14118,北山田,横浜市,4号線,35.561051,139.592865,25364,0.208
14118,川和町,横浜市,4号線,35.528454,139.548962,8868,0.039
14118,東山田,横浜市,4号線,35.554208,139.60604,9972,0.496
14118,都筑ふれあいの丘,横浜市,4号線,35.536557,139.5613,20273,0.164
14131,京急川崎,京浜急行電鉄,大師線,35.533012,139.700947,0,0.138
14131,京急川崎,京浜急行電鉄,本線,35.533012,139.700947,119655,0.138
14131,八丁畷,京浜急行電鉄,本線,35.523023,139.691441,19592,0.148
14131,八丁畷,東日本旅客鉄道,南武線,35.523058,139.691377,0,0.142
14131,大川,東日本旅客鉄道,鶴見線,35.495408,139.711397,0,0.269
14131,大師橋,京浜急行電鉄,大師線,35.536609,139.740429,10239,0.086
14131,小島新田,京浜急行電鉄,大師線,35.534636,139.747553,21401,0.171
14131,小田栄,東日本旅客鉄道,南武線,35.514413,139.705088,0,0.122
14131,川崎,東日本旅客鉄道,東海道線,35.531371,139.696827,0,0.277
14131,川崎,東日本旅客鉄道,南武線,35.531371,139.696827,374620,0.277
14131,川崎大師,京浜急行電鉄,大師線,35.535771,139.725988,16535,0.128
14131,川崎新町,東日本旅客鉄道,南武線,35.518325,139.699252,0,0.125
14131,扇町,東日本旅客鉄道,鶴見線,35.501749,139.722426,0,0.052
14131,昭和,東日本旅客鉄道,鶴見線,35.50685,139.723928,0,0.542
14131,東門前,京浜急行電鉄,大師線,35.536592,139.734335,12672,0.154
14131,武蔵白石,東日本旅客鉄道,鶴見線,35.501924,139.706526,0,0.308
14131,浜川崎,東日本旅客鉄道,鶴見線,35.509662,139.713542,0,0.077
14131,浜川崎,東日本旅客鉄道,南武線,35.510396,139.713778,0,0.101
14131,港町,京浜急行電鉄,大師線,35.535055,139.71262,7537,0.139
14131,鈴木町,京浜急行電鉄,大師線,35.535387,139.720645,10616,0.277
14132,新川崎,東日本旅客鉄道,東海道線,35.551711,139.671528,49464,0.167
14132,鹿島田,東日本旅客鉄道,南武線,35.55145,139.674983,32452,0.165
14133,元住吉,東急電鉄,東横線,35.565711,139.654706,57713,0.174
14133,向河原,東日本旅客鉄道,南武線,35.572169,139.66728,13780,0.247
14133,平間,東日本旅客鉄道,南武線,35.560562,139.671099,25876,0.153
14133,新丸子,東急電鉄,東横線,35.580459,139.661937,25587,0.12
14133,武蔵中原,東日本旅客鉄道,南武線,35.580547,139.642131,52468,0.345
14133,武蔵小杉,東急電鉄,東横線,35.575642,139.659576,195349,0.179
14133,武蔵小杉,東日本旅客鉄道,東海道線,35.574927,139.663407,0,0.083
14133,武蔵小杉,東日本旅客鉄道,南武線,35.57655,139.659684,215118,0.245
14133,武蔵新城,東日本旅客鉄道,南武線,35.587405,139.629085,67008,0.133
14134,二子新地,東急電鉄,田園都市線,35.607278,139.622684,20099,0.248
14134,梶が谷,東急電鉄,田園都市線,35.593739,139.605653,35653,0.137
14134,武蔵溝ノ口,東日本旅客鉄道,南武線,35.598816,139.611382,151766,0.185
14134,津田山,東日本旅客鉄道,南武線,35.603579,139.600825,7412,0.26
14134,溝の口,東急電鉄,田園都市線,35.599846,139.610682,276715,0.228
14134,高津,東急電鉄,田園都市線,35.603457,139.617648,27687,0.105
14135,中野島,東日本旅客鉄道,南武線,35.630024,139.551065,27328,0.205
14135,久地,東日本旅客鉄道,南武線,35.610104,139.593079,26264,0.272
14135,京王稲田堤,京王電鉄,相模原線,35.634279,139.532129,49559,0.178
14135,向ヶ丘遊園,小田急電鉄,小田原線,35.617291,139.564605,54816,0.393
14135,宿河原,東日本旅客鉄道,南武線,35.615424,139.579539,15988,0.16
14135,生田,小田急電鉄,小田原線,35.614936,139.541795,43080,0.175
14135,登戸,小田急電鉄,小田原線,35.620727,139.569261,155310,0.495
14135,登戸,東日本旅客鉄道,南武線,35.62057,139.57057,149082,0.482
14135,矢野口,東日本旅客鉄道,南武線,35.641725,139.520445,17806,0.537
14135,稲田堤,東日本旅客鉄道,南武線,35.633425,139.535937,45568,0.178
14135,読売ランド前,小田急電鉄,小田原線,35.614744,139.528041,31016,0.159
14136,宮前平,東急電鉄,田園都市線,35.584979,139.5825,45219,0.302
14136,宮崎台,東急電鉄,田園都市線,35.587125,139.590933,46625,0.123
14136,鷺沼,東急電鉄,田園都市線,35.579726,139.573145,58430,0.307
14137,はるひ野,小田急電鉄,多摩線,35.618407,139.464977,9468,0.296
14137,五月台,小田急電鉄,多摩線,35.600229,139.493365,9405,0.192
14137,新百合ヶ丘,小田急電鉄,小田原線,35.603474,139.507184,112951,0.156
14137,新百合ヶ丘,小田急電鉄,多摩線,35.603474,139.507184,0,0.156
14137,柿生,小田急電鉄,小田原線,35.589568,139.49755,33630,0.242
14137,栗平,小田急電鉄,多摩線,35.60576,139.481306,22526,0.098
14137,百合ヶ丘,小田急電鉄,小田原線,35.60904,139.516068,20202,0.164
14137,黒川,小田急電鉄,多摩線,35.613139,139.470749,8635,0.123
14151,橋本,京王電鉄,相模原線,35.595222,139.343526,86398,0.139
14151,橋本,東日本旅客鉄道,横浜線,35.594838,139.345093,119192,0.28
14151,橋本,東日本旅客鉄道,相模線,35.594838,139.345093,0,0.28
14151,相原,東日本旅客鉄道,横浜線,35.606929,139.331682,19290,0.589
14151,相模湖,東日本旅客鉄道,中央線,35.617308,139.188516,3646,0.175
14151,藤野,東日本旅客鉄道,中央線,35.616,139.15133,3518,1.412
14152,上溝,東日本旅客鉄道,相模線,35.557647,139.363139,11830,0.364
14152,南橋本,東日本旅客鉄道,相模線,35.580389,139.352431,10590,0.121
14152,淵野辺,東日本旅客鉄道,横浜線,35.568347,139.395604,69138,0.217
14152,番田,東日本旅客鉄道,相模線,35.545374,139.363139,0,0.856
14152,相模原,東日本旅客鉄道,横浜線,35.581471,139.370627,54398,0.262
14152,矢部,東日本旅客鉄道,横浜線,35.573094,139.386528,23012,0.207
14153,下溝,東日本旅客鉄道,相模線,35.518308,139.380519,0,1.242
14153,原当麻,東日本旅客鉄道,相模線,35.528996,139.37537,9136,0.55
14153,古淵,東日本旅客鉄道,横浜線,35.555971,139.419229,43098,0.22
14153,小田急相模原,小田急電鉄,小田原線,35.515566,139.423027,51545,0.287
14153,東林間,小田急電鉄,江ノ島線,35.520019,139.43912,20084,0.13
14153,相模大野,小田急電鉄,江ノ島線,35.532191,139.437876,0,0.223
14153,相模大野,小田急電鉄,小田原線,35.532191,139.437876,115246,0.223
14201,YRP野比,京浜急行電鉄,久里浜線,35.212579,139.68524,14549,0.276
14201,久里浜,東日本旅客鉄道,横須賀線,35.233176,139.700904,11154,0.198
14201,京急久里浜,京浜急行電鉄,久里浜線,35.231458,139.702213,37754,0.17
14201,京急大津,京浜急行電鉄,本線,35.261004,139.695368,4428,0.2
14201,京急田浦,京浜急行電鉄,本線,35.301029,139.625201,11493,0.166
14201,京急長沢,京浜急行電鉄,久里浜線,35.205444,139.674125,6436,0.212
14201,北久里浜,京浜急行電鉄,久里浜線,35.249077,139.686413,22913,0.26
14201,堀ノ内,京浜急行電鉄,久里浜線,35.263159,139.687042,0,0.272
14201,堀ノ内,京浜急行電鉄,本線,35.263159,139.687042,11123,0.272
14201,安針塚,京浜急行電鉄,本線,35.286668,139.642882,4275,0.15
14201,新大津,京浜急行電鉄,久里浜線,35.256886,139.690175,6076,0.163
14201,横須賀,東日本旅客鉄道,横須賀線,35.284216,139.654899,9182,0.111
14201,横須賀中央,京浜急行電鉄,本線,35.278698,139.670048,59039,0.045
14201,汐入,京浜急行電鉄,本線,35.28031,139.662516,20997,0.182
14201,津久井浜,京浜急行電鉄,久里浜線,35.198115,139.664855,6023,0.237
14201,浦賀,京浜急行電鉄,本線,35.251869,139.715023,16629,0.293
14201,田浦,東日本旅客鉄道,横須賀線,35.292833,139.637518,3956,0.251
14201,県立大学,京浜急行電鉄,本線,35.269939,139.676785,10876,0.217
14201,衣笠,東日本旅客鉄道,横須賀線,35.257114,139.660993,14810,0.144
14201,追浜,京浜急行電鉄,本線,35.315697,139.624872,37879,0.168
14201,逸見,京浜急行電鉄,本線,35.28066,139.652517,4545,0.216
14201,馬堀海岸,京浜急行電鉄,本線,35.25955,139.707921,8193,0.267
14203,平塚,東日本旅客鉄道,東海道線,35.327661,139.348998,0,0.14
14203,平塚,東日本旅客鉄道,東海道線,35.327451,139.348998,110712,0.146
14204,七里ヶ浜,江ノ島電鉄,江ノ島電鉄線,35.306283,139.509995,7574,0.269
14204,北鎌倉,東日本旅客鉄道,横須賀線,35.337936,139.544585,16354,0.44
14204,和田塚,江ノ島電鉄,江ノ島電鉄線,35.313742,139.5454,1251,0.22
14204,大船,東日本旅客鉄道,根岸線,35.354091,139.531496,0,0.224
14204,大船,東日本旅客鉄道,横須賀線,35.354056,139.53136,0,0.222
14204,大船,東日本旅客鉄道,東海道線,35.354161,139.531174,177992,0.237
14204,大船,湘南モノレール,江の島線,35.352464,139.531388,29003,0.057
14204,富士見町,湘南モノレール,江の島線,35.345358,139.529328,5263,0.191
14204,極楽寺,江ノ島電鉄,江ノ島電鉄線,35.309207,139.528534,1722,0.182
14204,湘南深沢,湘南モノレール,江の島線,35.332983,139.518921,6029,0.335
14204,湘南町屋,湘南モノレール,江の島線,35.337849,139.522719,7187,0.394
14204,片瀬山,湘南モノレール,江の島線,35.317314,139.496262,3731,0.251
14204,由比ヶ浜,江ノ島電鉄,江ノ島電鉄線,35.312884,139.541581,2285,0.095
14204,稲村ヶ崎,江ノ島電鉄,江ノ島電鉄線,35.304321,139.522269,3942,0.227
14204,腰越,江ノ島電鉄,江ノ島電鉄線,35.308331,139.493344,2779,0.11
14204,西鎌倉,湘南モノレール,江の島線,35.319415,139.50433,5392,0.163
14204,鎌倉,東日本旅客鉄道,横須賀線,35.31931,139.550464,79186,0.18
14204,鎌倉,江ノ島電鉄,江ノ島電鉄線,35.318294,139.550099,23793,0.195
14204,鎌倉高校前,江ノ島電鉄,江ノ島電鉄線,35.306755,139.500489,5292,0.244
14204,長谷,江ノ島電鉄,江ノ島電鉄線,35.311326,139.536259,9371,0.138
14205,六会日大前,小田急電鉄,江ノ島線,35.383767,139.470727,27612,0.204
14205,善行,小田急電鉄,江ノ島線,35.362596,139.473259,25800,0.222
14205,本鵠沼,小田急電鉄,江ノ島線,35.331039,139.475276,12463,0.269
14205,柳小路,江ノ島電鉄,江ノ島電鉄線,35.327293,139.485211,2604,0.169
14205,江ノ島,江ノ島電鉄,江ノ島電鉄線,35.311028,139.487636,9813,0.273
14205,湘南台,小田急電鉄,江ノ島線,35.396554,139.466479,85558,0.332
14205,湘南台,横浜市,1号線,35.396239,139.466136,44402,0.291
14205,湘南台,相模鉄道,相鉄いずみ野線,35.396239,139.466136,27346,0.291
14205,湘南江の島,湘南モノレール,江の島線,35.311868,139.487808,4660,0.278
14205,湘南海岸公園,江ノ島電鉄,江ノ島電鉄線,35.315195,139.483323,2180,0.061
14205,片瀬江ノ島,小田急電鉄,江ノ島線,35.309312,139.482915,19067,0.108
14205,目白山下,湘南モノレール,江の島線,35.314075,139.49152,479,0.189
14205,石上,江ノ島電鉄,江ノ島電鉄線,35.332457,139.485576,686,0.188
14205,藤沢,小田急電鉄,江ノ島線,35.338602,139.487121,156546,0.321
14205,藤沢,東日本旅客鉄道,東海道線,35.338829,139.486434,200928,0.339
14205,藤沢,江ノ島電鉄,江ノ島電鉄線,35.337242,139.487243,21800,0.175
14205,藤沢本町,小田急電鉄,江ノ島線,35.348211,139.475834,20230,0.142
14205,辻堂,東日本旅客鉄道,東海道線,35.336834,139.445901,110776,0.235
14205,長後,小田急電鉄,江ノ島線,35.412243,139.46532,31436,0.556
14205,鵠沼,江ノ島電鉄,江ノ島電鉄線,35.321393,139.482658,3808,0.246
14205,鵠沼海岸,小田急電鉄,江ノ島線,35.320763,139.471221,17665,0.295
14206,下曽我,東海旅客鉄道,御殿場線,35.303551,139.183431,2325,0.186
14206,五百羅漢,伊豆箱根鉄道,大雄山線,35.275159,139.155557,1352,0.202
14206,井細田,伊豆箱根鉄道,大雄山線,35.268958,139.157403,3291,0.07
14206,入生田,小田急箱根,鉄道線,35.240782,139.121075,883,0.904
14206,国府津,東日本旅客鉄道,東海道線,35.281396,139.214952,9986,0.093
14206,国府津,東海旅客鉄道,御殿場線,35.281396,139.214952,0,0.093
14206,富水,小田急電鉄,小田原線,35.296774,139.14515,6224,0.19
14206,小田原,伊豆箱根鉄道,大雄山線,35.256413,139.156501,15336,0.19
14206,小田原,小田急箱根,鉄道線,35.256361,139.155428,0,0.1
14206,小田原,小田急電鉄,小田原線,35.256361,139.155428,71121,0.1
14206,小田原,東日本旅客鉄道,東海道線,35.256098,139.155772,61396,0.141
14206,小田原,東海旅客鉄道,東海道新幹線,35.256203,139.154763,20930,0.069
14206,早川,東日本旅客鉄道,東海道線,35.238714,139.145,2586,0.411
14206,栢山,小田急電鉄,小田原線,35.310643,139.142575,7184,0.615
14206,根府川,東日本旅客鉄道,東海道線,35.202586,139.138627,0,1.888
14206,穴部,伊豆箱根鉄道,大雄山線,35.279854,139.148798,1228,0.305
14206,箱根板橋,小田急箱根,鉄道線,35.245146,139.145193,2036,0.102
14206,緑町,伊豆箱根鉄道,大雄山線,35.259269,139.158626,552,0.096
14206,螢田,小田急電鉄,小田原線,35.285056,139.151952,5575,0.11
14206,足柄,小田急電鉄,小田原線,35.271761,139.154506,3571,0.307
14206,風祭,小田急箱根,鉄道線,35.24625,139.129164,1475,0.6
14206,飯田岡,伊豆箱根鉄道,大雄山線,35.287911,139.139314,1817,0.365
14206,鴨宮,東日本旅客鉄道,東海道線,35.275738,139.180169,21848,0.352
14207,北茅ヶ崎,東日本旅客鉄道,相模線,35.339687,139.40747,5634,0.137
14207,茅ヶ崎,東日本旅客鉄道,東海道線,35.330654,139.408007,103016,0.179
14207,茅ヶ崎,東日本旅客鉄道,相模線,35.330689,139.40702,0,0.211
14207,香川,東日本旅客鉄道,相模線,35.356611,139.399831,11222,0.208
14208,東逗子,東日本旅客鉄道,横須賀線,35.29877,139.601812,8906,0.44
14208,神武寺,京浜急行電鉄,逗子線,35.306283,139.592886,4953,0.348
14208,逗子,東日本旅客鉄道,横須賀線,35.297404,139.578295,50368,0.128
14208,逗子・葉山,京浜急行電鉄,逗子線,35.294287,139.580555,22844,0.102
14210,三崎口,京浜急行電鉄,久里浜線,35.178193,139.633355,13529,0.345
14210,三浦海岸,京浜急行電鉄,久里浜線,35.188295,139.653375,9221,0.424
14211,東海大学前,小田急電鉄,小田原線,35.37292,139.270935,35209,0.199
14211,渋沢,小田急電鉄,小田原線,35.374063,139.184403,23936,0.149
14211,秦野,小田急電鉄,小田原線,35.370068,139.226089,35964,0.253
14211,鶴巻温泉,小田急電鉄,小田原線,35.380635,139.277265,13407,0.292
14212,愛甲石田,小田急電鉄,小田原線,35.417769,139.34417,45393,0.288
14212,本厚木,小田急電鉄,小田原線,35.439222,139.364383,123159,0.201
14213,つきみ野,東急電鉄,田園都市線,35.510553,139.458733,10483,0.23
14213,中央林間,小田急電鉄,江ノ島線,35.508003,139.44412,90052,0.242
14213,中央林間,東急電鉄,田園都市線,35.507811,139.445107,94391,0.159
14213,南林間,小田急電鉄,江ノ島線,35.4956,139.448004,30426,0.205
14213,大和,小田急電鉄,江ノ島線,35.469793,139.461501,110623,0.263
14213,大和,相模鉄道,相鉄本線,35.469933,139.461007,107157,0.284
14213,桜ヶ丘,小田急電鉄,江ノ島線,35.450532,139.465728,18618,0.207
14213,相模大塚,相模鉄道,相鉄本線,35.470544,139.441159,14151,0.249
14213,高座渋谷,小田急電鉄,江ノ島線,35.432141,139.464719,24224,0.192
14213,鶴間,小田急電鉄,江ノ島線,35.490569,139.450643,28174,0.144
14214,伊勢原,小田急電鉄,小田原線,35.396099,139.313807,46390,0.153
14214,大山ケーブル,大山観光電鉄,大山鋼索線,35.427875,139.244499,584,0.162
14214,大山寺,大山観光電鉄,大山鋼索線,35.429746,139.241066,19,0.536
14214,阿夫利神社,大山観光電鉄,大山鋼索線,35.431809,139.23759,623,0.925
14215,さがみ野,相模鉄道,相鉄本線,35.471505,139.429035,33545,0.245
14215,厚木,小田急電鉄,小田原線,35.443068,139.377923,31353,0.147
14215,厚木,東日本旅客鉄道,相模線,35.44382,139.37861,0,0.143
14215,海老名,小田急電鉄,小田原線,35.452822,139.390969,132467,0.173
14215,海老名,東日本旅客鉄道,相模線,35.45422,139.389296,27572,0.125
14215,海老名,相模鉄道,相鉄本線,35.453434,139.392235,107473,0.226
14215,社家,東日本旅客鉄道,相模線,35.420409,139.377172,0,0.272
14215,門沢橋,東日本旅客鉄道,相模線,35.406699,139.380069,0,0.283
14216,入谷,東日本旅客鉄道,相模線,35.478373,139.39187,0,0.394
14216,座間,小田急電鉄,小田原線,35.480994,139.399874,18462,0.173
14216,相武台下,東日本旅客鉄道,相模線,35.49277,139.386313,0,0.491
14216,相武台前,小田急電鉄,小田原線,35.499356,139.408543,35238,0.075
14217,和田河原,伊豆箱根鉄道,大雄山線,35.315948,139.118199,2841,0.26
14217,塚原,伊豆箱根鉄道,大雄山線,35.301344,139.126718,1999,0.506
14217,大雄山,伊豆箱根鉄道,大雄山線,35.31903,139.103694,4303,0.245
14217,富士フイルム前,伊豆箱根鉄道,大雄山線,35.317699,139.109509,1301,0.346
14217,岩原,伊豆箱根鉄道,大雄山線,35.298823,139.128799,1401,0.24
14217,相模沼田,伊豆箱根鉄道,大雄山線,35.292343,139.133906,2587,0.163
14218,かしわ台,相模鉄道,相鉄本線,35.466857,139.415882,17194,0.348
14321,倉見,東日本旅客鉄道,相模線,35.39505,139.378374,0,0.585
14321,宮山,東日本旅客鉄道,相模線,35.38221,139.379661,0,0.239
14321,寒川,東日本旅客鉄道,相模線,35.367706,139.387321,12894,0.207
14341,大磯,東日本旅客鉄道,東海道線,35.311448,139.313271,14832,0.399
14342,二宮,東日本旅客鉄道,東海道線,35.298665,139.256752,22682,0.73
14362,上大井,東海旅客鉄道,御殿場線,35.321796,139.163625,889,0.24
14362,相模金子,東海旅客鉄道,御殿場線,35.333753,139.150558,1106,0.237
14363,新松田,小田急電鉄,小田原線,35.344605,139.139464,20016,1.064
14363,松田,東海旅客鉄道,御殿場線,35.346005,139.139142,5882,0.939
14364,山北,東海旅客鉄道,御殿場線,35.360759,139.080348,923,0.083
14364,東山北,東海旅客鉄道,御殿場線,35.357661,139.107642,1496,0.474
14364,谷峨,東海旅客鉄道,御殿場線,35.366586,139.038312,183,0.084
14366,開成,小田急電鉄,小田原線,35.326505,139.135816,12389,0.538
14382,上強羅,小田急箱根,鋼索線,35.247144,139.037733,135,0.207
14382,中強羅,小田急箱根,鋼索線,35.24809,139.040308,66,0.127
14382,公園上,小田急箱根,鋼索線,35.249141,139.043334,82,0.39
14382,公園下,小田急箱根,鋼索線,35.25007,139.046037,93,0.578
14382,塔ノ沢,小田急箱根,鉄道線,35.234455,139.094017,93,0.241
14382,大平台,小田急箱根,鉄道線,35.239065,139.073868,234,0.484
14382,宮ノ下,小田急箱根,鉄道線,35.241992,139.063032,561,0.245
14382,小涌谷,小田急箱根,鉄道線,35.240344,139.053183,478,0.506
14382,強羅,小田急箱根,鉄道線,35.250894,139.048247,0,0.443
14382,強羅,小田急箱根,鋼索線,35.250736,139.047925,3981,0.456
14382,彫刻の森,小田急箱根,鉄道線,35.246635,139.050758,858,0.231
14382,早雲山,小田急箱根,鋼索線,35.24646,139.035823,3732,0.383
14382,箱根湯本,小田急箱根,鉄道線,35.233544,139.103951,9279,0.179
14384,湯河原,東日本旅客鉄道,東海道線,35.146126,139.102213,10324,0.163
14384,真鶴,東日本旅客鉄道,東海道線,35.156828,139.132218,5412,0.54
15101,新崎,東日本旅客鉄道,白新線,37.922416,139.15839,2380,0.215
15101,早通,東日本旅客鉄道,白新線,37.921113,139.178174,1850,0.112
15101,豊栄,東日本旅客鉄道,白新線,37.919505,139.215596,6394,0.155
15101,黒山,東日本旅客鉄道,白新線,37.937276,139.241388,0,0.797
15102,大形,東日本旅客鉄道,白新線,37.915425,139.129336,2236,0.408
15102,東新潟,東日本旅客鉄道,白新線,37.908789,139.108672,3100,0.206
15102,越後石山,東日本旅客鉄道,信越線,37.896378,139.095476,3464,0.117
15103,新潟,東日本旅客鉄道,上越新幹線,37.912005,139.061744,0,0.065
15103,新潟,東日本旅客鉄道,越後線,37.912158,139.060972,0,0.112
15103,新潟,東日本旅客鉄道,信越線,37.912158,139.060972,66376,0.112
15103,新潟,東日本旅客鉄道,白新線,37.912158,139.060972,0,0.112
15103,新潟,東日本旅客鉄道,越後線,37.912327,139.060929,0,0.112
15103,新潟,東日本旅客鉄道,信越線,37.912327,139.060929,0,0.112
15103,新潟,東日本旅客鉄道,白新線,37.912327,139.060929,0,0.112
15103,白山,東日本旅客鉄道,越後線,37.911825,139.030037,9390,0.194
15103,関屋,東日本旅客鉄道,越後線,37.906131,139.015138,3558,0.092
15104,亀田,東日本旅客鉄道,信越線,37.877191,139.108243,9842,0.123
15105,さつき野,東日本旅客鉄道,信越線,37.813107,139.117362,1720,0.16
15105,古津,東日本旅客鉄道,信越線,37.773005,139.114466,0,0.153
15105,新津,東日本旅客鉄道,羽越線,37.800307,139.121203,0,0.154
15105,新津,東日本旅客鉄道,信越線,37.800307,139.121203,7572,0.154
15105,新津,東日本旅客鉄道,磐越西線,37.800307,139.121203,0,0.154
15105,東新津,東日本旅客鉄道,磐越西線,37.787725,139.143584,0,0.286
15105,矢代田,東日本旅客鉄道,信越線,37.748882,139.095497,1706,0.175
15105,荻川,東日本旅客鉄道,信越線,37.832582,139.111633,3684,0.2
15107,内野,東日本旅客鉄道,越後線,37.85832,138.936625,4588,0.15
15107,内野西が丘,東日本旅客鉄道,越後線,37.846138,138.926711,0,0.13
15107,寺尾,東日本旅客鉄道,越後線,37.87902,138.973639,3672,0.099
15107,小針,東日本旅客鉄道,越後線,37.889486,138.991106,4482,0.118
15107,新潟大学前,東日本旅客鉄道,越後線,37.869179,138.954585,5622,0.166
15107,越後赤塚,東日本旅客鉄道,越後線,37.815988,138.908172,0,0.229
15107,青山,東日本旅客鉄道,越後線,37.898528,139.000812,1872,0.253
15108,岩室,東日本旅客鉄道,越後線,37.721425,138.879998,0,0.175
15108,巻,東日本旅客鉄道,越後線,37.756992,138.889589,3976,0.744
15108,越後曽根,東日本旅客鉄道,越後線,37.793491,138.91109,1320,0.361
15202,内ヶ巻,東日本旅客鉄道,飯山線,37.250008,138.851759,0,1.486
15202,前川,東日本旅客鉄道,信越線,37.401767,138.823886,0,0.166
15202,北長岡,東日本旅客鉄道,信越線,37.468829,138.862424,0,0.246
15202,塚山,東日本旅客鉄道,信越線,37.355149,138.729944,0,0.772
15202,妙法寺,東日本旅客鉄道,越後線,37.566453,138.742111,0,0.47
15202,宮内,東日本旅客鉄道,上越線,37.422134,138.840129,2174,0.212
15202,宮内,東日本旅客鉄道,信越線,37.422134,138.840129,0,0.212
15202,寺泊,東日本旅客鉄道,越後線,37.620265,138.814466,254,0.09
15202,小島谷,東日本旅客鉄道,越後線,37.574549,138.771358,0,1.254
15202,押切,東日本旅客鉄道,信越線,37.504943,138.881221,0,0.372
15202,来迎寺,東日本旅客鉄道,信越線,37.397233,138.783653,1142,0.845
15202,桐原,東日本旅客鉄道,越後線,37.601777,138.792515,0,0.243
15202,越後岩塚,東日本旅客鉄道,信越線,37.386185,138.756337,0,0.076
15202,越後川口,東日本旅客鉄道,上越線,37.272967,138.861634,314,1.054
15202,越後川口,東日本旅客鉄道,飯山線,37.272967,138.861634,0,1.054
15202,越後滝谷,東日本旅客鉄道,上越線,37.368639,138.83498,0,0.079
15202,長岡,東日本旅客鉄道,信越線,37.44776,138.853991,21266,0.095
15202,長岡,東日本旅客鉄道,上越新幹線,37.44776,138.85397,0,0.093
15204,三条,東日本旅客鉄道,信越線,37.621217,138.960893,3234,0.076
15204,保内,東日本旅客鉄道,信越線,37.639298,139.014688,0,0.87
15204,北三条,東日本旅客鉄道,弥彦線,37.632773,138.955615,690,0.169
15204,帯織,東日本旅客鉄道,信越線,37.573018,138.928556,0,0.441
15204,東三条,東日本旅客鉄道,信越線,37.628542,138.974755,4564,0.256
15204,東三条,東日本旅客鉄道,弥彦線,37.628542,138.974755,0,0.256
15204,東光寺,東日本旅客鉄道,信越線,37.593033,138.942933,0,0.495
15204,燕三条,東日本旅客鉄道,上越新幹線,37.647709,138.938577,0,0.198
15204,燕三条,東日本旅客鉄道,弥彦線,37.649051,138.939435,4396,0.304
15205,北条,東日本旅客鉄道,信越線,37.338295,138.637011,0,0.395
15205,安田,東日本旅客鉄道,信越線,37.341127,138.612163,0,0.277
15205,東柏崎,東日本旅客鉄道,越後線,37.373966,138.565893,0,0.164
15205,柏崎,東日本旅客鉄道,越後線,37.363557,138.556416,0,0.165
15205,柏崎,東日本旅客鉄道,信越線,37.363557,138.556416,2760,0.165
15205,石地,東日本旅客鉄道,越後線,37.484138,138.688252,0,0.694
15205,礼拝,東日本旅客鉄道,越後線,37.458985,138.663554,0,0.097
15205,笠島,東日本旅客鉄道,信越線,37.335748,138.467188,0,0.882
15205,米山,東日本旅客鉄道,信越線,37.316864,138.431468,0,0.738
15205,茨目,東日本旅客鉄道,信越線,37.357059,138.586736,0,0.178
15205,西中通,東日本旅客鉄道,越後線,37.392545,138.59283,0,0.281
15205,西山,東日本旅客鉄道,越後線,37.448254,138.641818,0,0.068
15205,越後広田,東日本旅客鉄道,信越線,37.357366,138.661215,0,0.885
15205,長鳥,東日本旅客鉄道,信越線,37.366422,138.684111,0,0.844
15205,青海川,東日本旅客鉄道,信越線,37.346194,138.486249,0,0.552
15205,鯨波,東日本旅客鉄道,信越線,37.355848,138.517342,0,0.09
15206,中浦,東日本旅客鉄道,羽越線,37.912107,139.302649,0,0.016
15206,佐々木,東日本旅客鉄道,白新線,37.949731,139.27012,1522,0.594
15206,加治,東日本旅客鉄道,羽越線,37.976511,139.358568,0,0.233
15206,新発田,東日本旅客鉄道,羽越線,37.944011,139.335136,6452,0.183
15206,新発田,東日本旅客鉄道,白新線,37.944011,139.335136,0,0.183
15206,西新発田,東日本旅客鉄道,白新線,37.941372,139.306769,0,0.252
15206,金塚,東日本旅客鉄道,羽越線,38.020289,139.379554,0,0.193
15208,小千谷,東日本旅客鉄道,上越線,37.309811,138.813415,2174,0.201
15208,越後岩沢,東日本旅客鉄道,飯山線,37.240784,138.797214,0,1.211
15209,加茂,東日本旅客鉄道,信越線,37.658836,139.048955,4296,0.143
15210,しんざ,北越急行,ほくほく線,37.139673,138.768396,129,0.471
15210,まつだい,北越急行,ほくほく線,37.132198,138.613966,340,0.562
15210,下条,東日本旅客鉄道,飯山線,37.19839,138.780048,0,0.299
15210,十日町,北越急行,ほくほく線,37.13461,138.755972,1069,0.07
15210,十日町,東日本旅客鉄道,飯山線,37.134798,138.756466,772,0.04
15210,土市,東日本旅客鉄道,飯山線,37.09748,138.729451,0,0.59
15210,美佐島,北越急行,ほくほく線,37.130949,138.789897,6,0.089
15210,越後水沢,東日本旅客鉄道,飯山線,37.074286,138.718185,0,0.602
15210,越後田沢,東日本旅客鉄道,飯山線,37.055348,138.694711,0,0.131
15210,魚沼中条,東日本旅客鉄道,飯山線,37.159462,138.772495,0,0.729
15211,見附,東日本旅客鉄道,信越線,37.540137,138.904824,3828,0.104
15212,今川,東日本旅客鉄道,羽越線,38.410155,139.468389,0,0.176
15212,勝木,東日本旅客鉄道,羽越線,38.490279,139.517462,0,0.366
15212,坂町,東日本旅客鉄道,羽越線,38.119297,139.445837,1044,0.308
15212,坂町,東日本旅客鉄道,米坂線,38.119297,139.445837,0,0.308
15212,岩船町,東日本旅客鉄道,羽越線,38.183486,139.459677,0,0.216
15212,平林,東日本旅客鉄道,羽越線,38.150099,139.459012,0,0.112
15212,府屋,東日本旅客鉄道,羽越線,38.513419,139.53038,0,0.297
15212,村上,東日本旅客鉄道,羽越線,38.219891,139.463325,2308,0.214
15212,桑川,東日本旅客鉄道,羽越線,38.375173,139.458797,0,0.272
15212,越後寒川,東日本旅客鉄道,羽越線,38.448766,139.490039,0,0.461
15212,越後早川,東日本旅客鉄道,羽越線,38.31639,139.449935,0,0.984
15212,間島,東日本旅客鉄道,羽越線,38.272453,139.45015,0,0.404
15213,分水,東日本旅客鉄道,越後線,37.629171,138.8394,0,0.13
15213,北吉田,東日本旅客鉄道,越後線,37.702005,138.882208,0,0.262
15213,南吉田,東日本旅客鉄道,越後線,37.671966,138.87105,0,0.634
15213,吉田,東日本旅客鉄道,弥彦線,37.687098,138.878582,2420,0.059
15213,吉田,東日本旅客鉄道,越後線,37.687115,138.87856,0,0.057
15213,燕,東日本旅客鉄道,弥彦線,37.667635,138.928471,0,0.085
15213,粟生津,東日本旅客鉄道,越後線,37.653978,138.873496,0,0.509
15213,西燕,東日本旅客鉄道,弥彦線,37.679779,138.909245,0,0.217
15216,えちご押上ひすい海岸,えちごトキめき鉄道,日本海ひすいライン,37.048241,137.878418,115,0.229
15216,下立,富山地方鉄道,本線,36.857716,137.541447,33,16.564
15216,下立口,富山地方鉄道,本線,36.859622,137.532992,45,16.859
15216,入善,あいの風とやま鉄道,あいの風とやま鉄道線,36.941283,137.499111,1700,14.223
15216,内山,富山地方鉄道,本線,36.846813,137.556767,33,16.822
15216,出平,黒部峡谷鉄道,本線,36.767269,137.633693,0,15.722
15216,姫川,西日本旅客鉄道,大糸線,37.020424,137.860973,6,0.806
15216,宇奈月,黒部峡谷鉄道,本線,36.81516,137.585628,2320,18.249
15216,宇奈月温泉,富山地方鉄道,本線,36.815864,137.583568,584,18.422
15216,小滝,西日本旅客鉄道,大糸線,36.938179,137.859514,2,0.799
15216,市振,あいの風とやま鉄道,あいの風とやま鉄道線,36.980444,137.650495,0,0.415
15216,市振,えちごトキめき鉄道,日本海ひすいライン,36.980444,137.650495,48,0.415
15216,平岩,西日本旅客鉄道,大糸線,36.886863,137.865608,6,1.966
15216,愛本,富山地方鉄道,本線,36.855776,137.553613,24,16.122
15216,新黒部,富山地方鉄道,本線,36.873047,137.481215,389,19.147
15216,柳橋,黒部峡谷鉄道,本線,36.803357,137.592001,0,17.891
15216,栃屋,富山地方鉄道,本線,36.869768,137.505956,119,17.69
15216,根知,西日本旅客鉄道,大糸線,36.966644,137.86711,12,0.538
15216,梶屋敷,えちごトキめき鉄道,日本海ひすいライン,37.056581,137.905812,37,0.533
15216,森石,黒部峡谷鉄道,本線,36.791983,137.613223,0,16.359
15216,泊,あいの風とやま鉄道,あいの風とやま鉄道線,36.951932,137.556016,828,9.042
15216,浦山,富山地方鉄道,本線,36.863416,137.519495,114,17.331
15216,浦本,えちごトキめき鉄道,日本海ひすいライン,37.074166,137.939787,11,0.611
15216,猫又,黒部峡谷鉄道,本線,36.749562,137.64174,0,16.157
15216,笹平,黒部峡谷鉄道,本線,36.783236,137.62393,0,15.771
15216,筒石,えちごトキめき鉄道,日本海ひすいライン,37.127322,138.060594,12,0.279
15216,糸魚川,えちごトキめき鉄道,日本海ひすいライン,37.043806,137.862582,469,0.063
15216,糸魚川,西日本旅客鉄道,北陸新幹線,37.043103,137.861295,1054,0.09
15216,糸魚川,西日本旅客鉄道,大糸線,37.043806,137.862582,0,0.063
15216,能生,えちごトキめき鉄道,日本海ひすいライン,37.096128,137.988839,258,0.424
15216,舌山,富山地方鉄道,本線,36.872017,137.485828,49,18.892
15216,若栗,富山地方鉄道,本線,36.871141,137.493231,30,18.442
15216,親不知,えちごトキめき鉄道,日本海ひすいライン,37.006854,137.738042,10,1.296
15216,越中宮崎,あいの風とやま鉄道,あいの風とやま鉄道線,36.973878,137.599511,166,4.744
15216,鐘釣,黒部峡谷鉄道,本線,36.734413,137.651331,843,16.55
15216,長屋,富山地方鉄道,本線,36.873527,137.470744,7,19.865
15216,青海,えちごトキめき鉄道,日本海ひすいライン,37.022497,137.795806,111,1.306
15216,音沢,富山地方鉄道,本線,36.840734,137.559922,23,17.272
15216,頸城大野,西日本旅客鉄道,大糸線,37.006151,137.872496,14,0.759
15216,黒薙,黒部峡谷鉄道,本線,36.786621,137.624831,158,15.564
15216,黒部宇奈月温泉,西日本旅客鉄道,北陸新幹線,36.874076,137.481129,1582,19.084
15217,北新井,えちごトキめき鉄道,妙高はねうまライン,37.0529,138.257704,220,0.246
15217,妙高高原,えちごトキめき鉄道,妙高はねうまライン,36.872308,138.212171,214,1.308
15217,妙高高原,しなの鉄道,北しなの線,36.872308,138.212171,0,1.308
15217,新井,えちごトキめき鉄道,妙高はねうまライン,37.026745,138.255622,774,0.077
15217,関山,えちごトキめき鉄道,妙高はねうまライン,36.932519,138.226783,94,1.116
15218,五泉,東日本旅客鉄道,磐越西線,37.734374,139.179804,1900,0.135
15218,北五泉,東日本旅客鉄道,磐越西線,37.746812,139.169676,0,0.099
15218,咲花,東日本旅客鉄道,磐越西線,37.735036,139.291062,0,1.175
15218,新関,東日本旅客鉄道,磐越西線,37.768238,139.162381,0,0.507
15218,猿和田,東日本旅客鉄道,磐越西線,37.729639,139.222376,0,0.428
15218,馬下,東日本旅客鉄道,磐越西線,37.737615,139.26055,0,0.842
15222,うらがわら,北越急行,ほくほく線,37.159308,138.419001,127,0.255
15222,くびき,北越急行,ほくほく線,37.198134,138.361623,115,0.589
15222,ほくほく大島,北越急行,ほくほく線,37.147011,138.509552,48,0.559
15222,上下浜,東日本旅客鉄道,信越線,37.252382,138.361666,0,0.532
15222,上越妙高,えちごトキめき鉄道,妙高はねうまライン,37.081356,138.248069,758,0.244
15222,上越妙高,東日本旅客鉄道,北陸新幹線,37.081373,138.248477,3986,0.277
15222,上越妙高,西日本旅客鉄道,北陸新幹線,37.081373,138.248477,0,0.277
15222,二本木,えちごトキめき鉄道,妙高はねうまライン,36.989642,138.232684,82,0.197
15222,南高田,えちごトキめき鉄道,妙高はねうまライン,37.096795,138.243027,796,0.115
15222,名立,えちごトキめき鉄道,日本海ひすいライン,37.155779,138.092709,77,0.624
15222,土底浜,東日本旅客鉄道,信越線,37.222777,138.324802,0,0.391
15222,大池いこいの森,北越急行,ほくほく線,37.18439,138.373425,6,0.389
15222,春日山,えちごトキめき鉄道,妙高はねうまライン,37.147986,138.235044,725,0.416
15222,有間川,えちごトキめき鉄道,日本海ひすいライン,37.163326,138.136661,6,1.051
15222,柿崎,東日本旅客鉄道,信越線,37.277775,138.385913,0,0.753
15222,潟町,東日本旅客鉄道,信越線,37.234412,138.340144,0,0.42
15222,犀潟,北越急行,ほくほく線,37.210097,138.304954,0,0.216
15222,犀潟,東日本旅客鉄道,信越線,37.210097,138.304954,1190,0.216
15222,直江津,えちごトキめき鉄道,妙高はねうまライン,37.170251,138.242233,1320,0.075
15222,直江津,えちごトキめき鉄道,日本海ひすいライン,37.170251,138.242233,0,0.075
15222,直江津,東日本旅客鉄道,信越線,37.170251,138.242233,0,0.075
15222,虫川大杉,北越急行,ほくほく線,37.154895,138.441446,104,0.654
15222,谷浜,えちごトキめき鉄道,日本海ひすいライン,37.162403,138.173912,13,1.083
15222,高田,えちごトキめき鉄道,妙高はねうまライン,37.114627,138.241975,2055,0.087
15222,黒井,東日本旅客鉄道,信越線,37.184254,138.268347,0,0.427
15223,京ヶ瀬,東日本旅客鉄道,羽越線,37.817633,139.178474,0,0.073
15223,月岡,東日本旅客鉄道,羽越線,37.889334,139.272437,0,0.575
15223,水原,東日本旅客鉄道,羽越線,37.836581,139.217227,0,0.216
15223,神山,東日本旅客鉄道,羽越線,37.862861,139.244843,0,0.34
15225,上条,東日本旅客鉄道,只見線,37.346791,139.050758,0,0.894
15225,入広瀬,東日本旅客鉄道,只見線,37.358697,139.065821,0,0.614
15225,八色,東日本旅客鉄道,上越線,37.191758,138.935101,0,0.952
15225,北堀之内,東日本旅客鉄道,上越線,37.255729,138.896327,0,1.034
15225,大白川,東日本旅客鉄道,只見線,37.341622,139.120903,0,3.086
15225,小出,東日本旅客鉄道,上越線,37.233574,138.953619,1354,0.215
15225,小出,東日本旅客鉄道,只見線,37.233574,138.953619,0,0.215
15225,柿ノ木,東日本旅客鉄道,只見線,37.340701,139.089854,0,1.684
15225,藪神,東日本旅客鉄道,只見線,37.256839,138.975871,0,0.312
15225,越後堀之内,東日本旅客鉄道,上越線,37.238956,138.928277,0,0.383
15225,越後広瀬,東日本旅客鉄道,只見線,37.274548,138.981407,0,0.466
15225,越後須原,東日本旅客鉄道,只見線,37.32055,139.017756,0,1.034
15225,魚沼田中,東日本旅客鉄道,只見線,37.29413,138.992629,0,0.101
15226,上越国際スキー場前,東日本旅客鉄道,上越線,37.02875,138.828027,0,0.456
15226,五日町,東日本旅客鉄道,上越線,37.119948,138.908451,0,0.997
15226,六日町,北越急行,ほくほく線,37.067626,138.876135,0,0.03
15226,六日町,東日本旅客鉄道,上越線,37.066558,138.875527,3369,0.11
15226,塩沢,東日本旅客鉄道,上越線,37.041493,138.848433,0,0.696
15226,大沢,東日本旅客鉄道,上越線,37.021229,138.821311,0,0.833
15226,浦佐,東日本旅客鉄道,上越新幹線,37.167584,138.922741,0,0.058
15226,浦佐,東日本旅客鉄道,上越線,37.167379,138.923042,2580,0.085
15226,石打,東日本旅客鉄道,上越線,36.988928,138.804166,0,0.547
15226,魚沼丘陵,北越急行,ほくほく線,37.096128,138.877573,86,0.77
15227,中条,東日本旅客鉄道,羽越線,38.049882,139.398007,2032,0.137
15227,平木田,東日本旅客鉄道,羽越線,38.094376,139.427898,0,0.384
15342,弥彦,東日本旅客鉄道,弥彦線,37.699187,138.831782,366,0.348
15342,矢作,東日本旅客鉄道,弥彦線,37.690647,138.851674,0,0.475
15361,田上,東日本旅客鉄道,信越線,37.718472,139.074211,0,0.989
15361,羽生田,東日本旅客鉄道,信越線,37.693652,139.060693,0,0.892
15385,三川,東日本旅客鉄道,磐越西線,37.708405,139.381485,0,0.42
15385,五十島,東日本旅客鉄道,磐越西線,37.715908,139.353461,0,1.086
15385,日出谷,東日本旅客鉄道,磐越西線,37.705723,139.534006,0,2.968
15385,東下条,東日本旅客鉄道,磐越西線,37.736835,139.321876,0,0.192
15385,津川,東日本旅客鉄道,磐越西線,37.688184,139.446952,0,1.005
15385,豊実,東日本旅客鉄道,磐越西線,37.680475,139.576299,0,2.066
15385,鹿瀬,東日本旅客鉄道,磐越西線,37.695961,139.480212,0,0.481
15405,出雲崎,東日本旅客鉄道,越後線,37.531833,138.716254,0,0.105
15405,小木ノ城,東日本旅客鉄道,越後線,37.515547,138.704152,0,0.214
15461,ガーラ湯沢,東日本旅客鉄道,上越線,36.950166,138.799489,2196,0.775
15461,土樽,東日本旅客鉄道,上越線,36.875278,138.861609,0,1.436
15461,岩原スキー場前,東日本旅客鉄道,上越線,36.924251,138.83925,0,2.292
15461,越後中里,東日本旅客鉄道,上越線,36.910321,138.848519,0,3.02
15461,越後湯沢,東日本旅客鉄道,上越新幹線,36.935452,138.809509,0,0.197
15461,越後湯沢,東日本旅客鉄道,上越線,36.935452,138.809509,6494,0.197
15461,越後湯沢,東日本旅客鉄道,上越線,36.936172,138.809745,0,0.172
15482,津南,東日本旅客鉄道,飯山線,37.023422,138.63935,124,0.769
15482,越後田中,東日本旅客鉄道,飯山線,37.00526,138.627076,0,1.24
15482,越後鹿渡,東日本旅客鉄道,飯山線,37.048087,138.671579,0,0.846
15482,足滝,東日本旅客鉄道,飯山線,36.998971,138.60373,0,1.394
15504,刈羽,東日本旅客鉄道,越後線,37.42999,138.619652,0,0.361
15504,荒浜,東日本旅客鉄道,越後線,37.404733,138.601949,0,0.141
15581,越後下関,東日本旅客鉄道,米坂線,38.089986,139.560163,0,0.844
15581,越後大島,東日本旅客鉄道,米坂線,38.099645,139.518321,0,0.55
15581,越後片貝,東日本旅客鉄道,米坂線,38.070781,139.622412,0,0.535
15581,越後金丸,東日本旅客鉄道,米坂線,38.066507,139.663525,0,0.843
19201,南甲府,東海旅客鉄道,身延線,35.643748,138.578196,991,0.053
19201,善光寺,東海旅客鉄道,身延線,35.659824,138.589225,747,0.137
19201,国母,東海旅客鉄道,身延線,35.630547,138.55206,747,0.172
19201,甲府,東日本旅客鉄道,中央線,35.667129,138.568754,26786,0.27
19201,甲府,東海旅客鉄道,身延線,35.666536,138.570364,0,0.176
19201,甲斐住吉,東海旅客鉄道,身延線,35.636599,138.569956,940,0.189
19201,酒折,東日本旅客鉄道,中央線,35.659528,138.59946,4136,0.171
19201,金手,東海旅客鉄道,身延線,35.662213,138.578861,116,0.172
19202,下吉田,富士山麓電気鉄道,大月線,35.497958,138.803759,1760,0.183
19202,富士山,富士山麓電気鉄道,河口湖線,35.48358,138.794832,0,0.119
19202,富士山,富士山麓電気鉄道,大月線,35.48358,138.794832,1936,0.119
19202,富士急ハイランド,富士山麓電気鉄道,河口湖線,35.489573,138.781786,1547,0.397
19202,寿,富士山麓電気鉄道,大月線,35.508457,138.825581,245,0.177
19202,月江寺,富士山麓電気鉄道,大月線,35.493329,138.797987,679,0.13
19202,葭池温泉前,富士山麓電気鉄道,大月線,35.502168,138.81217,160,0.135
19204,十日市場,富士山麓電気鉄道,大月線,35.538879,138.887465,86,0.437
19204,東桂,富士山麓電気鉄道,大月線,35.536242,138.870449,441,0.202
19204,田野倉,富士山麓電気鉄道,大月線,35.593477,138.931217,550,0.648
19204,禾生,富士山麓電気鉄道,大月線,35.575189,138.929243,527,0.178
19204,谷村町,富士山麓電気鉄道,大月線,35.550594,138.904631,465,0.031
19204,赤坂,富士山麓電気鉄道,大月線,35.56606,138.916068,562,0.372
19204,都留市,富士山麓電気鉄道,大月線,35.55721,138.907464,447,0.145
19204,都留文科大学前,富士山麓電気鉄道,大月線,35.542581,138.896627,1663,0.086
19205,山梨市,東日本旅客鉄道,中央線,35.685048,138.682837,3110,0.484
19205,東山梨,東日本旅客鉄道,中央線,35.694336,138.703058,0,0.323
19206,上大月,富士山麓電気鉄道,大月線,35.609406,138.938062,117,0.138
19206,初狩,東日本旅客鉄道,中央線,35.594367,138.883495,0,1.036
19206,大月,富士山麓電気鉄道,大月線,35.612668,138.941946,6693,0.14
19206,大月,東日本旅客鉄道,中央線,35.613261,138.942568,10310,0.179
19206,梁川,東日本旅客鉄道,中央線,35.606266,139.037304,0,0.247
19206,猿橋,東日本旅客鉄道,中央線,35.612895,138.968382,1928,0.462
19206,笹子,東日本旅客鉄道,中央線,35.603975,138.825417,0,0.998
19206,鳥沢,東日本旅客鉄道,中央線,35.608045,139.003487,0,1.468
19207,新府,東日本旅客鉄道,中央線,35.736864,138.433142,0,0.495
19207,穴山,東日本旅客鉄道,中央線,35.751058,138.413894,0,0.783
19207,韮崎,東日本旅客鉄道,中央線,35.709676,138.451338,4746,0.104
19209,小淵沢,東日本旅客鉄道,小海線,35.863822,138.316433,0,1.63
19209,小淵沢,東日本旅客鉄道,中央線,35.863822,138.316433,2764,1.63
19209,日野春,東日本旅客鉄道,中央線,35.7907,138.394303,898,0.15
19209,清里,東日本旅客鉄道,小海線,35.919153,138.436618,274,0.475
19209,甲斐大泉,東日本旅客鉄道,小海線,35.896316,138.409667,0,1.302
19209,甲斐小泉,東日本旅客鉄道,小海線,35.879558,138.359392,0,0.974
19209,長坂,東日本旅客鉄道,中央線,35.827359,138.366609,0,0.629
19210,塩崎,東日本旅客鉄道,中央線,35.687732,138.487816,2032,0.446
19210,竜王,東日本旅客鉄道,中央線,35.66868,138.519359,4608,0.523
19211,春日居町,東日本旅客鉄道,中央線,35.673457,138.658984,0,0.129
19211,石和温泉,東日本旅客鉄道,中央線,35.657523,138.634479,5402,0.212
19212,上野原,東日本旅客鉄道,中央線,35.618442,139.11541,8344,0.229
19212,四方津,東日本旅客鉄道,中央線,35.614134,139.073653,2552,0.406
19213,勝沼ぶどう郷,東日本旅客鉄道,中央線,35.672858,138.743262,616,0.963
19213,塩山,東日本旅客鉄道,中央線,35.705367,138.734751,3180,0.417
19213,甲斐大和,東日本旅客鉄道,中央線,35.639383,138.781557,0,1.376
19214,小井川,東海旅客鉄道,身延線,35.604521,138.528543,414,0.17
19214,東花輪,東海旅客鉄道,身延線,35.594855,138.527019,1260,0.443
19214,甲斐上野,東海旅客鉄道,身延線,35.569586,138.520496,128,0.935
19346,久那土,東海旅客鉄道,身延線,35.481501,138.467431,33,0.727
19346,市川大門,東海旅客鉄道,身延線,35.560457,138.493223,766,0.631
19346,市川本町,東海旅客鉄道,身延線,35.560614,138.502021,621,0.57
19346,甲斐岩間,東海旅客鉄道,身延線,35.492508,138.463075,208,0.444
19346,芦川,東海旅客鉄道,身延線,35.563076,138.511248,139,0.943
19346,落居,東海旅客鉄道,身延線,35.503566,138.471251,28,0.785
19365,下部温泉,東海旅客鉄道,身延線,35.425795,138.472474,118,0.603
19365,塩之沢,東海旅客鉄道,身延線,35.379673,138.453913,10,0.945
19365,市ノ瀬,東海旅客鉄道,身延線,35.462348,138.482151,7,0.203
19365,波高島,東海旅客鉄道,身延線,35.418503,138.459706,47,0.465
19365,甲斐大島,東海旅客鉄道,身延線,35.328168,138.452132,12,1.05
19365,甲斐常葉,東海旅客鉄道,身延線,35.444676,138.47698,37,1.434
19365,身延,東海旅客鉄道,身延線,35.361459,138.453076,452,0.751
19366,井出,東海旅客鉄道,身延線,35.247459,138.490992,44,1.701
19366,内船,東海旅客鉄道,身延線,35.282219,138.465028,209,1.231
19366,十島,東海旅客鉄道,身延線,35.230126,138.51614,59,0.437
19366,寄畑,東海旅客鉄道,身延線,35.264841,138.475006,14,2.063
19368,鰍沢口,東海旅客鉄道,身延線,35.541428,138.470886,184,0.255
19384,常永,東海旅客鉄道,身延線,35.617029,138.533134,894,0.363
19423,三つ峠,富士山麓電気鉄道,大月線,35.524298,138.845515,332,0.382
19430,河口湖,富士山麓電気鉄道,河口湖線,35.497976,138.769383,4381,1.377
20201,三才,しなの鉄道,北しなの線,36.686489,138.243842,2507,0.39
20201,今井,東日本旅客鉄道,信越線,36.594892,138.145094,3682,0.253
20201,信濃吉田,長野電鉄,長野線,36.667438,138.220925,2631,0.244
20201,信濃川田,長野電鉄,屋代線,36.605503,138.238585,0,0.998
20201,信濃浅野,東日本旅客鉄道,飯山線,36.721773,138.294504,222,0.394
20201,北長野,しなの鉄道,北しなの線,36.665063,138.222642,3379,0.31
20201,善光寺下,長野電鉄,長野線,36.658384,138.193653,1089,0.12
20201,大室,長野電鉄,屋代線,36.601042,138.223693,0,1.421
20201,安茂里,東日本旅客鉄道,信越線,36.630269,138.161809,1894,0.186
20201,岩野,長野電鉄,屋代線,36.560635,138.162904,0,0.377
20201,川中島,東日本旅客鉄道,信越線,36.614081,138.150694,3096,0.447
20201,市役所前,長野電鉄,長野線,36.64809,138.191228,1215,0.171
20201,朝陽,長野電鉄,長野線,36.666319,138.240688,1885,0.219
20201,本郷,長野電鉄,長野線,36.662601,138.204103,2363,0.177
20201,松代,長野電鉄,屋代線,36.565909,138.198137,0,0.414
20201,柳原,長野電鉄,長野線,36.663427,138.258305,992,0.486
20201,桐原,長野電鉄,長野線,36.665665,138.213072,1941,0.273
20201,権堂,長野電鉄,長野線,36.653237,138.192108,2248,0.201
20201,稲荷山,東日本旅客鉄道,篠ノ井線,36.552655,138.108101,610,0.167
20201,立ヶ花,東日本旅客鉄道,飯山線,36.731301,138.307014,0,0.31
20201,篠ノ井,しなの鉄道,しなの鉄道線,36.577093,138.138142,0,0.18
20201,篠ノ井,東日本旅客鉄道,篠ノ井線,36.577093,138.138142,0,0.18
20201,篠ノ井,東日本旅客鉄道,信越線,36.577093,138.138142,16358,0.18
20201,綿内,長野電鉄,屋代線,36.625069,138.259614,0,1.379
20201,若穂,長野電鉄,屋代線,36.610739,138.252962,0,1.047
20201,豊野,しなの鉄道,北しなの線,36.711091,138.275578,1756,0.739
20201,豊野,東日本旅客鉄道,飯山線,36.711091,138.275578,0,0.739
20201,象山口,長野電鉄,屋代線,36.561256,138.188653,0,0.865
20201,金井山,長野電鉄,屋代線,36.591222,138.201463,0,0.1
20201,長野,しなの鉄道,北しなの線,36.643458,138.188868,0,0.167
20201,長野,東日本旅客鉄道,北陸新幹線,36.642804,138.188868,0,0.212
20201,長野,東日本旅客鉄道,信越線,36.643458,138.188868,38572,0.167
20201,長野,長野電鉄,長野線,36.644457,138.188889,9480,0.107
20201,附属中学前,長野電鉄,長野線,36.662842,138.247898,2047,0.316
20202,三溝,アルピコ交通,上高地線,36.212649,137.891314,509,2.054
20202,下島,アルピコ交通,上高地線,36.206122,137.871852,367,0.455
20202,下新,アルピコ交通,上高地線,36.225148,137.922621,193,1.137
20202,信濃荒井,アルピコ交通,上高地線,36.22906,137.949486,104,0.386
20202,北新・松本大学前,アルピコ交通,上高地線,36.219626,137.913523,1303,0.486
20202,北松本,東日本旅客鉄道,大糸線,36.236918,137.961073,1212,0.206
20202,南松本,東日本旅客鉄道,篠ノ井線,36.21071,137.969613,2800,0.159
20202,大庭,アルピコ交通,上高地線,36.226966,137.941246,322,0.573
20202,島内,東日本旅客鉄道,大糸線,36.246921,137.944765,0,0.635
20202,島高松,東日本旅客鉄道,大糸線,36.246333,137.931633,0,1.628
20202,平田,東日本旅客鉄道,篠ノ井線,36.191663,137.962554,2736,0.249
20202,新島々,アルピコ交通,上高地線,36.189793,137.82177,717,0.755
20202,新村,アルピコ交通,上高地線,36.216458,137.905326,255,0.857
20202,村井,東日本旅客鉄道,篠ノ井線,36.173426,137.955709,4258,0.218
20202,松本,アルピコ交通,上高地線,36.231051,137.963777,0,0.144
20202,松本,東日本旅客鉄道,篠ノ井線,36.230272,137.964613,34132,0.139
20202,松本,東日本旅客鉄道,大糸線,36.230272,137.964613,0,0.139
20202,梓橋,東日本旅客鉄道,大糸線,36.250174,137.918093,936,2.377
20202,森口,アルピコ交通,上高地線,36.208027,137.881336,520,1.228
20202,波田,アルピコ交通,上高地線,36.200408,137.856445,986,0.318
20202,渕東,アルピコ交通,上高地線,36.195196,137.839923,91,0.199
20202,渚,アルピコ交通,上高地線,36.227139,137.956095,254,0.2
20202,西松本,アルピコ交通,上高地線,36.227,137.963176,125,0.241
20203,三好町,上田電鉄,別所線,36.391682,138.235538,136,0.209
20203,上田,しなの鉄道,しなの鉄道線,36.395758,138.250258,9158,0.14
20203,上田,上田電鉄,別所線,36.395758,138.250258,2484,0.14
20203,上田,東日本旅客鉄道,北陸新幹線,36.396138,138.250215,5142,0.098
20203,上田原,上田電鉄,別所線,36.390387,138.221719,616,0.198
20203,下之郷,上田電鉄,別所線,36.363246,138.217213,269,0.839
20203,中塩田,上田電鉄,別所線,36.363228,138.20466,76,0.286
20203,中野,上田電鉄,別所線,36.360515,138.193331,78,0.33
20203,信濃国分寺,しなの鉄道,しなの鉄道線,36.378312,138.273818,1052,0.402
20203,八木沢,上田電鉄,別所線,36.358373,138.175757,58,0.227
20203,別所温泉,上田電鉄,別所線,36.353188,138.161895,467,0.854
20203,城下,上田電鉄,別所線,36.392459,138.242662,71,0.568
20203,塩田町,上田電鉄,別所線,36.360913,138.198416,269,0.474
20203,大学前,上田電鉄,別所線,36.371315,138.215132,627,0.831
20203,大屋,しなの鉄道,しなの鉄道線,36.369604,138.297143,1480,0.409
20203,寺下,上田電鉄,別所線,36.383892,138.216333,166,0.151
20203,神畑,上田電鉄,別所線,36.377845,138.216956,110,0.526
20203,舞田,上田電鉄,別所線,36.359651,138.182795,56,0.636
20203,西上田,しなの鉄道,しなの鉄道線,36.416879,138.209059,1632,0.645
20203,赤坂上,上田電鉄,別所線,36.391337,138.22717,250,0.422
20204,岡谷,東日本旅客鉄道,中央線,36.056767,138.045123,5524,0.152
20204,川岸,東日本旅客鉄道,中央線,36.033032,138.021991,0,0.285
20205,下山村,東海旅客鉄道,飯田線,35.504212,137.83973,80,0.272
20205,伊那上郷,東海旅客鉄道,飯田線,35.520177,137.839022,1320,0.616
20205,伊那八幡,東海旅客鉄道,飯田線,35.496736,137.841554,353,0.37
20205,元善光寺,東海旅客鉄道,飯田線,35.53385,137.861423,396,1.627
20205,切石,東海旅客鉄道,飯田線,35.512404,137.809153,188,0.274
20205,千代,東海旅客鉄道,飯田線,35.429204,137.816792,5,1.051
20205,天竜峡,東海旅客鉄道,飯田線,35.441093,137.817349,403,0.941
20205,川路,東海旅客鉄道,飯田線,35.453119,137.815762,201,0.889
20205,時又,東海旅客鉄道,飯田線,35.464043,137.827756,215,0.22
20205,桜町,東海旅客鉄道,飯田線,35.522185,137.829773,226,0.1
20205,毛賀,東海旅客鉄道,飯田線,35.487441,137.839386,193,0.45
20205,金野,東海旅客鉄道,飯田線,35.41915,137.817178,1,1.515
20205,飯田,東海旅客鉄道,飯田線,35.519722,137.821255,1280,0.135
20205,駄科,東海旅客鉄道,飯田線,35.475559,137.839816,301,0.727
20205,鼎,東海旅客鉄道,飯田線,35.50671,137.828357,1230,0.317
20206,上諏訪,東日本旅客鉄道,中央線,36.046774,138.116255,7658,0.155
20207,井上,長野電鉄,屋代線,36.63831,138.280599,0,0.547
20207,北須坂,長野電鉄,長野線,36.678401,138.308709,823,0.405
20207,日野,長野電鉄,長野線,36.65594,138.288796,434,0.325
20207,村山,長野電鉄,長野線,36.659279,138.280256,589,0.468
20207,須坂,長野電鉄,長野線,36.6568,138.304203,5220,0.102
20207,須坂,長野電鉄,屋代線,36.6568,138.304203,0,0.102
20208,三岡,東日本旅客鉄道,小海線,36.30418,138.448441,0,0.812
20208,乙女,東日本旅客鉄道,小海線,36.311304,138.440502,0,0.288
20208,小諸,しなの鉄道,しなの鉄道線,36.325671,138.422871,2578,0.137
20208,小諸,東日本旅客鉄道,小海線,36.325844,138.422563,0,0.122
20208,平原,しなの鉄道,しなの鉄道線,36.308641,138.453913,144,0.323
20208,東小諸,東日本旅客鉄道,小海線,36.31701,138.43209,0,0.239
20208,美里,東日本旅客鉄道,小海線,36.292299,138.450243,0,0.446
20209,下島,東海旅客鉄道,飯田線,35.813167,137.940152,120,0.846
20209,伊那北,東海旅客鉄道,飯田線,35.845248,137.964356,1931,0.677
20209,伊那市,東海旅客鉄道,飯田線,35.838429,137.959249,1982,0.503
20209,沢渡,東海旅客鉄道,飯田線,35.803718,137.944014,775,0.158
20209,田畑,東海旅客鉄道,飯田線,35.860796,137.977831,272,0.812
20210,伊那福岡,東海旅客鉄道,飯田線,35.712232,137.933972,606,0.846
20210,小町屋,東海旅客鉄道,飯田線,35.726778,137.935152,1237,0.239
20210,駒ヶ根,東海旅客鉄道,飯田線,35.736289,137.936869,895,0.162
20211,上今井,東日本旅客鉄道,飯山線,36.753361,138.319459,0,0.315
20211,中野松川,長野電鉄,長野線,36.750662,138.374305,155,0.397
20211,信州中野,長野電鉄,長野線,36.744713,138.364885,2708,0.107
20211,信濃竹原,長野電鉄,長野線,36.761098,138.39366,51,0.998
20211,延徳,長野電鉄,長野線,36.726743,138.362503,215,0.282
20211,替佐,東日本旅客鉄道,飯山線,36.769297,138.324137,0,0.912
20211,桜沢,長野電鉄,長野線,36.712639,138.349628,93,0.745
20211,蓮,東日本旅客鉄道,飯山線,36.808838,138.349178,0,0.802
20212,ヤナバスキー場前,東日本旅客鉄道,大糸線,36.60583,137.854986,0,0.107
20212,信濃大町,東日本旅客鉄道,大糸線,36.500305,137.861745,2220,0.12
20212,信濃常盤,東日本旅客鉄道,大糸線,36.46737,137.847154,0,1.149
20212,信濃木崎,東日本旅客鉄道,大糸線,36.53564,137.846253,0,1.044
20212,北大町,東日本旅客鉄道,大糸線,36.517604,137.858076,0,0.96
20212,南大町,東日本旅客鉄道,大糸線,36.491525,137.856274,0,0.12
20212,大観峰,立山黒部貫光,無軌条電車線,36.569718,137.631719,1168,12.128
20212,安曇沓掛,東日本旅客鉄道,大糸線,36.447816,137.854772,0,0.136
20212,室堂,立山黒部貫光,無軌条電車線,36.577352,137.595511,1291,15.206
20212,扇沢,関西電力,関西電力,36.55886,137.720854,0,6.802
20212,海ノ口,東日本旅客鉄道,大糸線,36.565685,137.841854,0,0.587
20212,稲尾,東日本旅客鉄道,大糸線,36.554103,137.842627,0,0.379
20212,簗場,東日本旅客鉄道,大糸線,36.594805,137.844772,0,1.205
20212,黒部ダム,関西電力,関西電力,36.566995,137.666416,0,9.743
20212,黒部平,立山黒部貫光,鋼索線,36.567047,137.65058,1326,10.691
20212,黒部湖,立山黒部貫光,鋼索線,36.56653,137.658412,1199,10.168
20213,信濃平,東日本旅客鉄道,飯山線,36.88501,138.378489,0,0.988
20213,北飯山,東日本旅客鉄道,飯山線,36.858815,138.363876,0,0.398
20213,戸狩野沢温泉,東日本旅客鉄道,飯山線,36.916669,138.39293,252,1.277
20213,飯山,東日本旅客鉄道,北陸新幹線,36.845148,138.359005,0,0.329
20213,飯山,東日本旅客鉄道,飯山線,36.846041,138.358791,1962,0.358
20214,茅野,東日本旅客鉄道,中央線,35.994987,138.151767,6704,0.389
20215,みどり湖,東日本旅客鉄道,中央線,36.094245,137.981951,0,0.263
20215,塩尻,東日本旅客鉄道,篠ノ井線,36.114806,137.947876,0,0.24
20215,塩尻,東日本旅客鉄道,中央線,36.114806,137.947876,7816,0.24
20215,塩尻,東海旅客鉄道,中央線,36.114806,137.947876,0,0.24
20215,奈良井,東海旅客鉄道,中央線,35.969462,137.816212,178,1.869
20215,広丘,東日本旅客鉄道,篠ノ井線,36.147942,137.949572,5282,0.473
20215,日出塩,東海旅客鉄道,中央線,36.049064,137.894855,13,3.517
20215,木曽平沢,東海旅客鉄道,中央線,35.979117,137.832361,69,0.198
20215,洗馬,東海旅客鉄道,中央線,36.087136,137.916806,86,1.714
20215,藪原,東海旅客鉄道,中央線,35.930153,137.78439,212,2.936
20215,贄川,東海旅客鉄道,中央線,36.013994,137.860951,193,0.435
20217,中佐都,東日本旅客鉄道,小海線,36.280883,138.453612,0,0.904
20217,中込,東日本旅客鉄道,小海線,36.230652,138.479404,1822,0.171
20217,佐久平,東日本旅客鉄道,北陸新幹線,36.27815,138.464642,0,0.143
20217,佐久平,東日本旅客鉄道,小海線,36.277562,138.463311,6288,0.158
20217,北中込,東日本旅客鉄道,小海線,36.254915,138.476701,0,0.012
20217,太田部,東日本旅客鉄道,小海線,36.220336,138.487773,0,0.181
20217,岩村田,東日本旅客鉄道,小海線,36.274483,138.472431,2254,0.623
20217,海瀬,東日本旅客鉄道,小海線,36.155791,138.485928,0,0.678
20217,滑津,東日本旅客鉄道,小海線,36.238718,138.475006,0,0.209
20217,羽黒下,東日本旅客鉄道,小海線,36.166393,138.48964,178,0.688
20217,臼田,東日本旅客鉄道,小海線,36.194001,138.488245,318,0.126
20217,青沼,東日本旅客鉄道,小海線,36.181307,138.489168,0,0.955
20217,龍岡城,東日本旅客鉄道,小海線,36.204218,138.490734,0,0.977
20218,千曲,しなの鉄道,しなの鉄道線,36.509205,138.141425,949,0.507
20218,姨捨,東日本旅客鉄道,篠ノ井線,36.502875,138.093166,0,1.806
20218,屋代,しなの鉄道,しなの鉄道線,36.532554,138.128142,3274,0.211
20218,屋代,長野電鉄,屋代線,36.53233,138.128464,0,0.174
20218,屋代高校前,しなの鉄道,しなの鉄道線,36.547949,138.132498,2210,0.459
20218,戸倉,しなの鉄道,しなの鉄道線,36.492957,138.153055,1924,0.383
20218,東屋代,長野電鉄,屋代線,36.542329,138.132262,0,0.175
20218,雨宮,長野電鉄,屋代線,36.548845,138.148119,0,0.131
20219,滋野,しなの鉄道,しなの鉄道線,36.3423,138.363941,680,0.79
20219,田中,しなの鉄道,しなの鉄道線,36.354415,138.329201,1995,0.177
20220,一日市場,東日本旅客鉄道,大糸線,36.260089,137.903996,1332,1.0
20220,中萱,東日本旅客鉄道,大糸線,36.273878,137.903309,696,0.97
20220,南豊科,東日本旅客鉄道,大糸線,36.291002,137.903481,1560,0.56
20220,安曇追分,東日本旅客鉄道,大糸線,36.37185,137.872775,518,1.394
20220,明科,東日本旅客鉄道,篠ノ井線,36.353949,137.930045,1612,1.024
20220,有明,東日本旅客鉄道,大糸線,36.360014,137.878246,408,0.353
20220,柏矢町,東日本旅客鉄道,大糸線,36.322473,137.888374,1040,1.383
20220,田沢,東日本旅客鉄道,篠ノ井線,36.301707,137.941031,898,1.006
20220,穂高,東日本旅客鉄道,大糸線,36.339074,137.881966,2170,0.792
20220,豊科,東日本旅客鉄道,大糸線,36.300012,137.900949,1626,1.453
20303,小海,東日本旅客鉄道,小海線,36.088679,138.482881,366,1.478
20303,松原湖,東日本旅客鉄道,小海線,36.060999,138.470542,0,1.764
20303,馬流,東日本旅客鉄道,小海線,36.101839,138.485992,0,0.281
20304,信濃川上,東日本旅客鉄道,小海線,35.97587,138.527083,162,2.163
20305,佐久広瀬,東日本旅客鉄道,小海線,36.003684,138.519402,0,1.082
20305,野辺山,東日本旅客鉄道,小海線,35.955325,138.474491,244,1.04
20306,佐久海ノ口,東日本旅客鉄道,小海線,36.02118,138.49082,0,1.682
20306,海尻,東日本旅客鉄道,小海線,36.041309,138.473568,0,1.754
20309,八千穂,東日本旅客鉄道,小海線,36.133317,138.477409,144,1.832
20309,高岩,東日本旅客鉄道,小海線,36.115742,138.477516,0,1.169
20321,中軽井沢,しなの鉄道,しなの鉄道線,36.347534,138.59307,1326,0.256
20321,信濃追分,しなの鉄道,しなの鉄道線,36.335456,138.558497,492,1.46
20321,軽井沢,しなの鉄道,しなの鉄道線,36.342871,138.634994,2823,0.372
20321,軽井沢,東日本旅客鉄道,北陸新幹線,36.342594,138.634973,8604,0.4
20323,御代田,しなの鉄道,しなの鉄道線,36.318998,138.506312,1606,0.856
20361,下諏訪,東日本旅客鉄道,中央線,36.071961,138.084991,3542,0.162
20362,信濃境,東日本旅客鉄道,中央線,35.884965,138.275449,0,2.197
20362,富士見,東日本旅客鉄道,中央線,35.912272,138.237855,1676,0.323
20363,すずらんの里,東日本旅客鉄道,中央線,35.930402,138.211827,0,1.961
20363,青柳,東日本旅客鉄道,中央線,35.942783,138.197451,0,1.552
20382,伊那新町,東海旅客鉄道,飯田線,35.968785,137.984054,107,0.471
20382,信濃川島,東日本旅客鉄道,中央線,36.013647,137.971909,0,0.687
20382,宮木,東海旅客鉄道,飯田線,35.97627,137.990491,913,0.166
20382,小野,東日本旅客鉄道,中央線,36.046878,137.970793,210,0.217
20382,沢,東海旅客鉄道,飯田線,35.936303,137.98547,713,1.781
20382,羽場,東海旅客鉄道,飯田線,35.953067,137.98517,360,0.213
20382,辰野,東日本旅客鉄道,中央線,35.984587,137.997315,874,0.093
20382,辰野,東海旅客鉄道,飯田線,35.984587,137.997315,0,0.093
20383,伊那松島,東海旅客鉄道,飯田線,35.913853,137.988667,929,2.29
20384,七久保,東海旅客鉄道,飯田線,35.654681,137.911377,276,1.938
20384,伊那本郷,東海旅客鉄道,飯田線,35.665386,137.932491,67,0.352
20384,田切,東海旅客鉄道,飯田線,35.695585,137.933035,51,0.244
20384,飯島,東海旅客鉄道,飯田線,35.677588,137.928994,470,1.728
20384,高遠原,東海旅客鉄道,飯田線,35.644638,137.900541,35,1.798
20385,北殿,東海旅客鉄道,飯田線,35.879506,137.984076,534,0.359
20385,木ノ下,東海旅客鉄道,飯田線,35.900836,137.988002,746,1.382
20386,上片桐,東海旅客鉄道,飯田線,35.6175,137.90406,605,2.335
20386,伊那田島,東海旅客鉄道,飯田線,35.627442,137.91024,45,1.128
20388,大田切,東海旅客鉄道,飯田線,35.748167,137.94013,226,0.395
20388,宮田,東海旅客鉄道,飯田線,35.767269,137.938864,541,0.353
20388,赤木,東海旅客鉄道,飯田線,35.777941,137.94395,95,0.825
20402,伊那大島,東海旅客鉄道,飯田線,35.59571,137.913222,595,0.444
20402,山吹,東海旅客鉄道,飯田線,35.577789,137.90333,133,1.821
20403,下市田,東海旅客鉄道,飯田線,35.544187,137.876379,171,0.138
20403,下平,東海旅客鉄道,飯田線,35.572588,137.895906,193,1.718
20403,市田,東海旅客鉄道,飯田線,35.549355,137.886572,731,1.177
20404,田本,東海旅客鉄道,飯田線,35.348981,137.837927,2,1.23
20407,飯沼,明知鉄道,明知線,35.41859,137.461345,18,18.212
20410,山岡,明知鉄道,明知線,35.350153,137.395706,106,17.893
20410,岩村,明知鉄道,明知線,35.368633,137.43418,177,16.073
20410,明智,明知鉄道,明知線,35.305985,137.387359,275,16.423
20410,極楽,明知鉄道,明知線,35.379656,137.432506,62,16.968
20410,花白温泉,明知鉄道,明知線,35.355019,137.407293,22,17.28
20410,野志,明知鉄道,明知線,35.322146,137.389333,7,16.895
20410,釜戸,東海旅客鉄道,中央線,35.411228,137.305241,463,28.417
20410,阿木,明知鉄道,明知線,35.39958,137.459135,296,16.905
20410,飯羽間,明知鉄道,明知線,35.387231,137.437484,32,17.202
20413,中井侍,東海旅客鉄道,飯田線,35.235928,137.834945,3,3.782
20413,伊那小沢,東海旅客鉄道,飯田線,35.254083,137.834752,2,2.645
20413,小和田,東海旅客鉄道,飯田線,35.209897,137.835996,8,5.786
20413,平岡,東海旅客鉄道,飯田線,35.273618,137.853656,83,1.185
20413,鶯巣,東海旅客鉄道,飯田線,35.267346,137.832584,3,2.58
20414,唐笠,東海旅客鉄道,飯田線,35.402326,137.810225,11,0.855
20414,温田,東海旅客鉄道,飯田線,35.336256,137.841361,301,0.409
20414,為栗,東海旅客鉄道,飯田線,35.311728,137.84857,2,1.196
20414,門島,東海旅客鉄道,飯田線,35.375352,137.814066,9,1.216
20422,上松,東海旅客鉄道,中央線,35.784085,137.693281,255,0.111
20422,倉本,東海旅客鉄道,中央線,35.732945,137.714331,25,2.656
20423,上麻生,東海旅客鉄道,高山線,35.541271,137.118688,96,38.974
20423,中津川,東海旅客鉄道,中央線,35.50016,137.502823,6030,11.658
20423,十二兼,東海旅客鉄道,中央線,35.64537,137.61755,31,2.761
20423,南木曽,東海旅客鉄道,中央線,35.599078,137.608716,523,3.383
20423,坂下,東海旅客鉄道,中央線,35.574246,137.531126,570,3.206
20423,恵那,明知鉄道,明知線,35.455094,137.407787,672,20.364
20423,恵那,東海旅客鉄道,中央線,35.455094,137.407787,5493,20.364
20423,東野,明知鉄道,明知線,35.446267,137.428815,32,20.114
20423,武並,東海旅客鉄道,中央線,35.437928,137.354121,781,24.962
20423,田立,東海旅客鉄道,中央線,35.588242,137.549021,129,1.548
20423,白川口,東海旅客鉄道,高山線,35.57936,137.184842,298,32.498
20423,美乃坂本,東海旅客鉄道,中央線,35.479264,137.450359,2365,15.965
20423,落合川,東海旅客鉄道,中央線,35.525206,137.53001,40,8.028
20429,上呂,東海旅客鉄道,高山線,35.910968,137.204669,60,24.74
20429,下呂,東海旅客鉄道,高山線,35.805963,137.239516,1638,19.095
20429,下油井,東海旅客鉄道,高山線,35.633285,137.183125,45,31.369
20429,久々野,東海旅客鉄道,高山線,36.052326,137.276831,90,28.21
20429,渚,東海旅客鉄道,高山線,36.001445,137.287946,3,23.763
20429,焼石,東海旅客鉄道,高山線,35.725629,137.200613,27,24.593
20429,禅昌寺,東海旅客鉄道,高山線,35.849109,137.225246,6,20.755
20429,飛騨宮田,東海旅客鉄道,高山線,35.928432,137.235568,52,23.286
20429,飛騨小坂,東海旅客鉄道,高山線,35.950774,137.256854,97,23.266
20429,飛騨萩原,東海旅客鉄道,高山線,35.874574,137.213874,578,22.456
20429,飛騨金山,東海旅客鉄道,高山線,35.662492,137.164392,281,30.81
20430,大桑,東海旅客鉄道,中央線,35.684455,137.664113,77,3.891
20430,野尻,東海旅客鉄道,中央線,35.673544,137.636847,104,4.464
20430,須原,東海旅客鉄道,中央線,35.697839,137.694933,51,2.016
20432,原野,東海旅客鉄道,中央線,35.871264,137.741539,61,2.445
20432,宮ノ越,東海旅客鉄道,中央線,35.888436,137.763906,74,2.503
20432,木曽福島,東海旅客鉄道,中央線,35.843734,137.693388,1178,0.057
20432,飛騨一ノ宮,東海旅客鉄道,高山線,36.088367,137.247648,43,32.595
20432,高山,東海旅客鉄道,高山線,36.140682,137.251403,2576,35.141
20446,聖高原,東日本旅客鉄道,篠ノ井線,36.455065,138.04759,416,0.367
20452,冠着,東日本旅客鉄道,篠ノ井線,36.456653,138.079219,90,2.133
20452,坂北,東日本旅客鉄道,篠ノ井線,36.430709,138.015747,200,2.046
20452,西条,東日本旅客鉄道,篠ノ井線,36.400456,138.012486,298,1.618
20482,信濃松川,東日本旅客鉄道,大糸線,36.424477,137.85857,934,0.22
20482,北細野,東日本旅客鉄道,大糸線,36.406432,137.862732,0,0.508
20482,細野,東日本旅客鉄道,大糸線,36.397071,137.865779,0,0.416
20485,信濃森上,東日本旅客鉄道,大糸線,36.711005,137.871938,0,2.985
20485,南神城,東日本旅客鉄道,大糸線,36.637174,137.84164,0,1.831
20485,小屋平,黒部峡谷鉄道,本線,36.711091,137.647083,0,17.075
20485,欅平,黒部峡谷鉄道,本線,36.696789,137.658134,1421,16.141
20485,白馬,東日本旅客鉄道,大糸線,36.696004,137.863891,542,2.643
20485,神城,東日本旅客鉄道,大糸線,36.658264,137.846618,66,0.729
20485,飯森,東日本旅客鉄道,大糸線,36.670605,137.850158,0,2.04
20486,中土,西日本旅客鉄道,大糸線,36.805608,137.907901,2,1.886
20486,北小谷,西日本旅客鉄道,大糸線,36.842572,137.906442,2,2.62
20486,千国,東日本旅客鉄道,大糸線,36.763246,137.900841,0,1.574
20486,南小谷,東日本旅客鉄道,大糸線,36.774625,137.908373,162,2.491
20486,南小谷,西日本旅客鉄道,大糸線,36.774625,137.908373,0,2.491
20486,白馬大池,東日本旅客鉄道,大糸線,36.73995,137.885542,0,2.335
20521,テクノさかき,しなの鉄道,しなの鉄道線,36.440584,138.188181,826,1.742
20521,坂城,しなの鉄道,しなの鉄道線,36.461986,138.181465,1340,0.992
20541,小布施,長野電鉄,長野線,36.698997,138.312786,1622,0.241
20541,都住,長野電鉄,長野線,36.704055,138.322163,214,0.635
20561,上条,長野電鉄,長野線,36.749613,138.407607,35,0.862
20561,夜間瀬,長野電鉄,長野線,36.75998,138.403358,101,1.7
20561,湯田中,長野電鉄,長野線,36.741635,138.414881,1050,0.425
20563,上境,東日本旅客鉄道,飯山線,36.93799,138.419044,0,1.158
20563,上桑名川,東日本旅客鉄道,飯山線,36.96294,138.441424,0,1.385
20563,桑名川,東日本旅客鉄道,飯山線,36.975884,138.457947,0,1.847
20563,西大滝,東日本旅客鉄道,飯山線,36.979227,138.480842,0,2.232
20583,古間,しなの鉄道,北しなの線,36.792561,138.230467,255,1.156
20583,黒姫,しなの鉄道,北しなの線,36.807326,138.197107,467,2.093
20590,牟礼,しなの鉄道,北しなの線,36.753224,138.246782,947,1.22
20602,信濃白鳥,東日本旅客鉄道,飯山線,36.983598,138.503051,10,3.164
20602,平滝,東日本旅客鉄道,飯山線,36.986049,138.533757,8,2.091
20602,森宮野原,東日本旅客鉄道,飯山線,36.989442,138.577445,26,1.724
20602,横倉,東日本旅客鉄道,飯山線,36.979912,138.550344,12,2.266
22101,井川,大井川鐵道,井川線,35.212281,138.22114,81,0.995
22101,古庄,静岡鉄道,静岡清水線,34.992879,138.419602,3046,0.15
22101,新静岡,静岡鉄道,静岡清水線,34.975861,138.387651,15754,0.047
22101,日吉町,静岡鉄道,静岡清水線,34.977039,138.391192,1251,0.15
22101,春日町,静岡鉄道,静岡清水線,34.978428,138.400633,1516,0.077
22101,柚木,静岡鉄道,静岡清水線,34.982102,138.406169,2606,0.167
22101,長沼,静岡鉄道,静岡清水線,34.989117,138.412886,2122,0.173
22101,静岡,東海旅客鉄道,東海道新幹線,34.971694,138.389604,0,0.111
22101,静岡,東海旅客鉄道,東海道線,34.971799,138.388917,107931,0.048
22101,音羽町,静岡鉄道,静岡清水線,34.97841,138.395848,1537,0.13
22102,安倍川,東海旅客鉄道,東海道線,34.940953,138.364091,9071,0.162
22102,東静岡,東海旅客鉄道,東海道線,34.983896,138.412628,15902,0.275
22102,用宗,東海旅客鉄道,東海道線,34.921865,138.359327,2667,0.15
22102,県総合運動場,静岡鉄道,静岡清水線,34.993424,138.430202,3169,0.243
22103,入江岡,静岡鉄道,静岡清水線,35.015042,138.4814,636,0.113
22103,御門台,静岡鉄道,静岡清水線,35.007907,138.452539,2377,0.109
22103,新清水,静岡鉄道,静岡清水線,35.017028,138.487473,5291,0.093
22103,新蒲原,東海旅客鉄道,東海道線,35.119382,138.608043,2397,0.104
22103,桜橋,静岡鉄道,静岡清水線,35.013074,138.477495,3884,0.138
22103,清水,東海旅客鉄道,東海道線,35.023407,138.489103,19323,0.238
22103,狐ヶ崎,静岡鉄道,静岡清水線,35.01144,138.459728,4204,0.152
22103,由比,東海旅客鉄道,東海道線,35.097124,138.552833,1574,0.638
22103,県立美術館前,静岡鉄道,静岡清水線,34.997502,138.438077,1718,0.19
22103,興津,東海旅客鉄道,東海道線,35.052501,138.521912,3650,0.508
22103,草薙,東海旅客鉄道,東海道線,35.002195,138.440909,21570,0.215
22103,草薙,静岡鉄道,静岡清水線,35.001404,138.442562,6426,0.136
22103,蒲原,東海旅客鉄道,東海道線,35.114046,138.582873,1226,1.225
22131,上島,遠州鉄道,鉄道線,34.741489,137.745552,3232,0.271
22131,八幡,遠州鉄道,鉄道線,34.717065,137.735982,1916,0.195
22131,助信,遠州鉄道,鉄道線,34.72359,137.738471,2333,0.286
22131,新浜松,遠州鉄道,鉄道線,34.703412,137.732463,14957,0.106
22131,曳馬,遠州鉄道,鉄道線,34.733219,137.741454,2442,0.23
22131,浜松,東海旅客鉄道,東海道新幹線,34.703729,137.735338,0,0.214
22131,浜松,東海旅客鉄道,東海道線,34.70407,137.735181,67370,0.219
22131,第一通り,遠州鉄道,鉄道線,34.707557,137.732871,2809,0.195
22131,自動車学校前,遠州鉄道,鉄道線,34.747607,137.751646,1910,0.522
22131,遠州病院,遠州鉄道,鉄道線,34.710574,137.733428,2159,0.009
22132,さぎの宮,遠州鉄道,鉄道線,34.757269,137.757332,2012,0.9
22132,積志,遠州鉄道,鉄道線,34.768075,137.763405,1770,0.193
22132,遠州西ヶ崎,遠州鉄道,鉄道線,34.776782,137.773898,1836,0.604
22133,弁天島,東海旅客鉄道,東海道線,34.690145,137.603095,1372,0.739
22133,舞阪,東海旅客鉄道,東海道線,34.685681,137.626333,4859,0.58
22134,天竜川,東海旅客鉄道,東海道線,34.717065,137.779412,5688,0.204
22134,高塚,東海旅客鉄道,東海道線,34.690427,137.681351,6029,0.024
22135,フルーツパーク,天竜浜名湖鉄道,天竜浜名湖線,34.834377,137.732205,28,1.428
22135,三ヶ日,天竜浜名湖鉄道,天竜浜名湖線,34.802563,137.551789,364,0.533
22135,三河一宮,東海旅客鉄道,飯田線,34.847938,137.414589,1484,9.583
22135,三河上郷,愛知環状鉄道,愛知環状鉄道線,35.012406,137.132764,1990,40.559
22135,三河大野,東海旅客鉄道,飯田線,34.951981,137.603009,251,6.76
22135,三河川合,東海旅客鉄道,飯田線,35.001703,137.66397,50,7.436
22135,三河東郷,東海旅客鉄道,飯田線,34.912241,137.527306,138,8.811
22135,三河槙原,東海旅客鉄道,飯田線,34.988554,137.620904,22,7.825
22135,中岡崎,愛知環状鉄道,愛知環状鉄道線,34.956342,137.152784,4229,36.139
22135,八幡,名古屋鉄道,豊川線,34.829076,137.352061,3575,14.281
22135,六名,愛知環状鉄道,愛知環状鉄道線,34.941287,137.151883,1414,35.597
22135,北岡崎,愛知環状鉄道,愛知環状鉄道線,34.972256,137.157698,3677,36.46
22135,北野桝塚,愛知環状鉄道,愛知環状鉄道線,34.996271,137.139502,2022,39.15
22135,名電山中,名古屋鉄道,名古屋本線,34.899518,137.242692,829,26.196
22135,名電赤坂,名古屋鉄道,名古屋本線,34.859331,137.311163,1060,18.754
22135,名電長沢,名古屋鉄道,名古屋本線,34.871461,137.288396,562,21.162
22135,国府,名古屋鉄道,豊川線,34.83746,137.328136,0,16.607
22135,国府,名古屋鉄道,名古屋本線,34.83746,137.328136,9607,16.607
22135,大海,東海旅客鉄道,飯田線,34.930152,137.549,195,9.138
22135,大門,愛知環状鉄道,愛知環状鉄道線,34.982577,137.154737,2750,37.213
22135,奥浜名湖,天竜浜名湖鉄道,天竜浜名湖線,34.795004,137.545867,54,0.447
22135,宇頭,名古屋鉄道,名古屋本線,34.971307,137.118108,3160,39.698
22135,寸座,天竜浜名湖鉄道,天竜浜名湖線,34.790052,137.612536,11,1.148
22135,尾奈,天竜浜名湖鉄道,天竜浜名湖線,34.783919,137.541726,63,0.505
22135,岡地,天竜浜名湖鉄道,天竜浜名湖線,34.812288,137.665665,194,0.577
22135,岡崎,愛知環状鉄道,愛知環状鉄道線,34.925349,137.157269,0,34.488
22135,岡崎,東海旅客鉄道,東海道線,34.925349,137.157269,42263,34.488
22135,岡崎公園前,名古屋鉄道,名古屋本線,34.954935,137.153428,4970,36.024
22135,常葉大学前,天竜浜名湖鉄道,天竜浜名湖線,34.819916,137.709267,42,0.954
22135,幸田,東海旅客鉄道,東海道線,34.859665,137.164435,7308,31.738
22135,御油,名古屋鉄道,名古屋本線,34.846054,137.321506,632,17.422
22135,新城,東海旅客鉄道,飯田線,34.901067,137.493017,1253,8.295
22135,本宿,名古屋鉄道,名古屋本線,34.892918,137.259986,5886,24.457
22135,本長篠,東海旅客鉄道,飯田線,34.932632,137.576637,405,7.484
22135,東上,東海旅客鉄道,飯田線,34.876126,137.455187,284,7.713
22135,東岡崎,名古屋鉄道,名古屋本線,34.952033,137.167439,35057,34.722
22135,東新町,東海旅客鉄道,飯田線,34.906153,137.503059,1150,8.656
22135,東都筑,天竜浜名湖鉄道,天竜浜名湖線,34.79044,137.586615,80,0.529
22135,柿平,東海旅客鉄道,飯田線,34.990541,137.644036,5,6.818
22135,気賀,天竜浜名湖鉄道,天竜浜名湖線,34.807197,137.651932,148,0.799
22135,永覚,愛知環状鉄道,愛知環状鉄道線,35.027466,137.138987,511,40.944
22135,江島,東海旅客鉄道,飯田線,34.86787,137.44154,138,8.152
22135,浜名湖佐久米,天竜浜名湖鉄道,天竜浜名湖線,34.789242,137.599254,50,0.26
22135,湯谷温泉,東海旅客鉄道,飯田線,34.970551,137.613051,100,7.049
22135,男川,名古屋鉄道,名古屋本線,34.937452,137.18334,4403,32.766
22135,相見,東海旅客鉄道,東海道線,34.888043,137.160273,3223,32.847
22135,矢作橋,名古屋鉄道,名古屋本線,34.961055,137.139974,6507,37.418
22135,稲荷口,名古屋鉄道,豊川線,34.818419,137.387745,1065,10.875
22135,美合,名古屋鉄道,名古屋本線,34.923695,137.196343,6772,31.119
22135,茶臼山,東海旅客鉄道,飯田線,34.910358,137.514431,157,8.934
22135,藤川,名古屋鉄道,名古屋本線,34.913244,137.218573,5406,28.822
22135,西岡崎,東海旅客鉄道,東海道線,34.946616,137.123151,3393,38.26
22135,西気賀,天竜浜名湖鉄道,天竜浜名湖線,34.802369,137.621591,48,1.003
22135,諏訪町,名古屋鉄道,豊川線,34.823545,137.37045,4208,12.521
22135,豊川,東海旅客鉄道,飯田線,34.822558,137.397251,6030,10.093
22135,豊川稲荷,名古屋鉄道,豊川線,34.821766,137.395964,5025,10.193
22135,都田,天竜浜名湖鉄道,天竜浜名湖線,34.828248,137.718279,45,0.403
22135,都筑,天竜浜名湖鉄道,天竜浜名湖線,34.795832,137.574513,84,0.501
22135,野田城,東海旅客鉄道,飯田線,34.889293,137.477889,747,7.593
22135,金指,天竜浜名湖鉄道,天竜浜名湖線,34.816904,137.681179,679,0.706
22135,長山,東海旅客鉄道,飯田線,34.864419,137.431412,358,8.773
22135,長篠城,東海旅客鉄道,飯田線,34.925982,137.565093,79,7.955
22135,鳥居,東海旅客鉄道,飯田線,34.920827,137.55151,107,8.175
22136,宮口,天竜浜名湖鉄道,天竜浜名湖線,34.83045,137.773747,200,0.645
22136,岩水寺,天竜浜名湖鉄道,天竜浜名湖線,34.837706,137.792587,128,0.57
22136,浜北,遠州鉄道,鉄道線,34.791321,137.784348,3351,0.259
22136,美薗中央公園,遠州鉄道,鉄道線,34.798158,137.789755,1964,0.59
22136,遠州小松,遠州鉄道,鉄道線,34.784237,137.777867,1700,0.454
22136,遠州小林,遠州鉄道,鉄道線,34.808359,137.795548,2427,0.53
22136,遠州岩水寺,遠州鉄道,鉄道線,34.83436,137.801127,784,0.336
22136,遠州芝本,遠州鉄道,鉄道線,34.824056,137.798746,1265,0.547
22137,上市場,東海旅客鉄道,飯田線,35.0502,137.752419,17,2.844
22137,下川合,東海旅客鉄道,飯田線,35.069328,137.786386,9,0.677
22137,中部天竜,東海旅客鉄道,飯田線,35.085308,137.802844,135,0.621
22137,二俣本町,天竜浜名湖鉄道,天竜浜名湖線,34.859401,137.812779,78,0.633
22137,佐久間,東海旅客鉄道,飯田線,35.091874,137.809711,13,1.502
22137,出馬,東海旅客鉄道,飯田線,35.049339,137.744265,1,2.795
22137,向市場,東海旅客鉄道,飯田線,35.154074,137.86947,11,2.663
22137,城西,東海旅客鉄道,飯田線,35.131579,137.862024,10,1.255
22137,大嵐,東海旅客鉄道,飯田線,35.190469,137.818508,20,5.743
22137,天竜二俣,天竜浜名湖鉄道,天竜浜名湖線,34.859137,137.82001,290,0.712
22137,早瀬,東海旅客鉄道,飯田線,35.060564,137.775099,3,1.766
22137,東栄,東海旅客鉄道,飯田線,35.028977,137.713859,106,3.348
22137,水窪,東海旅客鉄道,飯田線,35.163336,137.8705,57,3.337
22137,池場,東海旅客鉄道,飯田線,35.024391,137.704031,3,4.209
22137,浦川,東海旅客鉄道,飯田線,35.056331,137.763577,71,2.744
22137,相月,東海旅客鉄道,飯田線,35.114906,137.854364,4,1.444
22137,西鹿島,天竜浜名湖鉄道,天竜浜名湖線,34.846758,137.80793,0,0.459
22137,西鹿島,遠州鉄道,鉄道線,34.846758,137.807951,3044,0.459
22203,原,東海旅客鉄道,東海道線,35.124928,138.793352,3875,0.508
22203,大岡,東海旅客鉄道,御殿場線,35.1161,138.88195,2482,0.579
22203,沼津,東海旅客鉄道,御殿場線,35.103058,138.860557,0,0.049
22203,沼津,東海旅客鉄道,東海道線,35.103058,138.860557,37007,0.049
22203,沼津,東海旅客鉄道,御殿場線,35.103286,138.859656,0,0.109
22203,片浜,東海旅客鉄道,東海道線,35.118241,138.818972,4441,0.302
22205,伊豆多賀,東日本旅客鉄道,伊東線,35.059439,139.066894,0,1.451
22205,来宮,東日本旅客鉄道,伊東線,35.098721,139.065585,0,0.102
22205,熱海,東日本旅客鉄道,東海道線,35.1039,139.077945,21674,0.07
22205,熱海,東日本旅客鉄道,伊東線,35.103567,139.077816,0,0.035
22205,熱海,東日本旅客鉄道,東海道線,35.103567,139.077816,0,0.035
22205,熱海,東海旅客鉄道,東海道線,35.1039,139.077945,0,0.07
22205,熱海,東海旅客鉄道,東海道新幹線,35.104418,139.07817,9726,0.129
22205,網代,東日本旅客鉄道,伊東線,35.043639,139.081035,0,1.294
22206,三島,伊豆箱根鉄道,駿豆線,35.125858,138.910639,15051,0.214
22206,三島,東海旅客鉄道,東海道線,35.126192,138.910811,55538,0.225
22206,三島,東海旅客鉄道,東海道新幹線,35.126718,138.909695,0,0.34
22206,三島,東海旅客鉄道,東海道新幹線,35.126508,138.909738,0,0.322
22206,三島二日町,伊豆箱根鉄道,駿豆線,35.111027,138.925939,2631,0.156
22206,三島広小路,伊豆箱根鉄道,駿豆線,35.119347,138.911219,3347,0.064
22206,三島田町,伊豆箱根鉄道,駿豆線,35.116223,138.918471,2263,0.122
22206,大場,伊豆箱根鉄道,駿豆線,35.09219,138.939393,4205,0.69
22207,富士宮,東海旅客鉄道,身延線,35.221187,138.615575,4335,0.121
22207,沼久保,東海旅客鉄道,身延線,35.199289,138.584268,10,1.179
22207,源道寺,東海旅客鉄道,身延線,35.214473,138.627119,1379,0.209
22207,稲子,東海旅客鉄道,身延線,35.230547,138.536932,15,0.372
22207,芝川,東海旅客鉄道,身延線,35.197255,138.56384,200,1.609
22207,西富士宮,東海旅客鉄道,身延線,35.225452,138.602543,2311,0.207
22208,伊東,伊豆急行,伊豆急行線,34.974823,139.092107,0,0.128
22208,伊東,東日本旅客鉄道,伊東線,34.974823,139.092107,13032,0.128
22208,伊豆大川,伊豆急行,伊豆急行線,34.843359,139.074061,179,2.322
22208,伊豆高原,伊豆急行,伊豆急行線,34.877464,139.108157,2609,2.067
22208,南伊東,伊豆急行,伊豆急行線,34.957749,139.08803,834,0.108
22208,城ヶ崎海岸,伊豆急行,伊豆急行線,34.89012,139.12189,392,1.654
22208,宇佐美,東日本旅客鉄道,伊東線,35.005622,139.07979,0,0.793
22208,富戸,伊豆急行,伊豆急行線,34.910042,139.131675,254,1.427
22208,川奈,伊豆急行,伊豆急行線,34.950873,139.12483,1107,0.815
22209,代官町,大井川鐵道,大井川本線,34.835434,138.126147,22,0.104
22209,六合,東海旅客鉄道,東海道線,34.836403,138.203588,5623,0.291
22209,合格,大井川鐵道,大井川本線,34.844821,138.120825,25,0.386
22209,大和田,大井川鐵道,大井川本線,34.921091,138.08218,4,1.405
22209,家山,大井川鐵道,大井川本線,34.940073,138.07776,628,1.962
22209,島田,東海旅客鉄道,東海道線,34.83015,138.17344,9672,0.112
22209,川根温泉笹間渡,大井川鐵道,大井川本線,34.962286,138.086193,55,0.939
22209,抜里,大井川鐵道,大井川本線,34.953388,138.087738,1,1.41
22209,新金谷,大井川鐵道,大井川本線,34.825747,138.137648,652,0.281
22209,日切,大井川鐵道,大井川本線,34.838886,138.122499,16,0.365
22209,神尾,大井川鐵道,大井川本線,34.883079,138.101728,2,0.509
22209,福用,大井川鐵道,大井川本線,34.901876,138.090141,17,1.49
22209,金谷,大井川鐵道,大井川本線,34.819229,138.125825,289,0.197
22209,金谷,東海旅客鉄道,東海道線,34.819229,138.125825,3108,0.197
22209,門出,大井川鐵道,大井川本線,34.850122,138.119366,35,0.383
22210,ジヤトコ前,岳南電車,岳南鉄道線,35.157775,138.690054,167,0.12
22210,入山瀬,東海旅客鉄道,身延線,35.188347,138.647525,1643,0.194
22210,吉原,岳南電車,岳南鉄道線,35.144442,138.701234,1711,0.09
22210,吉原,東海旅客鉄道,東海道線,35.143898,138.702629,6014,0.058
22210,吉原本町,岳南電車,岳南鉄道線,35.160775,138.689733,826,0.183
22210,富士,東海旅客鉄道,身延線,35.151249,138.652096,0,0.142
22210,富士,東海旅客鉄道,東海道線,35.151249,138.652096,14183,0.142
22210,富士川,東海旅客鉄道,東海道線,35.141143,138.618708,2479,0.387
22210,富士根,東海旅客鉄道,身延線,35.205268,138.635616,924,0.541
22210,岳南原田,岳南電車,岳南鉄道線,35.16609,138.704603,237,0.213
22210,岳南富士岡,岳南電車,岳南鉄道線,35.160951,138.7234,254,1.286
22210,岳南江尾,岳南電車,岳南鉄道線,35.155249,138.751831,167,0.587
22210,新富士,東海旅客鉄道,東海道新幹線,35.142125,138.663425,8292,0.136
22210,本吉原,岳南電車,岳南鉄道線,35.161968,138.692801,285,0.157
22210,東田子の浦,東海旅客鉄道,東海道線,35.136265,138.74548,1573,0.177
22210,柚木,東海旅客鉄道,身延線,35.157302,138.639114,854,0.241
22210,比奈,岳南電車,岳南鉄道線,35.161477,138.713636,113,1.158
22210,神谷,岳南電車,岳南鉄道線,35.160986,138.743033,111,0.165
22210,竪堀,東海旅客鉄道,身延線,35.168073,138.645787,2056,0.42
22210,須津,岳南電車,岳南鉄道線,35.160477,138.733935,182,0.818
22211,上野部,天竜浜名湖鉄道,天竜浜名湖線,34.847234,137.830031,12,0.882
22211,御厨,東海旅客鉄道,東海道線,34.71867,137.885628,4496,0.588
22211,敷地,天竜浜名湖鉄道,天竜浜名湖線,34.82661,137.864149,46,0.384
22211,磐田,東海旅客鉄道,東海道線,34.710221,137.852283,11464,0.181
22211,豊岡,天竜浜名湖鉄道,天竜浜名湖線,34.83716,137.839751,115,0.437
22211,豊田町,東海旅客鉄道,東海道線,34.712091,137.819796,5051,0.211
22212,焼津,東海旅客鉄道,東海道線,34.872289,138.318472,15466,0.167
22212,西焼津,東海旅客鉄道,東海道線,34.859806,138.285599,10592,0.031
22213,いこいの広場,天竜浜名湖鉄道,天竜浜名湖線,34.788078,137.963798,189,0.334
22213,原田,天竜浜名湖鉄道,天竜浜名湖線,34.82018,137.952898,28,0.344
22213,原谷,天竜浜名湖鉄道,天竜浜名湖線,34.808465,137.955,201,0.314
22213,掛川,天竜浜名湖鉄道,天竜浜名湖線,34.769397,138.014567,1548,0.181
22213,掛川,東海旅客鉄道,東海道新幹線,34.76915,138.015125,0,0.162
22213,掛川,東海旅客鉄道,東海道線,34.769397,138.014567,21187,0.181
22213,掛川市役所前,天竜浜名湖鉄道,天竜浜名湖線,34.770348,138.000062,149,0.162
22213,桜木,天竜浜名湖鉄道,天竜浜名湖線,34.778245,137.972724,228,0.39
22213,細谷,天竜浜名湖鉄道,天竜浜名湖線,34.792748,137.961631,98,0.318
22213,西掛川,天竜浜名湖鉄道,天竜浜名湖線,34.771988,137.995062,201,0.331
22214,藤枝,東海旅客鉄道,東海道線,34.849558,138.252854,20395,0.109
22215,南御殿場,東海旅客鉄道,御殿場線,35.277227,138.925724,541,0.24
22215,富士岡,東海旅客鉄道,御殿場線,35.254889,138.919652,1841,0.331
22215,御殿場,東海旅客鉄道,御殿場線,35.299943,138.934221,8700,0.608
22216,愛野,東海旅客鉄道,東海道線,34.752456,137.961845,5844,0.146
22216,袋井,東海旅客鉄道,東海道線,34.741419,137.925968,9308,0.241
22216,遠江一宮,天竜浜名湖鉄道,天竜浜名湖線,34.818049,137.889104,112,1.129
22219,伊豆急下田,伊豆急行,伊豆急行線,34.6797,138.944285,3171,0.135
22219,稲梓,伊豆急行,伊豆急行線,34.722056,138.949413,33,0.827
22219,蓮台寺,伊豆急行,伊豆急行線,34.69946,138.941281,462,0.421
22220,岩波,東海旅客鉄道,御殿場線,35.214993,138.919244,3302,0.249
22220,裾野,東海旅客鉄道,御殿場線,35.171335,138.909266,4383,0.423
22221,こどもの国,名古屋鉄道,蒲郡線,34.788607,137.16274,161,30.271
22221,やぐま台,豊橋鉄道,渥美線,34.673788,137.309146,369,16.85
22221,アスモ前,天竜浜名湖鉄道,天竜浜名湖線,34.727893,137.494175,18,0.562
22221,三ヶ根,東海旅客鉄道,東海道線,34.836332,137.176688,1729,30.013
22221,三河三谷,東海旅客鉄道,東海道線,34.818525,137.248034,3446,23.215
22221,三河塩津,東海旅客鉄道,東海道線,34.82543,137.201471,2660,27.527
22221,三河大塚,東海旅客鉄道,東海道線,34.815759,137.282882,2254,20.057
22221,三河田原,豊橋鉄道,渥美線,34.666941,137.26902,2748,20.577
22221,三河鹿島,名古屋鉄道,蒲郡線,34.813328,137.189713,653,28.31
22221,下地,東海旅客鉄道,飯田線,34.780959,137.370644,339,11.434
22221,二川,東海旅客鉄道,東海道線,34.725795,137.438879,5486,4.16
22221,井原,豊橋鉄道,東田本線,34.764197,137.421842,932,6.698
22221,伊奈,名古屋鉄道,名古屋本線,34.80281,137.354808,3180,13.345
22221,前畑,豊橋鉄道,東田本線,34.765765,137.404504,218,8.269
22221,南栄,豊橋鉄道,渥美線,34.735564,137.385836,3434,9.115
22221,向ヶ丘,豊橋鉄道,渥美線,34.706146,137.367682,665,10.776
22221,大森,天竜浜名湖鉄道,天竜浜名湖線,34.737874,137.509711,57,0.942
22221,大清水,豊橋鉄道,渥美線,34.69595,137.358863,2693,11.794
22221,小坂井,東海旅客鉄道,飯田線,34.797612,137.363133,881,12.457
22221,小池,豊橋鉄道,渥美線,34.748877,137.388067,843,9.232
22221,小田渕,名古屋鉄道,名古屋本線,34.814772,137.345624,531,14.562
22221,市役所前,豊橋鉄道,東田本線,34.767264,137.393067,750,9.308
22221,形原,名古屋鉄道,蒲郡線,34.798405,137.184627,754,28.531
22221,愛知大学前,豊橋鉄道,渥美線,34.741595,137.385921,4919,9.229
22221,愛知御津,東海旅客鉄道,東海道線,34.812588,137.31657,2434,17.001
22221,新居町,東海旅客鉄道,東海道線,34.694274,137.568998,3430,0.812
22221,新川,豊橋鉄道,東田本線,34.762892,137.389483,244,9.567
22221,新所原,天竜浜名湖鉄道,天竜浜名湖線,34.723273,137.484455,547,0.059
22221,新所原,東海旅客鉄道,東海道線,34.723273,137.484455,7150,0.059
22221,新豊橋,豊橋鉄道,渥美線,34.762257,137.383368,16327,10.064
22221,札木,豊橋鉄道,東田本線,34.764479,137.390277,332,9.567
22221,杉山,豊橋鉄道,渥美線,34.680317,137.320755,410,15.618
22221,東八町,豊橋鉄道,東田本線,34.765871,137.400727,588,8.613
22221,東幡豆,名古屋鉄道,蒲郡線,34.789559,137.145939,318,31.787
22221,東田,豊橋鉄道,東田本線,34.765325,137.413709,371,7.431
22221,東田坂上,豊橋鉄道,東田本線,34.76573,137.408409,1290,7.912
22221,柳生橋,豊橋鉄道,渥美線,34.754871,137.388604,1169,9.351
22221,植田,豊橋鉄道,渥美線,34.710979,137.37324,666,10.199
22221,牛久保,東海旅客鉄道,飯田線,34.808571,137.381716,1682,11.246
22221,知波田,天竜浜名湖鉄道,天竜浜名湖線,34.753813,137.512093,121,1.019
22221,神戸,豊橋鉄道,渥美線,34.667982,137.277367,355,19.814
22221,競輪場前,豊橋鉄道,東田本線,34.765007,137.417293,696,7.106
22221,老津,豊橋鉄道,渥美線,34.692209,137.33496,536,14.016
22221,船町,東海旅客鉄道,飯田線,34.775724,137.374055,516,11.069
22221,芦原,豊橋鉄道,渥美線,34.718387,137.380192,638,9.503
22221,蒲郡,名古屋鉄道,蒲郡線,34.82277,137.225697,2379,25.308
22221,蒲郡,東海旅客鉄道,東海道線,34.822752,137.227392,14260,25.157
22221,蒲郡競艇場前,名古屋鉄道,蒲郡線,34.82543,137.202115,375,27.47
22221,西小坂井,東海旅客鉄道,東海道線,34.79703,137.352684,2016,13.366
22221,西幡豆,名古屋鉄道,蒲郡線,34.792466,137.121348,501,34.048
22221,西浦,名古屋鉄道,蒲郡線,34.789964,137.178705,601,28.893
22221,豊島,豊橋鉄道,渥美線,34.667629,137.293696,316,18.408
22221,豊橋,名古屋鉄道,名古屋本線,34.762275,137.382553,0,10.134
22221,豊橋,東海旅客鉄道,東海道新幹線,34.762892,137.381158,0,10.278
22221,豊橋,東海旅客鉄道,東海道線,34.762275,137.382553,83713,10.134
22221,豊橋,東海旅客鉄道,飯田線,34.762275,137.382553,0,10.134
22221,豊橋公園前,豊橋鉄道,東田本線,34.766735,137.395856,287,9.054
22221,赤岩口,豊橋鉄道,東田本線,34.763403,137.429116,1112,6.044
22221,運動公園前,豊橋鉄道,東田本線,34.758503,137.4224,768,6.627
22221,駅前,豊橋鉄道,東田本線,34.763632,137.383132,5788,10.138
22221,駅前大通,豊橋鉄道,東田本線,34.763086,137.386072,278,9.865
22221,高師,豊橋鉄道,渥美線,34.7271,137.381716,2575,9.378
22221,鷲津,東海旅客鉄道,東海道線,34.716782,137.546189,5574,0.378
22222,修善寺,伊豆箱根鉄道,駿豆線,34.979272,138.95098,3865,0.471
22222,牧之郷,伊豆箱根鉄道,駿豆線,34.988853,138.954413,471,0.427
22224,菊川,東海旅客鉄道,東海道線,34.761782,138.085656,7476,0.406
22225,伊豆長岡,伊豆箱根鉄道,駿豆線,35.0398,138.947504,4162,0.213
22225,原木,伊豆箱根鉄道,駿豆線,35.065481,138.943706,552,0.095
22225,大仁,伊豆箱根鉄道,駿豆線,34.994373,138.937461,2061,0.253
22225,田京,伊豆箱根鉄道,駿豆線,35.014568,138.945787,2180,0.785
22225,韮山,伊豆箱根鉄道,駿豆線,35.053292,138.945529,2781,0.15
22301,伊豆北川,伊豆急行,伊豆急行線,34.827279,139.075713,49,2.827
22301,伊豆熱川,伊豆急行,伊豆急行線,34.81708,139.069297,900,2.885
22301,伊豆稲取,伊豆急行,伊豆急行線,34.774561,139.037368,1190,1.261
22301,片瀬白田,伊豆急行,伊豆急行線,34.801841,139.061229,216,2.945
22302,今井浜海岸,伊豆急行,伊豆急行線,34.753707,139.004667,214,1.226
22302,河津,伊豆急行,伊豆急行線,34.747431,138.995912,1386,1.422
22325,伊豆仁田,伊豆箱根鉄道,駿豆線,35.078758,138.941581,2913,0.534
22325,函南,東海旅客鉄道,東海道線,35.10871,138.9713,2985,0.409
22325,十国峠山頂,十国峠,十国鋼索線,35.127666,139.040823,824,2.149
22325,十国峠山麓,十国峠,十国鋼索線,35.127683,139.037433,824,1.842
22342,下土狩,東海旅客鉄道,御殿場線,35.128485,138.895097,2538,0.383
22342,長泉なめり,東海旅客鉄道,御殿場線,35.147354,138.899331,1884,0.34
22344,足柄,東海旅客鉄道,御殿場線,35.332072,138.98175,775,1.183
22344,駿河小山,東海旅客鉄道,御殿場線,35.359201,138.997757,634,1.466
22429,ひらんだ,大井川鐵道,井川線,35.16488,138.168011,1,3.943
22429,アプトいちしろ,大井川鐵道,井川線,35.167581,138.144665,10,2.936
22429,下泉,大井川鐵道,大井川本線,35.022124,138.090119,8,1.599
22429,千頭,大井川鐵道,井川線,35.107762,138.136919,0,0.937
22429,千頭,大井川鐵道,大井川本線,35.107762,138.136919,374,0.937
22429,土本,大井川鐵道,井川線,35.136037,138.139172,1,0.717
22429,地名,大井川鐵道,大井川本線,34.986005,138.087287,4,0.066
22429,塩郷,大井川鐵道,大井川本線,34.997642,138.090656,4,1.316
22429,奥大井湖上,大井川鐵道,井川線,35.16781,138.180649,151,2.816
22429,奥泉,大井川鐵道,井川線,35.149775,138.147776,117,2.111
22429,尾盛,大井川鐵道,井川線,35.1921,138.174469,1,1.92
22429,崎平,大井川鐵道,大井川本線,35.091839,138.127477,5,0.818
22429,川根両国,大井川鐵道,井川線,35.116819,138.140588,1,1.612
22429,川根小山,大井川鐵道,井川線,35.141739,138.141038,1,1.224
22429,接岨峡温泉,大井川鐵道,井川線,35.178825,138.185284,104,2.537
22429,沢間,大井川鐵道,井川線,35.124717,138.134344,1,1.133
22429,田野口,大井川鐵道,大井川本線,35.051324,138.095484,7,0.708
22429,長島ダム,大井川鐵道,井川線,35.16895,138.157153,25,3.057
22429,閑蔵,大井川鐵道,井川線,35.191749,138.194232,38,2.487
22429,青部,大井川鐵道,大井川本線,35.089539,138.115482,5,0.561
22429,駿河徳山,大井川鐵道,大井川本線,35.074701,138.110547,41,1.206
22461,円田,天竜浜名湖鉄道,天竜浜名湖線,34.820815,137.907536,62,0.44
22461,戸綿,天竜浜名湖鉄道,天竜浜名湖線,34.831401,137.931075,196,0.704
22461,森町病院前,天竜浜名湖鉄道,天竜浜名湖線,34.826117,137.917707,103,0.341
22461,遠州森,天竜浜名湖鉄道,天竜浜名湖線,34.831119,137.924273,540,0.392
